name,ratings,price,imgURL,camera,display,battery,storage,ram,processor,android_version
"SAMSUNG Galaxy F13 (Sunrise Copper, 64 GB)",4.3,9499,https://rukminim2.flixcart.com/image/312/312/xif0q/mobile/x/x/s/-original-imagfhu6dcpdnqkh.jpeg?q=70,50,other_types,6000,64,4,not mentioned,12
"SAMSUNG Galaxy F13 (Waterfall Blue, 128 GB)",4.3,10499,https://rukminim2.flixcart.com/image/312/312/xif0q/mobile/0/8/4/-original-imagfhu75eupxyft.jpeg?q=70,50,other_types,6000,128,4,not mentioned,12
"SAMSUNG Galaxy F13 (Nightsky Green, 128 GB)",4.3,10499,https://rukminim2.flixcart.com/image/312/312/xif0q/mobile/a/i/v/-original-imagfhu6bdzhnmkz.jpeg?q=70,50,other_types,6000,128,4,not mentioned,12
"SAMSUNG Galaxy F13 (Sunrise Copper, 128 GB)",4.3,10499,https://rukminim2.flixcart.com/image/312/312/xif0q/mobile/x/x/s/-original-imagfhu6dcpdnqkh.jpeg?q=70,50,other_types,6000,128,4,not mentioned,12
"SAMSUNG Galaxy F23 5G (Aqua Blue, 128 GB)",4.3,15499,https://rukminim2.flixcart.com/image/312/312/xif0q/mobile/0/h/k/-original-imagcg22czc3ggvw.jpeg?q=70,50,other_types,5000,128,6,Snapdragon750GProcessor,12
"SAMSUNG Galaxy F23 5G (Forest Green, 128 GB)",4.3,15499,https://rukminim2.flixcart.com/image/312/312/xif0q/mobile/o/p/z/-original-imagcg22pf79cgau.jpeg?q=70,50,other_types,5000,128,6,Snapdragon750GProcessor,12
"SAMSUNG Galaxy F04 (Jade Purple, 64 GB)",4.2,6999,https://rukminim2.flixcart.com/image/312/312/xif0q/mobile/7/p/9/-original-imaghgbyypzkzvud.jpeg?q=70,13,LCD,5000,64,4,not mentioned,12
"SAMSUNG Galaxy F04 (Opal Green, 64 GB)",4.2,6999,https://rukminim2.flixcart.com/image/312/312/xif0q/mobile/w/d/o/-original-imaghgbyhy6banxv.jpeg?q=70,13,LCD,5000,64,4,not mentioned,12
"SAMSUNG Galaxy F14 5G (GOAT Green, 128 GB)",4.2,13990,https://rukminim2.flixcart.com/image/312/312/xif0q/mobile/j/i/k/galaxy-f14-5g-sm-e146bzggins-samsung-original-imagnzdkprfwj9hv.jpeg?q=70,50,LCD,6000,128,6,not mentioned,13
"SAMSUNG Galaxy F23 5G (Copper Blush, 128 GB)",4.3,15499,https://rukminim2.flixcart.com/image/312/312/xif0q/mobile/f/c/v/-original-imagehzbaw2wugme.jpeg?q=70,50,other_types,5000,128,6,Snapdragon750GProcessor,12
"SAMSUNG Galaxy F14 5G (OMG Black, 128 GB)",4.2,13990,https://rukminim2.flixcart.com/image/312/312/xif0q/mobile/j/b/r/galaxy-f14-5g-sm-e146bzkhins-samsung-original-imagnzdkvrt2sxrq.jpeg?q=70,50,LCD,6000,128,6,not mentioned,13
"SAMSUNG Galaxy M04 (Dark Blue, 64 GB)",4.1,8093,https://rukminim2.flixcart.com/image/312/312/xif0q/mobile/9/n/h/galaxy-m04-sm-m045f-samsung-original-imagh8ghfyxznzyu.jpeg?q=70,13,other_types,5000,64,4,Heilo35P,12
"SAMSUNG Galaxy F13 (Waterfall Blue, 64 GB)",4.3,9499,https://rukminim2.flixcart.com/image/312/312/xif0q/mobile/0/8/4/-original-imagfhu75eupxyft.jpeg?q=70,50,other_types,6000,64,4,not mentioned,12
"SAMSUNG Galaxy M04 (Light Green, 64 GB)",4.1,8185,https://rukminim2.flixcart.com/image/312/312/xif0q/mobile/h/f/y/galaxy-m04-sm-m045f-samsung-original-imagh799vffkjf8t.jpeg?q=70,13,other_types,5000,64,4,Heilo35P,12
"SAMSUNG Galaxy F14 5G (GOAT Green, 128 GB)",4.2,12990,https://rukminim2.flixcart.com/image/312/312/xif0q/mobile/j/i/k/galaxy-f14-5g-sm-e146bzggins-samsung-original-imagnzdkprfwj9hv.jpeg?q=70,50,LCD,6000,128,4,not mentioned,13
"SAMSUNG Galaxy F14 5G (OMG Black, 128 GB)",4.2,12990,https://rukminim2.flixcart.com/image/312/312/xif0q/mobile/j/b/r/galaxy-f14-5g-sm-e146bzkhins-samsung-original-imagnzdkvrt2sxrq.jpeg?q=70,50,LCD,6000,128,4,not mentioned,13
"SAMSUNG Galaxy F13 (Nightsky Green, 64 GB)",4.3,9499,https://rukminim2.flixcart.com/image/312/312/xif0q/mobile/a/i/v/-original-imagfhu6bdzhnmkz.jpeg?q=70,50,other_types,6000,64,4,not mentioned,12
"SAMSUNG Galaxy M33 5G (Mystique Green, 128 GB)",4.2,16479,https://rukminim2.flixcart.com/image/312/312/xif0q/mobile/c/3/d/-original-imagdc8mjnhxbgxj.jpeg?q=70,50,other_types,6000,128,6,not mentioned,13
"SAMSUNG Galaxy F14 5G (B.A.E. Purple, 128 GB)",4.2,13990,https://rukminim2.flixcart.com/image/312/312/xif0q/mobile/e/0/c/galaxy-f14-5g-sm-e146blvgins-samsung-original-imagnzdkxyfqhd6r.jpeg?q=70,13,LCD,6000,128,6,Heilo35P,12
"SAMSUNG Galaxy M04 (Light Green, 128 GB)",4.1,9320,https://rukminim2.flixcart.com/image/312/312/xif0q/mobile/v/y/b/galaxy-m04-sm-m045f-samsung-original-imagmazrn5szgza8.jpeg?q=70,50,other_types,5000,128,4,not mentioned,12
"SAMSUNG Galaxy M13 (Aqua Green, 128 GB)",4.2,13999,https://rukminim2.flixcart.com/image/312/312/xif0q/mobile/a/0/o/-original-imagghc2rfwf6q9j.jpeg?q=70,0,other_types,6000,128,6,not mentioned,13
"SAMSUNG GALAXY M13 5G (Midnight Blue, 128 GB)",4.1,14235,https://rukminim2.flixcart.com/image/312/312/xif0q/mobile/v/p/7/-original-imagghcyfszjbgzp.jpeg?q=70,50,other_types,5000,128,6,not mentioned,12
"SAMSUNG Galaxy M33 5G (Mystique Green, 128 GB)",4.2,16479,https://rukminim2.flixcart.com/image/312/312/xif0q/mobile/c/3/d/-original-imagdc8mjnhxbgxj.jpeg?q=70,50,other_types,6000,128,6,not mentioned,1
"SAMSUNG GALAXY M13 (Aqua Green, 64 GB)",4.2,11195,https://rukminim2.flixcart.com/image/312/312/xif0q/mobile/2/p/g/-original-imagkn6dk4pbcf4d.jpeg?q=70,50,other_types,6000,64,4,not mentioned,12
"SAMSUNG GALAXY M13 (Midnight Blue, 128 GB)",4.2,12879,https://rukminim2.flixcart.com/image/312/312/xif0q/mobile/n/r/8/-original-imagghcfsdbuemmd.jpeg?q=70,50,other_types,6000,128,6,not mentioned,12
"SAMSUNG Galaxy M33 5G (Emerald Brown, 128 GB)",4.2,17678,https://rukminim2.flixcart.com/image/312/312/xif0q/mobile/2/j/q/-original-imagge7hrnffunna.jpeg?q=70,50,other_types,6000,128,8,Heilo35P,12
"SAMSUNG Galaxy M04 (Dark Blue, 128 GB)",4.1,10470,https://rukminim2.flixcart.com/image/312/312/xif0q/mobile/9/n/h/galaxy-m04-sm-m045f-samsung-original-imagh8ghfyxznzyu.jpeg?q=70,13,other_types,5000,128,4,not mentioned,12
"SAMSUNG GALAXY M13 (Midnight Blue, 64 GB)",4.2,11199,https://rukminim2.flixcart.com/image/312/312/xif0q/mobile/n/r/8/-original-imagghcfsdbuemmd.jpeg?q=70,50,other_types,6000,64,4,not mentioned,12
"SAMSUNG Galaxy M33 5G (Deep Ocean Blue, 128 GB)",4.2,16899,https://rukminim2.flixcart.com/image/312/312/xif0q/mobile/o/w/a/-original-imagdc87gdyremd3.jpeg?q=70,50,other_types,6000,128,6,not mentioned,12
"SAMSUNG Galaxy A23 (Black, 128 GB)",4.2,17499,https://rukminim2.flixcart.com/image/312/312/l19m93k0/mobile/s/g/h/-original-imagcv8jdxumgvxy.jpeg?q=70,50,other_types,5000,128,6,not mentioned,12
"SAMSUNG Galaxy S20 FE 5G (Cloud Mint, 128 GB)",4.2,27585,https://rukminim2.flixcart.com/image/312/312/kg15ocw0/mobile/f/q/g/samsung-galaxy-s20-fe-sm-g780fzgnins-original-imafwd2jzgfdejgc.jpeg?q=70,50,other_types,4500,128,8,not mentioned,12
"SAMSUNG GALAXY M13 5G (Stardust Brown, 64 GB)",4.1,12830,https://rukminim2.flixcart.com/image/312/312/xif0q/mobile/j/6/n/-original-imagghbz5jffndyy.jpeg?q=70,48,other_types,5000,64,4,"Dimensity1080,",13
"SAMSUNG GALAXY M13 (Midnight Blue, 64 GB)",4.2,11599,https://rukminim2.flixcart.com/image/312/312/xif0q/mobile/n/r/8/-original-imagghcfsdbuemmd.jpeg?q=70,48,other_types,6000,64,4,"Dimensity1080,",13
"SAMSUNG Galaxy S21 FE 5G (Graphite, 128 GB)",4.3,31999,https://rukminim2.flixcart.com/image/312/312/kzrbiq80/mobile/h/x/n/galaxy-s21-fe-5g-sm-g990ezaiinu-samsung-original-imagbpfzbrnueypq.jpeg?q=70,32,AMOLED,4500,128,8,not mentioned,12
"SAMSUNG Galaxy S21 FE 5G (Lavender, 128 GB)",4.3,31999,https://rukminim2.flixcart.com/image/312/312/kzpw2vk0/mobile/u/o/q/galaxy-s21-fe-5g-lavender-8gb-128gb-storage-sm-g990elviinu-original-imagbnbdaj3tygup.jpeg?q=70,50,AMOLED,4500,128,8,not mentioned,12
"SAMSUNG GALAXY M13 5G (?Stardust Brown, 128 GB)",4.1,14298,https://rukminim2.flixcart.com/image/312/312/xif0q/mobile/j/6/n/-original-imagghbz5jffndyy.jpeg?q=70,32,other_types,5000,128,6,not mentioned,12
"SAMSUNG Galaxy A34 5G (Awesome Violet, 128 GB)",4.2,30999,https://rukminim2.flixcart.com/image/312/312/xif0q/mobile/7/j/y/galaxy-a34-5g-sm-a346elvcins-samsung-original-imagnpz5dhysxrgw.jpeg?q=70,48,other_types,5000,128,8,"Dimensity1080,",13
"SAMSUNG Galaxy S21 FE 5G (White, 128 GB)",4.3,31999,https://rukminim2.flixcart.com/image/312/312/l30hmkw0/mobile/w/j/o/galaxy-s21-fe-5g-sm-g990ewziinu-samsung-original-image8dzwv3bch4k.jpeg?q=70,32,AMOLED,4500,128,8,not mentioned,12
"SAMSUNG GALAXY M13 (Stardust Brown, 128 GB)",4.2,12894,https://rukminim2.flixcart.com/image/312/312/xif0q/mobile/d/h/f/-original-imagghcfzz2n8gxc.jpeg?q=70,50,other_types,6000,128,6,not mentioned,12
"SAMSUNG Galaxy S20 FE 5G (Cloud Navy, 128 GB)",4.2,27440,https://rukminim2.flixcart.com/image/312/312/xif0q/mobile/a/m/w/-original-imag47fdfgmg2gnh.jpeg?q=70,12,other_types,4500,128,8,not mentioned,10
"SAMSUNG Galaxy A13 (Peach, 128 GB)",4.2,16499,https://rukminim2.flixcart.com/image/312/312/l19m93k0/mobile/w/g/x/-original-imagcv74zmfuu3cx.jpeg?q=70,50,other_types,5000,128,6,not mentioned,12
"SAMSUNG Galaxy A23 5G (Light Blue, 128 GB)",3.8,23990,https://rukminim2.flixcart.com/image/312/312/xif0q/mobile/e/d/r/-original-imagmym54wrhzgpn.jpeg?q=70,50,LCD,5000,128,8,Snapdragon695,12
"SAMSUNG Galaxy A14 5G (Black, 128 GB)",4.0,17999,https://rukminim2.flixcart.com/image/312/312/xif0q/mobile/p/w/b/-original-imagmefcaj26vdhg.jpeg?q=70,50,LCD,5000,128,6,not mentioned,13
"SAMSUNG Galaxy A04s (Copper, 64 GB)",4.1,12499,https://rukminim2.flixcart.com/image/312/312/xif0q/mobile/5/v/a/-original-imaghufzhr9hhhnj.jpeg?q=70,50,other_types,5000,64,4,not mentioned,12
"SAMSUNG GALAXY M13 5G (Aqua Green, 128 GB)",4.1,14049,https://rukminim2.flixcart.com/image/312/312/xif0q/mobile/z/u/a/-original-imagghcygdr6gngh.jpeg?q=70,50,other_types,5000,128,6,not mentioned,12
"SAMSUNG Galaxy M33 5G (Emerald Brown, 128 GB)",4.2,16790,https://rukminim2.flixcart.com/image/312/312/xif0q/mobile/v/k/p/galaxy-m33-5g-sm-m336bzgpins-samsung-original-imagqutjgrhgcvry.jpeg?q=70,50,other_types,6000,128,6,not mentioned,12
"SAMSUNG GALAXY M13 5G (Aqua Green, 64 GB)",4.1,12730,https://rukminim2.flixcart.com/image/312/312/xif0q/mobile/z/u/a/-original-imagghcygdr6gngh.jpeg?q=70,50,other_types,5000,64,4,not mentioned,12
"SAMSUNG Galaxy A03 Core (Onyx, 32 GB)",4.1,6990,https://rukminim2.flixcart.com/image/312/312/xif0q/mobile/j/7/q/galaxy-a03-core-sm-a032fck6ins-samsung-original-imagmb5kvceyb2yc.jpeg?q=70,8,other_types,5000,32,2,not mentioned,11
"SAMSUNG Galaxy A14 5G (Dark Red, 128 GB)",4.1,19999,https://rukminim2.flixcart.com/image/312/312/xif0q/mobile/6/c/5/-original-imagmefcgvntdtha.jpeg?q=70,50,LCD,5000,128,8,not mentioned,13
"SAMSUNG Galaxy A14 5G (Dark Red, 128 GB)",4.0,17999,https://rukminim2.flixcart.com/image/312/312/xif0q/mobile/6/c/5/-original-imagmefcgvntdtha.jpeg?q=70,50,LCD,5000,128,6,not mentioned,13
"SAMSUNG Galaxy A14 5G (Black, 64 GB)",4.1,15999,https://rukminim2.flixcart.com/image/312/312/xif0q/mobile/p/w/b/-original-imagmefcaj26vdhg.jpeg?q=70,50,LCD,5000,64,4,not mentioned,13
"SAMSUNG Galaxy S20 FE (Cloud Mint, 128 GB)",4.0,27500,https://rukminim2.flixcart.com/image/312/312/xif0q/mobile/g/f/m/-original-imagkn6dw4vybxqz.jpeg?q=70,12,other_types,4500,128,8,not mentioned,10
"SAMSUNG Galaxy A04e (Light Blue, 64 GB)",4.2,9999,https://rukminim2.flixcart.com/image/312/312/xif0q/mobile/y/j/q/-original-imagh2pzwytdknpx.jpeg?q=70,13,LCD,5000,64,3,not mentioned,13
"SAMSUNG Galaxy A14 5G (Black, 128 GB)",4.1,19999,https://rukminim2.flixcart.com/image/312/312/xif0q/mobile/p/w/b/-original-imagmefcaj26vdhg.jpeg?q=70,50,LCD,5000,128,8,not mentioned,13
"SAMSUNG Galaxy A14 5G (Black, 64 GB)",4.1,15999,https://rukminim2.flixcart.com/image/312/312/xif0q/mobile/p/w/b/-original-imagmefcaj26vdhg.jpeg?q=70,50,LCD,5000,64,4,not mentioned,12
"SAMSUNG Galaxy A04 (Black, 128 GB)",4.0,11990,https://rukminim2.flixcart.com/image/312/312/xif0q/mobile/7/3/k/-original-imagh2prjymxvgqz.jpeg?q=70,50,LCD,5000,128,4,Gen8,13
"SAMSUNG Galaxy S23 Plus 5G (Cream, 256 GB)",4.5,29463,https://rukminim2.flixcart.com/image/312/312/xif0q/mobile/8/c/x/-original-imagmg6gy7x3xwcg.jpeg?q=70,50,HD+ AMOLED,4700,256,8,Snapdragon750GProcessor,12
"SAMSUNG Galaxy F23 5G (Aqua Blue, 128 GB)",4.2,14499,https://rukminim2.flixcart.com/image/312/312/xif0q/mobile/0/h/k/-original-imagcg22czc3ggvw.jpeg?q=70,50,other_types,5000,128,4,not mentioned,12
"SAMSUNG Galaxy A04s (Green, 64 GB)",4.1,12499,https://rukminim2.flixcart.com/image/312/312/xif0q/mobile/g/z/y/-original-imaghufz2jt46n8v.jpeg?q=70,50,other_types,5000,64,4,not mentioned,12
"SAMSUNG Galaxy A23 (Peach, 128 GB)",4.2,17499,https://rukminim2.flixcart.com/image/312/312/l19m93k0/mobile/5/k/x/-original-imagcv8jubmd9pb6.jpeg?q=70,50,other_types,5000,128,6,not mentioned,12
"SAMSUNG Galaxy A04 (Green, 128 GB)",4.0,12999,https://rukminim2.flixcart.com/image/312/312/xif0q/mobile/n/l/y/-original-imagh2pqyvzjnc5y.jpeg?q=70,50,LCD,5000,128,4,Snapdragon888,11
"SAMSUNG Galaxy A04s (Black, 64 GB)",4.1,12499,https://rukminim2.flixcart.com/image/312/312/xif0q/mobile/d/q/t/-original-imaghufzepfjunmu.jpeg?q=70,50,other_types,5000,64,4,not mentioned,12
"SAMSUNG Galaxy A13 (Green, 128 GB)",4.2,16295,https://rukminim2.flixcart.com/image/312/312/xif0q/mobile/f/e/o/-original-imaggy3yrdqzsvfc.jpeg?q=70,50,other_types,5000,128,6,not mentioned,11
"SAMSUNG Galaxy A03 Core (Green, 32 GB)",4.1,8403,https://rukminim2.flixcart.com/image/312/312/xif0q/mobile/9/v/9/galaxy-a03-core-sm-a032fzkdins-sm-a032fzk5ins-samsung-original-imaghzxw2uuxuftu.jpeg?q=70,8,LCD,5000,32,2,not mentioned,13
"SAMSUNG Galaxy A14 5G (Light Green, 128 GB)",4.1,19999,https://rukminim2.flixcart.com/image/312/312/xif0q/mobile/v/l/g/-original-imagmefctrqmqjrp.jpeg?q=70,50,LCD,5000,128,8,Snapdragon750GProcessor,12
"SAMSUNG Galaxy F23 5G (Forest Green, 128 GB)",4.2,14499,https://rukminim2.flixcart.com/image/312/312/xif0q/mobile/o/p/z/-original-imagcg22pf79cgau.jpeg?q=70,50,other_types,5000,128,4,not mentioned,11
"SAMSUNG Galaxy M12 (White, 64 GB)",4.2,10999,https://rukminim2.flixcart.com/image/312/312/kmjhw280/mobile/l/i/s/galaxy-m12-galaxy-m12-samsung-original-imagffyujuzhbuz7.jpeg?q=70,48,other_types,6000,64,4,Snapdragon720GProcessor,11
"SAMSUNG Galaxy A52 (Awesome Blue, 128 GB)",4.3,25980,https://rukminim2.flixcart.com/image/312/312/kmf7ki80/mobile/s/z/a/galaxy-a52-sm-a525fzbgins-samsung-original-imagfb4xdvtk8zzb.jpeg?q=70,64,HD+ AMOLED,4500,128,6,not mentioned,12
"SAMSUNG Galaxy A23 (Blue, 128 GB)",4.3,19990,https://rukminim2.flixcart.com/image/312/312/l19m93k0/mobile/h/3/u/-original-imagcv8jfcrdu8jv.jpeg?q=70,50,other_types,5000,128,8,not mentioned,13
"SAMSUNG Galaxy A14 5G (Light Green, 64 GB)",4.1,15999,https://rukminim2.flixcart.com/image/312/312/xif0q/mobile/v/l/g/-original-imagmefctrqmqjrp.jpeg?q=70,50,LCD,5000,64,4,not mentioned,11
"SAMSUNG Galaxy M12 (Black, 64 GB)",4.2,12498,https://rukminim2.flixcart.com/image/312/312/kmjhw280/mobile/0/n/y/galaxy-m12-galaxy-m12-samsung-original-imagffyz6hhrw5s5.jpeg?q=70,48,other_types,6000,64,4,not mentioned,13
"SAMSUNG Galaxy A14 5G (Dark Red, 64 GB)",4.1,15999,https://rukminim2.flixcart.com/image/312/312/xif0q/mobile/6/c/5/-original-imagmefcgvntdtha.jpeg?q=70,50,LCD,5000,64,4,not mentioned,13
"SAMSUNG Galaxy A23 5G (Orange, 128 GB)",4.1,21999,https://rukminim2.flixcart.com/image/312/312/xif0q/mobile/n/p/g/-original-imagm2jtdqagpcfe.jpeg?q=70,50,LCD,5000,128,6,Snapdragon695,12
"SAMSUNG Galaxy A23 5G (Silver, 128 GB)",4.1,21999,https://rukminim2.flixcart.com/image/312/312/xif0q/mobile/f/g/i/-original-imagmfhbbex3ubzy.jpeg?q=70,50,LCD,5000,128,6,Snapdragon695,12
"SAMSUNG Galaxy A03 Core (Bronze, 32 GB)",4.1,7199,https://rukminim2.flixcart.com/image/312/312/xif0q/mobile/3/j/k/galaxy-a03-core-sm-a032fzcdins-samsung-original-imagks7mvgp7syja.jpeg?q=70,8,LCD,5000,32,2,not mentioned,11
"SAMSUNG Galaxy Z Flip4 5G (Graphite, 256 GB)",3.7,29463,https://rukminim2.flixcart.com/image/312/312/xif0q/mobile/q/u/o/-original-imagh7nnpy9wgyzh.jpeg?q=70,12,HD+ AMOLED,3700,256,8,Snapdragon1P,12
"SAMSUNG Galaxy A03 (Black, 32 GB)",4.1,9400,https://rukminim2.flixcart.com/image/312/312/l0sgyvk0/mobile/i/v/i/-original-imagchh8dyfquhfj.jpeg?q=70,48,other_types,5000,32,3,not mentioned,11
"SAMSUNG Galaxy A23 5G (Silver, 128 GB)",3.8,23999,https://rukminim2.flixcart.com/image/312/312/xif0q/mobile/f/g/i/-original-imagmfhbbex3ubzy.jpeg?q=70,50,LCD,5000,128,8,Snapdragon695,12
"SAMSUNG Galaxy A34 5G (Awesome Silver, 128 GB)",4.2,30999,https://rukminim2.flixcart.com/image/312/312/xif0q/mobile/e/l/l/galaxy-a34-5g-sm-a346ezseins-samsung-original-imagnpz4fqyfqzqq.jpeg?q=70,48,other_types,5000,128,8,"Dimensity1080,",13
"SAMSUNG Galaxy F62 (Laser Blue, 128 GB)",4.3,31999,https://rukminim2.flixcart.com/image/312/312/klb78nk0/mobile/a/j/b/galaxy-f62-sm-e625fzbdins-samsung-original-imagygxtmgavmhbm.jpeg?q=70,64,HD+ AMOLED,7000,128,8,not mentioned,11
"SAMSUNG Galaxy S20 FE 5G (Cloud Navy, 128 GB)",4.2,27995,https://rukminim2.flixcart.com/image/312/312/xif0q/mobile/j/h/r/galaxy-s20-fe-5g-sm-g781b-ds-samsung-original-imagqhqyetny3sxq.jpeg?q=70,12,other_types,4500,128,8,not mentioned,10
"SAMSUNG Galaxy M53 5G (Deep Ocean Blue, 128 GB)",4.0,29999,https://rukminim2.flixcart.com/image/312/312/xif0q/mobile/g/o/0/-original-imagfzjymhrwrebm.jpeg?q=70,108,other_types,5000,128,8,not mentioned,12
"SAMSUNG Galaxy A03 Core (Black, 32 GB)",4.1,7189,https://rukminim2.flixcart.com/image/312/312/kwqq1zk0/mobile/j/0/f/-original-imag9cm79ubcv4bd.jpeg?q=70,8,LCD,5000,32,2,not mentioned,11
"SAMSUNG Galaxy S22 Ultra 5G (Green, 256 GB)",4.3,17964,https://rukminim2.flixcart.com/image/312/312/xif0q/mobile/g/h/2/-original-imaggj68pbbezxcr.jpeg?q=70,108,AMOLED,5000,256,12,not mentioned,12
"SAMSUNG GALAXY M13 (Stardust Brown, 64 GB)",4.2,10490,https://rukminim2.flixcart.com/image/312/312/xif0q/mobile/d/h/f/-original-imagghcfzz2n8gxc.jpeg?q=70,50,other_types,6000,64,4,not mentioned,12
"SAMSUNG Galaxy M12 (Black, 64 GB)",4.2,12498,https://rukminim2.flixcart.com/image/312/312/kmjhw280/mobile/0/n/y/galaxy-m12-galaxy-m12-samsung-original-imagffyz6hhrw5s5.jpeg?q=70,48,other_types,6000,64,4,not mentioned,11
"SAMSUNG Galaxy A34 5G (Awesome Graphite, 128 GB)",4.2,30999,https://rukminim2.flixcart.com/image/312/312/xif0q/mobile/a/a/v/galaxy-a34-5g-sm-a346ezkeins-samsung-original-imagnpz4h7xg6pgg.jpeg?q=70,48,other_types,5000,128,8,"Dimensity1080,",13
"SAMSUNG Galaxy S22 Ultra 5G (Phantom Black, 256 GB)",4.3,19464,https://rukminim2.flixcart.com/image/312/312/xif0q/mobile/w/t/r/-original-imaggj68cgtdacxn.jpeg?q=70,108,AMOLED,5000,256,12,not mentioned,12
"SAMSUNG Galaxy S23 5G (Green, 256 GB)",4.5,14463,https://rukminim2.flixcart.com/image/312/312/xif0q/mobile/s/j/p/-original-imagmg6gmq9kzq9j.jpeg?q=70,50,HD+ AMOLED,3900,256,8,Gen8,13
"SAMSUNG Galaxy S23 5G (Green, 128 GB)",4.5,9463,https://rukminim2.flixcart.com/image/312/312/xif0q/mobile/s/j/p/-original-imagmg6gmq9kzq9j.jpeg?q=70,50,HD+ AMOLED,3900,128,8,Gen8,13
"SAMSUNG Galaxy A03 Core (Mint, 32 GB)",4.1,7199,https://rukminim2.flixcart.com/image/312/312/xif0q/mobile/s/v/p/galaxy-a03-core-sm-a032flgd-samsung-original-imagg6h7sqygbdcs.jpeg?q=70,8,other_types,5000,32,2,not mentioned,11
"SAMSUNG Galaxy S23 5G (Lavender, 256 GB)",4.5,14463,https://rukminim2.flixcart.com/image/312/312/xif0q/mobile/g/l/3/-original-imagmg6gyu3zemex.jpeg?q=70,50,HD+ AMOLED,3900,256,8,Gen8,13
"SAMSUNG Galaxy M32 (Black, 64 GB)",4.2,14999,https://rukminim2.flixcart.com/image/312/312/xif0q/mobile/w/p/v/-original-imag4pfhmcgbhtuv.jpeg?q=70,64,other_types,6000,64,4,not mentioned,11
"SAMSUNG Galaxy S23 5G (Phantom Black, 128 GB)",4.5,9463,https://rukminim2.flixcart.com/image/312/312/xif0q/mobile/t/7/r/-original-imagmg6gyxbn4md9.jpeg?q=70,50,HD+ AMOLED,3900,128,8,Gen8,13
"SAMSUNG Galaxy S23 5G (Phantom Black, 256 GB)",4.5,14463,https://rukminim2.flixcart.com/image/312/312/xif0q/mobile/t/7/r/-original-imagmg6gyxbn4md9.jpeg?q=70,50,HD+ AMOLED,3900,256,8,Gen8,13
"SAMSUNG Galaxy A34 5G (Awesome Lime, 128 GB)",4.2,30999,https://rukminim2.flixcart.com/image/312/312/xif0q/mobile/0/h/m/galaxy-a34-5g-sm-a346elgains-samsung-original-imagnpz52hphfccb.jpeg?q=70,48,other_types,5000,128,8,"Dimensity1080,",13
"SAMSUNG Galaxy A13 (Black, 128 GB)",4.2,16499,https://rukminim2.flixcart.com/image/312/312/l19m93k0/mobile/g/q/o/-original-imagcv74epgf4fya.jpeg?q=70,50,other_types,5000,128,6,not mentioned,12
"SAMSUNG Galaxy S23 5G (Cream, 256 GB)",4.5,14463,https://rukminim2.flixcart.com/image/312/312/xif0q/mobile/1/r/n/-original-imagmg6gyzgzzszt.jpeg?q=70,50,HD+ AMOLED,3900,256,8,Gen8,13
"SAMSUNG Galaxy S23 5G (Cream, 128 GB)",4.5,9463,https://rukminim2.flixcart.com/image/312/312/xif0q/mobile/1/r/n/-original-imagmg6gyzgzzszt.jpeg?q=70,50,HD+ AMOLED,3900,128,8,Gen8,13
"SAMSUNG Galaxy M11 (Metallic Blue, 64 GB)",4.2,12490,https://rukminim2.flixcart.com/image/312/312/kavefm80/mobile/w/u/z/samsung-galaxy-m11-sm-m115fmbeins-original-imafscgycugcewty.jpeg?q=70,13,LCD,5000,64,4,Snapdragon(SDM450-F01),10
"SAMSUNG Galaxy A53 (Awesome White, 128 GB)",4.0,31999,https://rukminim2.flixcart.com/image/312/312/l3xcr680/mobile/u/j/j/-original-imagexezgtcfapss.jpeg?q=70,64,HD+ AMOLED,5000,128,6,not mentioned,12
"SAMSUNG Galaxy S23 5G (Lavender, 128 GB)",4.5,9463,https://rukminim2.flixcart.com/image/312/312/xif0q/mobile/g/l/3/-original-imagmg6gyu3zemex.jpeg?q=70,50,HD+ AMOLED,3900,128,8,Gen8,13
"SAMSUNG Galaxy F23 5G (Copper Blush, 128 GB)",4.2,14499,https://rukminim2.flixcart.com/image/312/312/xif0q/mobile/f/c/v/-original-imagehzbaw2wugme.jpeg?q=70,50,other_types,5000,128,4,Snapdragon750GProcessor,12
"SAMSUNG Galaxy A33 (Awesome Blue, 128 GB)",4.1,27499,https://rukminim2.flixcart.com/image/312/312/l3xcr680/mobile/c/4/9/-original-imagexeyqhh6vwzk.jpeg?q=70,48,other_types,5000,128,8,not mentioned,12
"SAMSUNG Galaxy A33 (Awesome Black, 128 GB)",4.1,27990,https://rukminim2.flixcart.com/image/312/312/l3xcr680/mobile/n/u/4/-original-imagexeyrcz5ckyy.jpeg?q=70,48,other_types,5000,128,8,not mentioned,12
"SAMSUNG Galaxy M32 (Black, 128 GB)",4.2,14995,https://rukminim2.flixcart.com/image/312/312/xif0q/mobile/q/c/r/-original-imag4pfhh7mycw2u.jpeg?q=70,64,other_types,6000,128,6,not mentioned,11
"SAMSUNG Galaxy M31 (Ocean Blue, 64 GB)",4.3,18999,https://rukminim2.flixcart.com/image/312/312/k7f34i80/mobile/h/e/4/samsung-galaxy-m31-sm-m315fzbdins-original-imafpnrzfeyrmq8a.jpeg?q=70,64,other_types,6000,64,6,not mentioned,10
"SAMSUNG Galaxy A03 (Red, 32 GB)",4.1,9498,https://rukminim2.flixcart.com/image/312/312/l0sgyvk0/mobile/s/y/1/-original-imagchh82ezdsfca.jpeg?q=70,48,other_types,5000,32,3,not mentioned,11
"SAMSUNG Galaxy A52 (Awesome Blue, 128 GB)",4.3,24990,https://rukminim2.flixcart.com/image/312/312/kmf7ki80/mobile/s/z/a/galaxy-a52-sm-a525fzbgins-samsung-original-imagfb4xdvtk8zzb.jpeg?q=70,64,HD+ AMOLED,4500,128,8,Snapdragon720GProcessor,11
"SAMSUNG Galaxy A23 5G (Orange, 128 GB)",3.8,23999,https://rukminim2.flixcart.com/image/312/312/xif0q/mobile/n/p/g/-original-imagm2jtdqagpcfe.jpeg?q=70,50,LCD,5000,128,8,Snapdragon695,12
"SAMSUNG Galaxy A04e (Copper, 64 GB)",4.2,9999,https://rukminim2.flixcart.com/image/312/312/xif0q/mobile/s/y/r/-original-imagh2pqgpzrajbp.jpeg?q=70,13,LCD,5000,64,3,not mentioned,12
"SAMSUNG Galaxy M34 5G without charger (Prism Silver, 128 GB)",4.3,21399,https://rukminim2.flixcart.com/image/312/312/xif0q/mobile/p/i/g/galaxy-m34-5g-without-charger-sm-m346b-samsung-original-imagrhrhbuja8grh.jpeg?q=70,50,other_types,6000,128,6,not mentioned,13
"SAMSUNG Galaxy F62 (Laser Green, 128 GB)",4.2,25999,https://rukminim2.flixcart.com/image/312/312/klb78nk0/mobile/m/2/k/galaxy-f62-sm-e625fzggins-samsung-original-imagygxxse8gbaby.jpeg?q=70,64,HD+ AMOLED,7000,128,8,not mentioned,11
"SAMSUNG Galaxy M32 5G (Slate Black, 128 GB)",4.2,20999,https://rukminim2.flixcart.com/image/312/312/xif0q/mobile/z/t/1/-original-imag6jm69crass7p.jpeg?q=70,48,other_types,5000,128,8,Dimensity720,11
"SAMSUNG Galaxy M12 (Blue, 64 GB)",4.3,10999,https://rukminim2.flixcart.com/image/312/312/kmjhw280/mobile/h/k/v/galaxy-m12-galaxy-m12-samsung-original-imagffy3wzrmy7ep.jpeg?q=70,48,other_types,6000,64,4,not mentioned,11
"SAMSUNG Galaxy S22 Ultra 5G (Phantom Black, 256 GB)",4.3,20463,https://rukminim2.flixcart.com/image/312/312/xif0q/mobile/w/t/r/-original-imaggj68cgtdacxn.jpeg?q=70,108,AMOLED,5000,256,12,not mentioned,12
"SAMSUNG Galaxy M12 (Blue, 128 GB)",4.3,15499,https://rukminim2.flixcart.com/image/312/312/kmwcuq80/mobile/7/p/5/galaxy-m12-galaxy-m12-samsung-original-imagfzuhqtn5kpvj.jpeg?q=70,48,other_types,6000,128,6,not mentioned,11
"SAMSUNG Galaxy F12 (Sky Blue, 64 GB)",4.1,10890,https://rukminim2.flixcart.com/image/312/312/kn22m4w0/mobile/9/k/s/galaxy-f12-sm-f127glbiins-samsung-original-imagftmhhhvghq7w.jpeg?q=70,48,other_types,6000,64,4,not mentioned,11
"SAMSUNG A52s 5G (Awesome Black, 128 GB)",4.0,30990,https://rukminim2.flixcart.com/image/312/312/xif0q/mobile/6/h/n/a52s-5g-sm-a528b-ds-samsung-original-imaghg2dewy5p2j5.jpeg?q=70,64,other_types,4500,128,6,not mentioned,11
"SAMSUNG Galaxy S20 FE (Cloud Lavender, 128 GB)",4.0,27944,https://rukminim2.flixcart.com/image/312/312/kg15ocw0/mobile/j/n/e/samsung-galaxy-s20-fe-sm-g780flvnins-original-imafwd2jr9hyc77a.jpeg?q=70,32,HD+ AMOLED,4500,128,8,not mentioned,10
"SAMSUNG Galaxy A53 (Awesome Blue, 128 GB)",4.1,31999,https://rukminim2.flixcart.com/image/312/312/l3xcr680/mobile/a/x/k/-original-imagexezkeefuadb.jpeg?q=70,64,HD+ AMOLED,5000,128,6,not mentioned,12
"SAMSUNG Galaxy A03 (Blue, 32 GB)",4.0,8991,https://rukminim2.flixcart.com/image/312/312/l0sgyvk0/mobile/z/4/7/-original-imagchh89wufbej2.jpeg?q=70,48,other_types,5000,32,3,not mentioned,11
"SAMSUNG Galaxy A03s (Blue, 32 GB)",4.1,11499,https://rukminim2.flixcart.com/image/312/312/ksgehzk0/mobile/x/q/1/galaxy-a03s-sm-a037fzbgins-sm-a037fzb6ins-samsung-original-imag6ygnvtkhgjzg.jpeg?q=70,13,LCD,5000,32,3,Heilo356765,11
"SAMSUNG Galaxy F42 5G (Matte Aqua, 128 GB)",4.1,22999,https://rukminim2.flixcart.com/image/312/312/ku4ezrk0/mobile/6/z/p/galaxy-f42-5g-sm-e426bzbgins-samsung-original-imag7anfz8jzxkv4.jpeg?q=70,64,other_types,5000,128,8,Dimensity700,11
"SAMSUNG Galaxy A03 Core (Green, 32 GB)",4.2,8403,https://rukminim2.flixcart.com/image/312/312/xif0q/mobile/9/v/9/galaxy-a03-core-sm-a032fzkdins-sm-a032fzk5ins-samsung-original-imaghzxw2uuxuftu.jpeg?q=70,8,LCD,5000,32,2,not mentioned,11
"SAMSUNG Galaxy A34 5G (Awesome Silver, 256 GB)",4.0,31990,https://rukminim2.flixcart.com/image/312/312/xif0q/mobile/e/l/l/galaxy-a34-5g-sm-a346ezseins-samsung-original-imagnpz4fqyfqzqq.jpeg?q=70,48,other_types,5000,256,8,"Dimensity1080,",13
"SAMSUNG Galaxy A03s (Black, 32 GB)",4.4,11499,https://rukminim2.flixcart.com/image/312/312/ksgehzk0/mobile/f/c/e/galaxy-a03s-sm-a037fzkdins-sm-a037fzk5ins-samsung-original-imag6ygmysu8ec7n.jpeg?q=70,13,LCD,5000,32,3,Heilo356765,11
"SAMSUNG Galaxy A03s (Black, 64 GB)",4.3,14499,https://rukminim2.flixcart.com/image/312/312/ksgehzk0/mobile/f/c/e/galaxy-a03s-sm-a037fzkdins-sm-a037fzk5ins-samsung-original-imag6ygmysu8ec7n.jpeg?q=70,13,LCD,5000,64,4,Heilo356765,11
"SAMSUNG Galaxy F12 (Sea Green, 64 GB)",4.2,10890,https://rukminim2.flixcart.com/image/312/312/kn22m4w0/mobile/a/q/8/galaxy-f12-sm-f127gzgiins-samsung-original-imagftmjw3xqg4yk.jpeg?q=70,48,other_types,6000,64,4,not mentioned,11
"SAMSUNG A04 e (Copper, 64 GB)",4.1,9999,https://rukminim2.flixcart.com/image/312/312/xif0q/mobile/h/h/g/a04-e-sm-a042fzck-samsung-original-imagh8hxsfkstsxz.jpeg?q=70,13,other_types,5000,64,3,Heilo67653512,4
"SAMSUNG Galaxy A03 (Red, 32 GB)",3.7,9498,https://rukminim2.flixcart.com/image/312/312/l0sgyvk0/mobile/s/y/1/-original-imagchh82ezdsfca.jpeg?q=70,48,other_types,5000,32,3,not mentioned,11
"SAMSUNG Galaxy M53 5G (Deep Ocean Blue, 128 GB)",4.2,26999,https://rukminim2.flixcart.com/image/312/312/xif0q/mobile/g/o/0/-original-imagfzjymhrwrebm.jpeg?q=70,108,other_types,5000,128,6,not mentioned,12
"SAMSUNG Galaxy A50 (Black, 64 GB)",4.3,21000,https://rukminim2.flixcart.com/image/312/312/jsyyufk0/mobile/e/9/v/samsung-galaxy-a50-sm-a505fzkgins-original-imafefgh2bgdetj4.jpeg?q=70,25,AMOLED,4000,64,4,not mentioned,9
"SAMSUNG Galaxy A13 (Black, 128 GB)",4.1,14999,https://rukminim2.flixcart.com/image/312/312/l19m93k0/mobile/g/q/o/-original-imagcv74epgf4fya.jpeg?q=70,50,other_types,5000,128,4,not mentioned,12
"SAMSUNG Galaxy A34 5G (Awesome Lime, 128 GB)",4.3,28999,https://rukminim2.flixcart.com/image/312/312/xif0q/mobile/0/h/m/galaxy-a34-5g-sm-a346elgains-samsung-original-imagnpz52hphfccb.jpeg?q=70,48,other_types,5000,128,6,"Dimensity1080,",13
"SAMSUNG Galaxy A03 Core (Blue, 32 GB)",4.1,8150,https://rukminim2.flixcart.com/image/312/312/kwqq1zk0/mobile/v/5/d/-original-imag9cm5hydfgjjw.jpeg?q=70,8,LCD,5000,32,2,not mentioned,11
"SAMSUNG Galaxy A12 (Blue, 64 GB)",4.2,14999,https://rukminim2.flixcart.com/image/312/312/klb78nk0/mobile/p/y/q/galaxy-a12-sm-a125fzbhins-samsung-original-imagyg84zadwb7xx.jpeg?q=70,48,LCD,5000,64,4,Heilo356765,10
"SAMSUNG Galaxy A32 (Awesome Black, 128 GB)",4.2,20999,https://rukminim2.flixcart.com/image/312/312/kwmfqfk0/mobile/l/p/m/-original-imag98zngkzwaxkk.jpeg?q=70,64,AMOLED,5000,128,8,Heilo80P,11
"SAMSUNG Galaxy A14 (Silver, 64 GB)",3.9,13999,https://rukminim2.flixcart.com/image/312/312/xif0q/mobile/8/5/z/galaxy-a14-sm-a145fzsdins-samsung-original-imagq6cp4mbhejzn.jpeg?q=70,50,LCD,5000,64,4,not mentioned,13
"SAMSUNG Galaxy A33 (Awesome Peach, 128 GB)",4.1,25999,https://rukminim2.flixcart.com/image/312/312/l3xcr680/mobile/q/6/v/-original-imagexfy6u2f6h3f.jpeg?q=70,48,other_types,5000,128,6,not mentioned,12
"SAMSUNG Galaxy A04e (Copper, 128 GB)",4.1,11499,https://rukminim2.flixcart.com/image/312/312/xif0q/mobile/s/y/r/-original-imagh2pqgpzrajbp.jpeg?q=70,13,LCD,5000,128,4,not mentioned,12
"SAMSUNG Galaxy M14 5G (Icy Silver, 128 GB)",4.2,16490,https://rukminim2.flixcart.com/image/312/312/xif0q/mobile/6/2/5/galaxy-m14-5g-sm-m146b-samsung-original-imagzwrqnpzujxks.jpeg?q=70,50,other_types,6000,128,6,not mentioned,13
"SAMSUNG Galaxy A14 (Black, 64 GB)",3.9,13999,https://rukminim2.flixcart.com/image/312/312/xif0q/mobile/9/n/3/galaxy-a14-sm-a145fzkdins-samsung-original-imagq6czznggphyk.jpeg?q=70,50,LCD,5000,64,4,not mentioned,13
"SAMSUNG Galaxy M14 5G (Smoky Teal, 128 GB)",4.2,14989,https://rukminim2.flixcart.com/image/312/312/xif0q/mobile/e/6/d/galaxy-m14-5g-sm-m146b-samsung-original-imagzvnkybtue5da.jpeg?q=70,50,other_types,6000,128,4,not mentioned,13
"SAMSUNG Galaxy A52 (Awesome Blue, 128 GB)",4.3,25989,https://rukminim2.flixcart.com/image/312/312/kmf7ki80/mobile/s/z/a/galaxy-a52-sm-a525fzbgins-samsung-original-imagfb4xdvtk8zzb.jpeg?q=70,64,HD+ AMOLED,4500,128,6,Snapdragon720GProcessor,11
"SAMSUNG Galaxy Z Flip4 5G (Pink Gold, 256 GB)",3.7,29463,https://rukminim2.flixcart.com/image/312/312/xif0q/mobile/h/e/d/-original-imagh7nnemnbgtts.jpeg?q=70,12,HD+ AMOLED,3700,256,8,Snapdragon1P,12
"SAMSUNG Galaxy A34 5G (Awesome Silver, 128 GB)",4.3,28700,https://rukminim2.flixcart.com/image/312/312/xif0q/mobile/e/l/l/galaxy-a34-5g-sm-a346ezseins-samsung-original-imagnpz4fqyfqzqq.jpeg?q=70,48,other_types,5000,128,6,"Dimensity1080,",13
"SAMSUNG Galaxy F12 (Sky Blue, 128 GB)",4.3,11990,https://rukminim2.flixcart.com/image/312/312/kn22m4w0/mobile/9/k/s/galaxy-f12-sm-f127glbiins-samsung-original-imagftmhhhvghq7w.jpeg?q=70,48,other_types,6000,128,4,not mentioned,11
"SAMSUNG Galaxy A34 5G (Awesome Violet, 128 GB)",4.3,28999,https://rukminim2.flixcart.com/image/312/312/xif0q/mobile/7/j/y/galaxy-a34-5g-sm-a346elvcins-samsung-original-imagnpz5dhysxrgw.jpeg?q=70,48,other_types,5000,128,6,"Dimensity1080,",13
"SAMSUNG M32 5G (Slate Black, 128 GB)",4.1,16999,https://rukminim2.flixcart.com/image/312/312/xif0q/mobile/z/t/1/-original-imag6jm69crass7p.jpeg?q=70,48,other_types,5000,128,6,Dimensity720,11
"SAMSUNG Galaxy M31s (Mirage Black, 128 GB)",4.2,22898,https://rukminim2.flixcart.com/image/312/312/keekmfk0/mobile/n/g/p/samsung-galaxy-m31s-sm-m317fzkdins-original-imafv3py9qnwfeft.jpeg?q=70,64,other_types,6000,128,6,not mentioned,10
"SAMSUNG Galaxy A34 5G (Awesome Graphite, 128 GB)",4.3,28999,https://rukminim2.flixcart.com/image/312/312/xif0q/mobile/a/a/v/galaxy-a34-5g-sm-a346ezkeins-samsung-original-imagnpz4h7xg6pgg.jpeg?q=70,48,other_types,5000,128,6,"Dimensity1080,",13
"SAMSUNG Galaxy A04 (Black, 64 GB)",4.0,11199,https://rukminim2.flixcart.com/image/312/312/xif0q/mobile/7/3/k/-original-imagh2prjymxvgqz.jpeg?q=70,50,LCD,5000,64,4,not mentioned,12
"SAMSUNG Galaxy A04 (Copper, 128 GB)",4.0,12799,https://rukminim2.flixcart.com/image/312/312/xif0q/mobile/m/s/7/-original-imagh2pzxpvggmah.jpeg?q=70,50,LCD,5000,128,4,not mentioned,12
"SAMSUNG Galaxy A22 (Black, 128 GB)",4.2,20499,https://rukminim2.flixcart.com/image/312/312/krtjgcw0/mobile/m/r/e/galaxy-a22-sm-a225fzkrins-samsung-original-imag5j58wyhkdgtt.jpeg?q=70,48,AMOLED,5000,128,6,Heilo806769,11
"SAMSUNG Galaxy M12 (Blue, 128 GB)",4.2,15499,https://rukminim2.flixcart.com/image/312/312/kmwcuq80/mobile/7/p/5/galaxy-m12-galaxy-m12-samsung-original-imagfzuhqtn5kpvj.jpeg?q=70,48,other_types,6000,128,6,not mentioned,11
"SAMSUNG Galaxy Z Flip4 5G (Graphite, 128 GB)",3.7,24463,https://rukminim2.flixcart.com/image/312/312/xif0q/mobile/q/u/o/-original-imagh7nnpy9wgyzh.jpeg?q=70,12,HD+ AMOLED,3700,128,8,Snapdragon1P,12
"SAMSUNG Galaxy A33 (Awesome Black, 128 GB)",4.1,27699,https://rukminim2.flixcart.com/image/312/312/l3xcr680/mobile/n/u/4/-original-imagexeyrcz5ckyy.jpeg?q=70,48,other_types,5000,128,6,not mentioned,12
"SAMSUNG Galaxy A23 (Black, 128 GB)",4.3,18790,https://rukminim2.flixcart.com/image/312/312/l19m93k0/mobile/s/g/h/-original-imagcv8jdxumgvxy.jpeg?q=70,50,other_types,5000,128,8,not mentioned,12
"SAMSUNG A04 E (Copper, 128 GB)",4.1,11499,https://rukminim2.flixcart.com/image/312/312/xif0q/mobile/h/h/g/a04-e-sm-a042fzck-samsung-original-imagh8hxsfkstsxz.jpeg?q=70,13,other_types,5000,128,4,not mentioned,4
"SAMSUNG Galaxy A04e (Light Blue, 128 GB)",4.1,11499,https://rukminim2.flixcart.com/image/312/312/xif0q/mobile/y/j/q/-original-imagh2pzwytdknpx.jpeg?q=70,13,LCD,5000,128,4,not mentioned,12
"SAMSUNG Galaxy A52 (Awesome Black, 128 GB)",4.3,24999,https://rukminim2.flixcart.com/image/312/312/kmf7ki80/mobile/r/z/1/galaxy-a52-sm-a525fzkhins-samsung-original-imagfb4vgf9eez3j.jpeg?q=70,64,HD+ AMOLED,4500,128,6,Snapdragon720GProcessor,11
"SAMSUNG Galaxy A13 (Black, 64 GB)",4.1,18490,https://rukminim2.flixcart.com/image/312/312/l19m93k0/mobile/g/q/o/-original-imagcv74epgf4fya.jpeg?q=70,50,other_types,5000,64,4,not mentioned,12
"SAMSUNG Galaxy J6 (Blue, 64 GB)",4.5,9999,https://rukminim2.flixcart.com/image/312/312/jjelq4w0/mobile/w/n/8/samsung-galaxy-j6-sm-j600gzbgins-original-imaf6zpf6q8tjcva.jpeg?q=70,13,other_types,3000,64,4,not mentioned,8
"SAMSUNG Galaxy A13 (Blue, 128 GB)",4.2,16499,https://rukminim2.flixcart.com/image/312/312/l19m93k0/mobile/q/u/z/-original-imagcv74cev7ges4.jpeg?q=70,50,other_types,5000,128,6,not mentioned,12
"SAMSUNG Galaxy F12 (Sea Green, 128 GB)",4.3,12990,https://rukminim2.flixcart.com/image/312/312/kn22m4w0/mobile/a/q/8/galaxy-f12-sm-f127gzgiins-samsung-original-imagftmjw3xqg4yk.jpeg?q=70,48,other_types,6000,128,4,not mentioned,11
"SAMSUNG M53 5G (Mystique Green, 128 GB)",4.1,26999,https://rukminim2.flixcart.com/image/312/312/xif0q/mobile/r/b/2/-original-imagfzj8e8hytax2.jpeg?q=70,108,other_types,5000,128,6,not mentioned,12
"SAMSUNG Galaxy A70s (Prism Crush White, 128 GB)",4.3,30500,https://rukminim2.flixcart.com/image/312/312/kgjqefk0/mobile/j/s/5/samsung-galaxy-a70s-sm-a707fzwwins-original-imafwrdhsyfzh6yg.jpeg?q=70,64,other_types,4500,128,8,not mentioned,9
"SAMSUNG Galaxy On Nxt (Black, 64 GB)",4.3,17900,https://rukminim2.flixcart.com/image/312/312/jjolt3k0/mobile-refurbished/g/f/a/galaxy-on-nxt-32-u-sm-g610fzkgins-samsung-3-original-imaet97hkjd6eyfc.jpeg?q=70,13,other_types,3300,64,3,not mentioned,6
"SAMSUNG Galaxy Z Flip4 5G (Bora Purple, 128 GB)",3.7,24463,https://rukminim2.flixcart.com/image/312/312/xif0q/mobile/2/v/7/-original-imagh7nnb7ssj3xq.jpeg?q=70,12,HD+ AMOLED,3700,128,8,Snapdragon1P,12
"SAMSUNG Galaxy A14 (Black, 128 GB)",3.9,15499,https://rukminim2.flixcart.com/image/312/312/xif0q/mobile/9/n/3/galaxy-a14-sm-a145fzkdins-samsung-original-imagq6czznggphyk.jpeg?q=70,50,LCD,5000,128,4,not mentioned,13
"SAMSUNG Galaxy A14 (Light Green, 128 GB)",3.9,15499,https://rukminim2.flixcart.com/image/312/312/xif0q/mobile/e/e/c/galaxy-a14-sm-a145flgdins-samsung-original-imagq6czvb7qgbmc.jpeg?q=70,50,LCD,5000,128,4,not mentioned,13
"SAMSUNG Galaxy A13 (Green, 64 GB)",4.1,15999,https://rukminim2.flixcart.com/image/312/312/xif0q/mobile/f/e/o/-original-imaggy3yrdqzsvfc.jpeg?q=70,50,other_types,5000,64,4,not mentioned,12
"SAMSUNG Galaxy J6 (Black, 64 GB)",4.5,9999,https://rukminim2.flixcart.com/image/312/312/jjelq4w0/mobile/e/3/a/samsung-galaxy-j6-sm-j600gzkgins-original-imaf6zpe7vrnygsn.jpeg?q=70,13,other_types,3000,64,4,not mentioned,8
"SAMSUNG Galaxy On Nxt (Gold, 64 GB)",4.3,17900,https://rukminim2.flixcart.com/image/312/312/jjolt3k0/mobile-refurbished/y/m/5/galaxy-on-nxt-32-u-sm-g610fzdgins-samsung-3-original-imaet97hmqvfn5a6.jpeg?q=70,13,other_types,3300,64,3,not mentioned,6
"SAMSUNG Galaxy On Max (Gold, 32 GB)",4.3,19900,https://rukminim2.flixcart.com/image/312/312/j4sronk0/mobile/3/z/h/samsung-on-max-sm-g615fzduins-original-imaevmfxe8xpzsw6.jpeg?q=70,13,other_types,3300,32,4,MediaTek,7
"SAMSUNG Galaxy M32 (Light Blue, 64 GB)",4.2,16999,https://rukminim2.flixcart.com/image/312/312/xif0q/mobile/5/n/y/-original-imag4pfh5k9anrfc.jpeg?q=70,48,other_types,6000,64,4,not mentioned,11
"SAMSUNG Galaxy M34 5G without charger (Prism Silver, 128 GB)",3.7,24490,https://rukminim2.flixcart.com/image/312/312/xif0q/mobile/p/i/g/galaxy-m34-5g-without-charger-sm-m346b-samsung-original-imagrhrhbuja8grh.jpeg?q=70,50,other_types,6000,128,8,not mentioned,13
"SAMSUNG Galaxy A13 (Peach, 64 GB)",4.2,14499,https://rukminim2.flixcart.com/image/312/312/l19m93k0/mobile/w/g/x/-original-imagcv74zmfuu3cx.jpeg?q=70,50,other_types,5000,64,4,not mentioned,12
"SAMSUNG Galaxy S22 ultra 5G (Burgundy, 256 GB)",4.4,23463,https://rukminim2.flixcart.com/image/312/312/l3khsi80/mobile/f/s/y/galaxy-s22-ultra-5g-sm-s08edrginu-sm-s908e-ds-samsung-original-imagenuuky3dbc2d.jpeg?q=70,108,other_types,5000,256,12,not mentioned,12
"SAMSUNG Galaxy M34 5G without charger (Prism Silver, 128 GB)",3.7,21299,https://rukminim2.flixcart.com/image/312/312/xif0q/mobile/p/i/g/galaxy-m34-5g-without-charger-sm-m346b-samsung-original-imagrhrhbuja8grh.jpeg?q=70,50,other_types,6000,128,6,not mentioned,13
"SAMSUNG Galaxy On6 (Blue, 64 GB)",4.3,17600,https://rukminim2.flixcart.com/image/312/312/jit64cw0-1/mobile/k/y/9/samsung-galaxy-on6-sm-j600gf-original-imaf6j6py3cnep8f.jpeg?q=70,13,other_types,3000,64,4,not mentioned,8
"SAMSUNG Galaxy Z Flip4 5G (Pink Gold, 128 GB)",4.2,24463,https://rukminim2.flixcart.com/image/312/312/xif0q/mobile/h/e/d/-original-imagh7nnemnbgtts.jpeg?q=70,12,HD+ AMOLED,3700,128,8,Snapdragon1P,12
"SAMSUNG Galaxy A23 (Peach, 128 GB)",4.0,18990,https://rukminim2.flixcart.com/image/312/312/l19m93k0/mobile/5/k/x/-original-imagcv8jubmd9pb6.jpeg?q=70,50,other_types,5000,128,8,not mentioned,12
"SAMSUNG Galaxy A12 (Blue, 64 GB)",4.5,13999,https://rukminim2.flixcart.com/image/312/312/krz97rk0/mobile/g/n/h/galaxy-a12-mtk-g35-sm-a125fzbjins-samsung-original-imag5n53wm8rg4tw.jpeg?q=70,48,LCD,5000,64,4,not mentioned,11
"SAMSUNG Galaxy On Max (Black, 32 GB)",4.1,19900,https://rukminim2.flixcart.com/image/312/312/j4sronk0/mobile/e/n/w/samsung-on-max-sm-g615fzkuins-original-imaevmfxesgjatny.jpeg?q=70,13,other_types,3300,32,4,MediaTek,7
"SAMSUNG Galaxy Z Fold3 5G (Phantom Green, 256 GB)",4.3,18927,https://rukminim2.flixcart.com/image/312/312/ksqeky80/mobile/x/7/1/galaxy-z-fold3-5g-sm-f926bzgdinu-samsung-original-imag68q6hpdwmngw.jpeg?q=70,12,AMOLED,4400,256,12,Snapdragon888,11
"SAMSUNG Galaxy A13 (Green, 128 GB)",4.3,19990,https://rukminim2.flixcart.com/image/312/312/xif0q/mobile/f/e/o/-original-imaggy3yrdqzsvfc.jpeg?q=70,50,other_types,5000,128,4,not mentioned,12
"SAMSUNG Galaxy F02s (Diamond Blue, 64 GB)",4.2,10990,https://rukminim2.flixcart.com/image/312/312/kn22m4w0/mobile/t/z/7/galaxy-f02s-sm-e025fdbfins-samsung-original-imagfthzytxvkmb2.jpeg?q=70,13,other_types,5000,64,4,Snapdragon450,10
"SAMSUNG Galaxy M30s (Quartz Green, 64 GB)",4.2,12990,https://rukminim2.flixcart.com/image/312/312/xif0q/mobile/b/j/w/galaxy-m30s-sm-m307fzgdins-samsung-original-imagrcbmpcsswmqm.jpeg?q=70,48,other_types,6000,64,4,not mentioned,9
"SAMSUNG Galaxy J3 Pro (Black, 16 GB)",4.2,8490,https://rukminim2.flixcart.com/image/312/312/j3orcsw0/mobile/h/w/k/samsung-galaxy-j3-pro-sm-j320fzkgins-original-imaeurqgzeasewhg.jpeg?q=70,8,other_types,2600,16,2,not mentioned,10
"SAMSUNG Galaxy A13 (Blue, 128 GB)",4.1,15499,https://rukminim2.flixcart.com/image/312/312/l19m93k0/mobile/q/u/z/-original-imagcv74cev7ges4.jpeg?q=70,50,other_types,5000,128,4,not mentioned,12
"SAMSUNG Galaxy J3 Pro (Gold, 16 GB)",4.2,8490,https://rukminim2.flixcart.com/image/312/312/j3orcsw0/mobile/r/p/v/samsung-galaxy-j3-pro-sm-j320fzdgins-original-imaeurqgnaz4puyt.jpeg?q=70,8,other_types,2600,16,2,not mentioned,5
"SAMSUNG Galaxy S22 5G (Green, 256 GB)",4.3,14463,https://rukminim2.flixcart.com/image/312/312/xif0q/mobile/j/y/6/-original-imaggj686yhjdrgk.jpeg?q=70,50,AMOLED,3700,256,8,not mentioned,12
"SAMSUNG Galaxy S22 Ultra 5G (Phantom White, 256 GB)",4.2,26462,https://rukminim2.flixcart.com/image/312/312/xif0q/mobile/y/c/t/-original-imaggj699hhujaqe.jpeg?q=70,108,AMOLED,5000,256,12,not mentioned,12
"SAMSUNG Galaxy Z Fold4 5G (Graygreen, 256 GB)",4.2,23927,https://rukminim2.flixcart.com/image/312/312/xif0q/mobile/p/v/o/-original-imagh7nzmxwmbpvf.jpeg?q=70,50,HD+ AMOLED,4400,256,12,Snapdragon1P,12
"SAMSUNG Galaxy M12 (White, 128 GB)",4.1,16999,https://rukminim2.flixcart.com/image/312/312/kmwcuq80/mobile/6/1/0/galaxy-m12-galaxy-m12-samsung-original-imagfzug8wycsxnb.jpeg?q=70,48,other_types,6000,128,6,not mentioned,11
"SAMSUNG Galaxy A30s (Prism Crush White, 64 GB)",4.3,18900,https://rukminim2.flixcart.com/image/312/312/k4vmxzk0/mobile/5/y/k/samsung-galaxy-a30s-sm-a307fzwvins-original-imafk8hxudftet9g.jpeg?q=70,25,other_types,4000,64,4,not mentioned,9
"SAMSUNG Galaxy A50s (Prism Crush Violet, 128 GB)",4.3,21070,https://rukminim2.flixcart.com/image/312/312/k0flmkw0/mobile/x/e/s/samsung-galaxy-a50s-sm-a507fzlvins-original-imafk8h4pfhftnz6.jpeg?q=70,48,other_types,4000,128,4,not mentioned,9
"SAMSUNG Galaxy On Nxt (Gold, 16 GB)",4.3,11200,https://rukminim2.flixcart.com/image/312/312/jbqtqq80/mobile/s/8/9/samsung-galaxy-on-nxt-sm-g610fzdiins-original-imafff3naye6xhz5.jpeg?q=70,13,other_types,3300,16,3,not mentioned,6
"SAMSUNG Galaxy A50s (Prism Crush Black, 128 GB)",2.9,21070,https://rukminim2.flixcart.com/image/312/312/k2jbyq80pkrrdj/mobile-refurbished/f/z/r/galaxy-a50s-128-gb-b-sm-a507fzkvins-samsung-4-original-imafk8h5pchaezfy.jpeg?q=70,48,other_types,4000,128,4,not mentioned,9
"SAMSUNG Galaxy Z Fold4 5G (Phantom Black, 256 GB)",3.9,23927,https://rukminim2.flixcart.com/image/312/312/xif0q/mobile/f/n/h/-original-imagh7nzh2gcdj2x.jpeg?q=70,50,HD+ AMOLED,4400,256,12,Snapdragon1P,12
"SAMSUNG M01 core (Blue, 32 GB)",4.2,6490,https://rukminim2.flixcart.com/image/312/312/kddf6a80/mobile/g/y/v/samsung-m01-core-b089mv96rw-original-imafuaghffexhag6.jpeg?q=70,8,LCD,3000,32,2,MediaTek,10
"SAMSUNG Galaxy A03s (Blue, 64 GB)",4.2,11499,https://rukminim2.flixcart.com/image/312/312/ksgehzk0/mobile/x/q/1/galaxy-a03s-sm-a037fzbgins-sm-a037fzb6ins-samsung-original-imag6ygnvtkhgjzg.jpeg?q=70,50,LCD,5000,64,4,not mentioned,12
"SAMSUNG Galaxy M14 5G (ICY Silver, 128 GB)",4.2,14885,https://rukminim2.flixcart.com/image/312/312/xif0q/mobile/6/2/5/galaxy-m14-5g-sm-m146b-samsung-original-imagzwrqnpzujxks.jpeg?q=70,50,other_types,6000,128,4,Snapdragon(SDM450-F01),10
"SAMSUNG Galaxy M14 5G (Smoky Teal, 128 GB)",4.2,17989,https://rukminim2.flixcart.com/image/312/312/xif0q/mobile/e/6/d/galaxy-m14-5g-sm-m146b-samsung-original-imagzvnkybtue5da.jpeg?q=70,50,other_types,6000,128,6,not mentioned,13
"SAMSUNG Galaxy M14 5G (Berry Blue, 128 GB)",4.2,15490,https://rukminim2.flixcart.com/image/312/312/xif0q/mobile/x/x/n/galaxy-m14-5g-sm-m146b-samsung-original-imagzwssnfnzkpex.jpeg?q=70,50,other_types,6000,128,6,not mentioned,13
"SAMSUNG Galaxy M52 5G (Icy Blue, 128 GB)",4.4,28999,https://rukminim2.flixcart.com/image/312/312/xif0q/mobile/w/w/h/-original-imag7zx66vpkp9mg.jpeg?q=70,64,other_types,5000,128,6,not mentioned,11
"SAMSUNG Galaxy A50 (Black, 64 GB)",4.4,24000,https://rukminim2.flixcart.com/image/312/312/jsyyufk0/mobile/e/9/v/samsung-galaxy-a50-sm-a505fzkgins-original-imafefgh2bgdetj4.jpeg?q=70,25,AMOLED,4000,64,6,not mentioned,9
"SAMSUNG Galaxy M52 5G (Blazing Black, 128 GB)",4.4,24999,https://rukminim2.flixcart.com/image/312/312/xif0q/mobile/p/5/r/-original-imag7h2tmrsaugcz.jpeg?q=70,64,other_types,5000,128,6,not mentioned,11
"SAMSUNG Galaxy S23 Ultra 5G (Green, 1 TB)",4.0,23927,https://rukminim2.flixcart.com/image/312/312/xif0q/mobile/2/s/7/-original-imagmg6gktts6sfy.jpeg?q=70,200,HD+ AMOLED,5000,1,12,Gen8,13
"SAMSUNG Galaxy A04 (Copper, 64 GB)",4.4,11199,https://rukminim2.flixcart.com/image/312/312/xif0q/mobile/m/s/7/-original-imagh2pzxpvggmah.jpeg?q=70,50,LCD,5000,64,4,not mentioned,12
"SAMSUNG Galaxy J6 (Blue, 32 GB)",4.3,11500,https://rukminim2.flixcart.com/image/312/312/jjelq4w0/mobile/w/n/8/samsung-galaxy-j6-sm-j600gzbgins-original-imaf6zpf6q8tjcva.jpeg?q=70,13,other_types,3000,32,3,not mentioned,8
"SAMSUNG Galaxy S22 5G (Phantom White, 256 GB)",4.2,7463,https://rukminim2.flixcart.com/image/312/312/xif0q/mobile/l/4/i/-original-imaggj686gertymh.jpeg?q=70,50,AMOLED,3700,256,8,not mentioned,12
"SAMSUNG Galaxy M11 (Black, 32 GB)",4.3,12999,https://rukminim2.flixcart.com/image/312/312/kavefm80/mobile/6/y/t/samsung-galaxy-m11-sm-m115fzkeins-original-imafscjyhxwghgwf.jpeg?q=70,13,LCD,5000,32,3,Snapdragon(SDM450-F01),10
"SAMSUNG Galaxy Z Flip4 5G (Bora Purple, 256 GB)",4.3,29463,https://rukminim2.flixcart.com/image/312/312/xif0q/mobile/2/v/7/-original-imagh7nnb7ssj3xq.jpeg?q=70,12,HD+ AMOLED,3700,256,8,Snapdragon1P,12
"SAMSUNG Galaxy A50s (Prism Crush White, 128 GB)",4.3,24900,https://rukminim2.flixcart.com/image/312/312/k0flmkw0/mobile/v/n/a/samsung-galaxy-a50s-sm-a507fzwvins-original-imafk8h46pjhgwms.jpeg?q=70,48,other_types,4000,128,4,not mentioned,9
"SAMSUNG Galaxy M33 5G (Deep Ocean Blue, 128 GB)",3.9,19990,https://rukminim2.flixcart.com/image/312/312/xif0q/mobile/o/w/a/-original-imagdc87gdyremd3.jpeg?q=70,50,other_types,6000,128,8,not mentioned,13
"SAMSUNG Galaxy A14 (Silver, 128 GB)",4.2,16399,https://rukminim2.flixcart.com/image/312/312/xif0q/mobile/8/5/z/galaxy-a14-sm-a145fzsdins-samsung-original-imagq6cp4mbhejzn.jpeg?q=70,50,LCD,5000,128,4,not mentioned,12
"SAMSUNG Galaxy F54 5G (Meteor Blue, 256 GB)",4.1,29999,https://rukminim2.flixcart.com/image/312/312/xif0q/mobile/y/2/b/galaxy-f54-5g-sm-e546bdbhins-samsung-original-imagq79fjhhcb6u2.jpeg?q=70,108,HD+ AMOLED,6000,256,8,not mentioned,13
"SAMSUNG Galaxy A14 (Light Green, 64 GB)",3.9,13999,https://rukminim2.flixcart.com/image/312/312/xif0q/mobile/e/e/c/galaxy-a14-sm-a145flgdins-samsung-original-imagq6czvb7qgbmc.jpeg?q=70,50,LCD,5000,64,4,not mentioned,13
"SAMSUNG Galaxy S22 5G (Phantom Black, 256 GB)",4.3,7463,https://rukminim2.flixcart.com/image/312/312/xif0q/mobile/b/2/9/-original-imaggj68htbzzfhy.jpeg?q=70,50,AMOLED,3700,256,8,not mentioned,12
"SAMSUNG Galaxy A13 (Blue, 64 GB)",4.1,14990,https://rukminim2.flixcart.com/image/312/312/l19m93k0/mobile/q/u/z/-original-imagcv74cev7ges4.jpeg?q=70,50,other_types,5000,64,4,not mentioned,12
"SAMSUNG Galaxy M12 (Black, 128 GB)",4.0,16999,https://rukminim2.flixcart.com/image/312/312/kmwcuq80/mobile/m/1/b/galaxy-m12-galaxy-m12-samsung-original-imagfzunsgwpfgbd.jpeg?q=70,48,other_types,6000,128,6,not mentioned,11
"SAMSUNG Galaxy S22 Plus 5G (Green, 256 GB)",4.3,23463,https://rukminim2.flixcart.com/image/312/312/xif0q/mobile/u/f/p/-original-imaggj68zy3fbtzy.jpeg?q=70,50,AMOLED,4500,256,8,Gen8,12
"SAMSUNG Galaxy S22 5G (Phantom White, 128 GB)",4.4,7454,https://rukminim2.flixcart.com/image/312/312/xif0q/mobile/l/4/i/-original-imaggj686gertymh.jpeg?q=70,50,AMOLED,3700,128,8,not mentioned,12
"SAMSUNG Galaxy A7 (Black, 64 GB)",4.1,22300,https://rukminim2.flixcart.com/image/312/312/jmgmmq80/mobile/r/z/z/samsung-galaxy-a7-sm-a750fzkhins-original-imaf9d35udmkv2rg.jpeg?q=70,24,AMOLED,3300,64,4,not mentioned,8
"SAMSUNG GALAXY M13 5G (Aqua Green, 128 GB)",4.2,14990,https://rukminim2.flixcart.com/image/312/312/xif0q/mobile/z/u/a/-original-imagghcygdr6gngh.jpeg?q=70,50,other_types,5000,128,6,not mentioned,12
"SAMSUNG Galaxy A04s (Copper, 128 GB)",4.0,14499,https://rukminim2.flixcart.com/image/312/312/xif0q/mobile/5/v/a/-original-imaghufzhr9hhhnj.jpeg?q=70,50,other_types,5000,128,4,not mentioned,12
"SAMSUNG S22 Ultra 5G (Burgundy, 256 GB)",4.3,23463,https://rukminim2.flixcart.com/image/312/312/l1pc3gw0/mobile/5/3/m/s22-ultra-5g-256gb-12gb-ram-burgundy-s22-ultra-samsung-original-imagd79exg8w9gmq.jpeg?q=70,108,other_types,5000,256,12,not mentioned,10
"SAMSUNG Galaxy A22 5G (Violet, 128 GB)",4.1,19999,https://rukminim2.flixcart.com/image/312/312/ks3jjbk0/mobile/2/r/a/a22-5g-sm-a226b-ds-samsung-original-imag5qzck3mkjvqn.jpeg?q=70,48,other_types,5000,128,8,Dimensity700,11
"SAMSUNG Galaxy A22 5G (Gray, 128 GB)",4.3,15690,https://rukminim2.flixcart.com/image/312/312/krme93k0/mobile/0/d/n/galaxy-a22-5g-sm-a226bzajins-samsung-original-imag5dgh3fpehhhx.jpeg?q=70,48,TFT,5000,128,6,Dimensity700,11
"SAMSUNG Galaxy F12 (Celestial Black, 64 GB)",4.3,10499,https://rukminim2.flixcart.com/image/312/312/kn22m4w0/mobile/6/o/e/galaxy-f12-sm-f127gzkgins-samsung-original-imagftmhuqq3arbg.jpeg?q=70,48,other_types,6000,64,4,not mentioned,10
"SAMSUNG Galaxy M21 (Midnight Blue, 64 GB)",4.2,14248,https://rukminim2.flixcart.com/image/312/312/kah413k0/mobile/z/m/g/samsung-galaxy-m21-b07hgjj55il-original-imafsfewggf3dqwc.jpeg?q=70,48,other_types,6000,64,4,not mentioned,11
"SAMSUNG Galaxy A12 (White, 64 GB)",4.3,11975,https://rukminim2.flixcart.com/image/312/312/krz97rk0/mobile/g/3/m/galaxy-a12-exynos-850-sm-a127fzwjins-samsung-original-imag5n52vmhdygr2.jpeg?q=70,48,LCD,5000,64,4,not mentioned,10
"SAMSUNG Galaxy F41 (Fusion Black, 64 GB)",4.0,15999,https://rukminim2.flixcart.com/image/312/312/kfzq8i80/mobile/w/s/2/samsung-galaxy-f41-sm-f415fzkdins-original-imafwbnvxuhzvtpv.jpeg?q=70,64,other_types,6000,64,6,not mentioned,9
"SAMSUNG Galaxy On6 (Black, 64 GB)",4.4,17600,https://rukminim2.flixcart.com/image/312/312/jit64cw0-1/mobile/4/8/h/samsung-galaxy-on6-sm-j600gf-original-imaf6j6zhqa3yfvz.jpeg?q=70,13,AMOLED,4000,64,6,not mentioned,9
"SAMSUNG Galaxy F62 (Laser Grey, 128 GB)",4.2,23999,https://rukminim2.flixcart.com/image/312/312/klb78nk0/mobile/4/y/h/galaxy-f62-sm-e625fzkdins-samsung-original-imagygxzrsmbhptk.jpeg?q=70,64,AMOLED,5000,128,6,not mentioned,10
"SAMSUNG Galaxy M42 5G (Prism Dot Black, 128 GB)",4.3,21450,https://rukminim2.flixcart.com/image/312/312/koenl3k0/mobile/c/b/r/galaxy-m42-5g-sm-m426bzkgins-samsung-original-imag2vggv8jqgh7s.jpeg?q=70,48,other_types,6000,64,4,not mentioned,10
"SAMSUNG Galaxy M30s (Blue, 64 GB)",4.1,13999,https://rukminim2.flixcart.com/image/312/312/k51cpe80pkrrdj/mobile/g/f/m/samsung-galaxy-m30s-sm-m307fzbdins-original-imafkzzf3vfqzrfz.jpeg?q=70,48,other_types,5000,128,8,not mentioned,9
"SAMSUNG Galaxy A33 (Awesome White, 128 GB)",4.3,27499,https://rukminim2.flixcart.com/image/312/312/l3xcr680/mobile/9/8/x/-original-imagexexsaxegzxk.jpeg?q=70,48,other_types,6000,64,4,Snapdragon(SDM450-F01),7
"SAMSUNG Galaxy M21 (Raven Black, 64 GB)",4.2,12999,https://rukminim2.flixcart.com/image/312/312/kah413k0/mobile/d/m/z/samsung-galaxy-m21-b07hgh8d2r-original-imafsfexgymaayrk.jpeg?q=70,48,LCD,5000,64,4,MediaTek,10
"SAMSUNG Galaxy M11 (Violet, 64 GB)",4.4,12999,https://rukminim2.flixcart.com/image/312/312/kavefm80/mobile/h/c/y/samsung-galaxy-m11-sm-m115fzleins-original-imafscgysncykdxv.jpeg?q=70,13,other_types,4000,32,2,not mentioned,12
"SAMSUNG Galaxy A10s (Blue, 32 GB)",4.6,9490,https://rukminim2.flixcart.com/image/312/312/k2jbyq80pkrrdj/mobile-refurbished/q/m/g/galaxy-a10s-32-gb-c-sm-a107fzbdins-samsung-2-original-imafjycggdwt5akh.jpeg?q=70,13,other_types,3300,64,6,Snapdragon(SDM439),10
"SAMSUNG Galaxy Note 8 (Orchid Grey, 64 GB)",4.2,8464,https://rukminim2.flixcart.com/image/312/312/js98x3k0/mobile/g/h/a/samsung-galaxy-note-8-na-original-imafdvaqjabwvguk.jpeg?q=70,12,LCD,4000,32,3,not mentioned,10
"SAMSUNG Galaxy M01 (Red, 32 GB)",4.2,8999,https://rukminim2.flixcart.com/image/312/312/kavefm80/mobile/b/g/z/samsung-galaxy-m01-sm-m015gzrdins-original-imafscggbdypyqqc.jpeg?q=70,13,other_types,6000,64,4,Snapdragon(SDM450-F01),10
"SAMSUNG Galaxy M32 Prime Edition (Black, 64 GB)",4.2,12185,https://rukminim2.flixcart.com/image/312/312/xif0q/mobile/q/2/e/-original-imagjhqzefepgn4t.jpeg?q=70,64,LCD,5000,32,3,not mentioned,11
"SAMSUNG Galaxy M11 (Metallic Blue, 32 GB)",4.3,10999,https://rukminim2.flixcart.com/image/312/312/kavefm80/mobile/w/u/z/samsung-galaxy-m11-sm-m115fmbeins-original-imafscgycugcewty.jpeg?q=70,13,other_types,6000,64,6,not mentioned,11
"SAMSUNG Galaxy A22 5G (Gray, 128 GB)",4.1,23999,https://rukminim2.flixcart.com/image/312/312/krme93k0/mobile/0/d/n/galaxy-a22-5g-sm-a226bzajins-samsung-original-imag5dgh3fpehhhx.jpeg?q=70,64,TFT,5000,128,6,Dimensity700,11
"SAMSUNG Galaxy F42 5G (Matte Aqua, 128 GB)",4.3,20999,https://rukminim2.flixcart.com/image/312/312/ku4ezrk0/mobile/6/z/p/galaxy-f42-5g-sm-e426bzbgins-samsung-original-imag7anfz8jzxkv4.jpeg?q=70,48,other_types,5000,128,6,Dimensity700,10
"SAMSUNG Galaxy F22 (Denim Black, 128 GB)",3.9,13499,https://rukminim2.flixcart.com/image/312/312/kqqykcw0/mobile/p/y/u/galaxy-f22-sm-e225fzkhins-samsung-original-imag4z99fagskjxd.jpeg?q=70,8,other_types,6000,16,1,Heilo80P,11
"SAMSUNG Galaxy F02s (Diamond White, 32 GB)",4.2,10499,https://rukminim2.flixcart.com/image/312/312/kn22m4w0/mobile/n/u/a/galaxy-f02s-sm-e025fawfins-samsung-original-imagfthzsy3btzkj.jpeg?q=70,64,other_types,5000,128,6,Snapdragon450,12
"SAMSUNG Galaxy M32 (Light Blue, 128 GB)",4.0,13402,https://rukminim2.flixcart.com/image/312/312/xif0q/mobile/i/3/x/-original-imag4pfh2p9hhygz.jpeg?q=70,64,other_types,6000,128,6,not mentioned,12
"SAMSUNG Galaxy A53 (Awesome Black, 128 GB)",4.2,31999,https://rukminim2.flixcart.com/image/312/312/l3xcr680/mobile/f/b/6/-original-imagexeyn7p8ehzh.jpeg?q=70,5,HD+ AMOLED,5000,16,1,not mentioned,11
"SAMSUNG Galaxy M32 Prime Edition (Light Blue, 64 GB)",4.2,11370,https://rukminim2.flixcart.com/image/312/312/xif0q/mobile/r/f/n/-original-imagjhr894wgfzzc.jpeg?q=70,64,other_types,6000,128,6,not mentioned,12
"SAMSUNG Galaxy A22 (Black, 128 GB)",4.0,16999,https://rukminim2.flixcart.com/image/312/312/kqqykcw0/mobile/6/3/t/a22-sm-a22sf-ds-samsung-original-imag4pfdwfpbjguk.jpeg?q=70,48,other_types,5000,128,6,not mentioned,11
"SAMSUNG Galaxy A53 (Awesome Peach, 128 GB)",4.2,31999,https://rukminim2.flixcart.com/image/312/312/l3xcr680/mobile/1/9/o/-original-imagexezfaz48pzt.jpeg?q=70,64,HD+ AMOLED,5000,64,4,not mentioned,12
"SAMSUNG Galaxy A12 (Blue, 64 GB)",4.2,12999,https://rukminim2.flixcart.com/image/312/312/krz97rk0/mobile/g/n/h/galaxy-a12-mtk-g35-sm-a125fzbjins-samsung-original-imag5n53wm8rg4tw.jpeg?q=70,48,LCD,5000,64,4,not mentioned,11
"SAMSUNG Galaxy M32 Prime Edition (Light Blue, 64 GB)",4.1,12678,https://rukminim2.flixcart.com/image/312/312/xif0q/mobile/r/f/n/-original-imagjhr894wgfzzc.jpeg?q=70,50,other_types,6000,64,4,not mentioned,12
"SAMSUNG Galaxy A03 (Blue, 64 GB)",4.1,11499,https://rukminim2.flixcart.com/image/312/312/l0sgyvk0/mobile/z/4/7/-original-imagchh89wufbej2.jpeg?q=70,13,other_types,5000,64,4,not mentioned,10
"SAMSUNG Galaxy A13 (White, 64 GB)",4.3,14499,https://rukminim2.flixcart.com/image/312/312/l19m93k0/mobile/p/h/e/-original-imagcv7424zgvfk8.jpeg?q=70,5,other_types,5000,128,4,not mentioned,11
"SAMSUNG M02s (Blue, 32 GB)",4.0,8597,https://rukminim2.flixcart.com/image/312/312/kk2wl8w0/mobile/o/c/v/m02s-sb08rswhmz65-samsung-original-imafzg9at5uyrwhh.jpeg?q=70,64,other_types,5000,8,1,Snapdragon450P,11
"SAMSUNG Galaxy M32 5G (Sky Blue, 128 GB)",4.2,18999,https://rukminim2.flixcart.com/image/312/312/xif0q/mobile/z/t/1/-original-imag6jm69crass7p.jpeg?q=70,48,other_types,5000,128,8,not mentioned,10
"SAMSUNG Galaxy M42 5G (Prism Dot Gray, 128 GB)",4.2,20909,https://rukminim2.flixcart.com/image/312/312/koenl3k0/mobile/z/x/r/galaxy-m42-5g-sm-m426bzkgins-samsung-original-imag2vpg9gthtpgz.jpeg?q=70,48,AMOLED,5000,128,6,Snapdragon750G,10
"SAMSUNG Galaxy M02 (Black, 32 GB)",4.1,7430,https://rukminim2.flixcart.com/image/312/312/kkzrpu80/mobile/q/0/5/galaxy-m02-b08t2nnt4s1-samsung-original-imagy73chee62pyq.jpeg?q=70,13,other_types,5000,32,2,MediaTek,9
"SAMSUNG Galaxy M32 Prime Edition (Black, 64 GB)",4.2,11400,https://rukminim2.flixcart.com/image/312/312/xif0q/mobile/q/2/e/-original-imagjhqzefepgn4t.jpeg?q=70,48,other_types,6000,64,4,not mentioned,10
"SAMSUNG Galaxy A21s (Blue, 64 GB)",4.2,19999,https://rukminim2.flixcart.com/image/312/312/kbi9h8w0/mobile/q/2/x/samsung-galaxy-a21s-sm-a217fzbfins-original-imafsuyataz9hpmz.jpeg?q=70,32,other_types,5000,64,6,not mentioned,11
"SAMSUNG Galaxy M40 (Midnight Blue, 128 GB)",4.0,15798,https://rukminim2.flixcart.com/image/312/312/k51cpe80pkrrdj/mobile/t/p/8/samsung-galaxy-m40-m40-original-imafgrennxenxgfh.jpeg?q=70,13,other_types,3500,128,6,MediaTek,11
"SAMSUNG Galaxy A12 (Black, 64 GB)",4.3,12999,https://rukminim2.flixcart.com/image/312/312/krz97rk0/mobile/v/2/z/galaxy-a12-exynos-850-sm-a127fzkjins-samsung-original-imag5n52vuufpgcp.jpeg?q=70,48,LCD,5000,64,4,not mentioned,11
"SAMSUNG Galaxy F12 (Celestial Black, 128 GB)",3.6,11499,https://rukminim2.flixcart.com/image/312/312/kn22m4w0/mobile/6/o/e/galaxy-f12-sm-f127gzkgins-samsung-original-imagftmhuqq3arbg.jpeg?q=70,5,other_types,6000,128,4,not mentioned,12
"SAMSUNG Galaxy M32 5G (Slate Black, 128 GB)",4.2,18499,https://rukminim2.flixcart.com/image/312/312/xif0q/mobile/h/z/x/-original-imag6jmvqyef5nyf.jpeg?q=70,64,other_types,5000,128,8,Heilo80P,10
"SAMSUNG Galaxy A32 (Awesome Blue, 128 GB)",4.3,23499,https://rukminim2.flixcart.com/image/312/312/kwmfqfk0/mobile/t/t/6/-original-imag98znfq8jpauy.jpeg?q=70,64,AMOLED,5000,128,8,not mentioned,10
"SAMSUNG Galaxy M32 Prime Edition (Black, 128 GB)",4.3,14499,https://rukminim2.flixcart.com/image/312/312/xif0q/mobile/q/2/e/-original-imagjhqzefepgn4t.jpeg?q=70,48,other_types,6000,128,6,not mentioned,13
"SAMSUNG Galaxy A51 (Prism Crush Blue, 128 GB)",4.2,27999,https://rukminim2.flixcart.com/image/312/312/k62i5jk0/mobile/c/n/s/samsung-galaxy-a51-sm-a515fzbhins-original-imafzhr4cqc4wqnf.jpeg?q=70,13,AMOLED,4000,128,8,Snapdragon450,5
"SAMSUNG Galaxy F02s (Diamond Blue, 32 GB)",4.2,9499,https://rukminim2.flixcart.com/image/312/312/kn22m4w0/mobile/t/z/7/galaxy-f02s-sm-e025fdbfins-samsung-original-imagfthzytxvkmb2.jpeg?q=70,48,other_types,5000,32,3,"Dimensity1080,",1
"SAMSUNG Galaxy M32 5G (Sky Blue, 128 GB)",4.2,19999,https://rukminim2.flixcart.com/image/312/312/xif0q/mobile/z/t/1/-original-imag6jm69crass7p.jpeg?q=70,13,other_types,5000,128,8,Snapdragon410,11
"SAMSUNG Galaxy A12 (Blue, 128 GB)",4.8,14999,https://rukminim2.flixcart.com/image/312/312/klb78nk0/mobile/p/y/q/galaxy-a12-sm-a125fzbhins-samsung-original-imagyg84zadwb7xx.jpeg?q=70,8,LCD,5000,128,4,not mentioned,11
"SAMSUNG M21 2021 Edition (Charcoal Black, 64 GB)",4.2,11530,https://rukminim2.flixcart.com/image/312/312/krp94sw0/mobile/n/j/2/m21-2021-edition-sm-m215gzkhins-samsung-original-imag5fgngku8xcqn.jpeg?q=70,48,other_types,6000,64,4,not mentioned,10
"SAMSUNG Galaxy A52 (Awesome Violet, 128 GB)",4.3,31999,https://rukminim2.flixcart.com/image/312/312/kmf7ki80/mobile/z/w/q/galaxy-a52-sm-a525flvhins-samsung-original-imagfb4x2yshzagy.jpeg?q=70,64,HD+ AMOLED,4500,128,8,Snapdragon720GProcessor,11
"SAMSUNG M02s (Black, 64 GB)",4.2,10190,https://rukminim2.flixcart.com/image/312/312/kk2wl8w0/mobile/i/t/a/m02s-sb08rswhmz61-samsung-original-imafzg4azbgz4c3y.jpeg?q=70,13,other_types,5000,64,4,Snapdragon450P,6
"SAMSUNG Galaxy M32 (Black, 128 GB)",4.3,13402,https://rukminim2.flixcart.com/image/312/312/xif0q/mobile/q/c/r/-original-imag4pfhh7mycw2u.jpeg?q=70,64,other_types,6000,128,6,not mentioned,12
"SAMSUNG Galaxy On Nxt (Black, 16 GB)",4.1,11200,https://rukminim2.flixcart.com/image/312/312/jbqtqq80/mobile/e/z/z/samsung-galaxy-on-nxt-sm-g610fzkiins-original-imafff34qgyjw5pb.jpeg?q=70,13,other_types,3300,16,3,not mentioned,11
"SAMSUNG Galaxy A33 (Awesome White, 128 GB)",4.3,25999,https://rukminim2.flixcart.com/image/312/312/l3xcr680/mobile/9/8/x/-original-imagexexsaxegzxk.jpeg?q=70,48,other_types,5000,128,6,not mentioned,11
"SAMSUNG Galaxy A22 5G (Mint, 128 GB)",4.2,19999,https://rukminim2.flixcart.com/image/312/312/krme93k0/mobile/k/x/5/galaxy-a22-5g-sm-a226blghins-samsung-original-imag5dgzhyf8gjta.jpeg?q=70,48,TFT,5000,128,6,Dimensity700,10
"SAMSUNG Galaxy M32 5G (Slate Black, 128 GB)",4.2,19000,https://rukminim2.flixcart.com/image/312/312/xif0q/mobile/h/z/x/-original-imag6jmvqyef5nyf.jpeg?q=70,64,other_types,6000,128,8,not mentioned,11
"SAMSUNG Galaxy M31s (Mirage Black, 128 GB)",4.3,17999,https://rukminim2.flixcart.com/image/312/312/keekmfk0/mobile/n/g/p/samsung-galaxy-m31s-sm-m317fzkdins-original-imafv3py9qnwfeft.jpeg?q=70,48,other_types,6000,128,6,not mentioned,12
"SAMSUNG Galaxy F22 (Denim Black, 64 GB)",4.3,11499,https://rukminim2.flixcart.com/image/312/312/kqqykcw0/mobile/p/y/u/galaxy-f22-sm-e225fzkhins-samsung-original-imag4z99fagskjxd.jpeg?q=70,50,other_types,6000,64,4,Heilo80P,11
"SAMSUNG Galaxy A23 (Peach, 128 GB)",4.3,18999,https://rukminim2.flixcart.com/image/312/312/l19m93k0/mobile/5/k/x/-original-imagcv8jubmd9pb6.jpeg?q=70,64,other_types,5000,128,8,not mentioned,10
"SAMSUNG Galaxy F62 (Laser Grey, 128 GB)",4.0,25999,https://rukminim2.flixcart.com/image/312/312/klb78nk0/mobile/4/y/h/galaxy-f62-sm-e625fzkdins-samsung-original-imagygxzrsmbhptk.jpeg?q=70,13,HD+ AMOLED,7000,128,8,not mentioned,11
"SAMSUNG Galaxy M02 (Blue, 32 GB)",4.0,7399,https://rukminim2.flixcart.com/image/312/312/kkzrpu80/mobile/x/x/u/galaxy-m02-b08t2nnt4s3-samsung-original-imagy73c8fubvzg3.jpeg?q=70,13,other_types,5000,32,2,MediaTek,10
"SAMSUNG Galaxy A03s (White, 64 GB)",4.2,14499,https://rukminim2.flixcart.com/image/312/312/ksgehzk0/mobile/j/9/r/galaxy-a03s-sm-a037fzwgins-sm-a037fzw6ins-samsung-original-imag6ygqbmhzgevh.jpeg?q=70,48,LCD,5000,64,4,Heilo356765,10
"SAMSUNG Galaxy A21s (White, 64 GB)",4.0,13999,https://rukminim2.flixcart.com/image/312/312/kbi9h8w0/mobile/q/z/t/samsung-galaxy-a21s-sm-a217fzwfins-original-imafsuyavazdt7rq.jpeg?q=70,13,other_types,5000,64,4,not mentioned,6
"SAMSUNG Galaxy M02 (Gray, 32 GB)",3.9,7364,https://rukminim2.flixcart.com/image/312/312/kkzrpu80/mobile/b/e/u/galaxy-m02-b08t2nnt4s5-samsung-original-imagy73cteuu4kfj.jpeg?q=70,16,other_types,5000,32,2,MediaTek,12
"SAMSUNG Galaxy A7-2017 (Gold Sand, 32 GB)",4.3,25900,https://rukminim2.flixcart.com/image/312/312/j5lchow0/mobile/a/c/z/samsung-galaxy-a7-2017-sm-a720fzddins-original-imaew8vk2vkt4kgc.jpeg?q=70,64,other_types,3600,32,3,not mentioned,12
"SAMSUNG Galaxy M32 Prime Edition (Light Blue, 128 GB)",4.1,14640,https://rukminim2.flixcart.com/image/312/312/xif0q/mobile/r/f/n/-original-imagjhr894wgfzzc.jpeg?q=70,50,other_types,6000,128,6,not mentioned,10
"SAMSUNG Galaxy A13 (Peach, 128 GB)",4.0,14999,https://rukminim2.flixcart.com/image/312/312/l19m93k0/mobile/w/g/x/-original-imagcv74zmfuu3cx.jpeg?q=70,3,other_types,5000,128,4,not mentioned,11
"SAMSUNG Galaxy A12 (Black, 64 GB)",4.3,13999,https://rukminim2.flixcart.com/image/312/312/klb78nk0/mobile/e/8/v/galaxy-a12-sm-a125fzkgins-samsung-original-imagyg84vawdfeay.jpeg?q=70,64,LCD,5000,64,4,not mentioned,12
"SAMSUNG Galaxy A22 5G (Mint, 128 GB)",4.1,17700,https://rukminim2.flixcart.com/image/312/312/krme93k0/mobile/k/x/5/galaxy-a22-5g-sm-a226blghins-samsung-original-imag5dgzhyf8gjta.jpeg?q=70,48,TFT,5000,128,8,Dimensity700,11
"SAMSUNG Galaxy M32 Prime Edition (Light Blue, 128 GB)",4.3,14640,https://rukminim2.flixcart.com/image/312/312/xif0q/mobile/r/f/n/-original-imagjhr894wgfzzc.jpeg?q=70,64,other_types,6000,128,6,not mentioned,11
"SAMSUNG Galaxy A12 (Black, 128 GB)",4.1,17999,https://rukminim2.flixcart.com/image/312/312/krz97rk0/mobile/v/2/z/galaxy-a12-exynos-850-sm-a127fzkjins-samsung-original-imag5n52vuufpgcp.jpeg?q=70,48,LCD,5000,128,6,not mentioned,9
"SAMSUNG M21 2021 Edition (Charcoal Black, 128 GB)",4.3,16989,https://rukminim2.flixcart.com/image/312/312/krp94sw0/mobile/n/j/2/m21-2021-edition-sm-m215gzkhins-samsung-original-imag5fgngku8xcqn.jpeg?q=70,48,other_types,6000,128,6,not mentioned,11
"SAMSUNG Galaxy A10s (Black, 32 GB)",4.3,11000,https://rukminim2.flixcart.com/image/312/312/k2jbyq80pkrrdj/mobile-refurbished/d/u/c/galaxy-a10s-32-gb-c-sm-a107fzkdins-samsung-2-original-imafjycfagsvuzrw.jpeg?q=70,13,other_types,4000,32,3,MediaTek,10
"SAMSUNG Galaxy A52 (Awesome White, 128 GB)",4.4,30499,https://rukminim2.flixcart.com/image/312/312/kmf7ki80/mobile/3/j/0/galaxy-a52-sm-a525fzwhins-samsung-original-imagfb4vjky63hmh.jpeg?q=70,64,HD+ AMOLED,4500,128,6,Snapdragon720GProcessor,11
"SAMSUNG GALAXY M51 (ELECTRIC BLUE, 128 GB)",4.2,17996,https://rukminim2.flixcart.com/image/312/312/kfeamq80/mobile/y/s/f/samsung-galaxy-m51-sm-m515fzbd-original-imafvvgfegtvb6fx.jpeg?q=70,64,other_types,7000,128,6,not mentioned,10
"SAMSUNG Galaxy M32 5G (Sky Blue, 128 GB)",4.2,19499,https://rukminim2.flixcart.com/image/312/312/xif0q/mobile/z/t/1/-original-imag6jm69crass7p.jpeg?q=70,48,other_types,5000,128,8,not mentioned,10
"SAMSUNG M02s (Black, 32 GB)",4.3,9490,https://rukminim2.flixcart.com/image/312/312/kk2wl8w0/mobile/i/t/a/m02s-sb08rswhmz61-samsung-original-imafzg4azbgz4c3y.jpeg?q=70,13,other_types,5000,32,3,Snapdragon450P,11
"SAMSUNG Galaxy A51 (Haze Crush Silver, 128 GB)",4.2,29999,https://rukminim2.flixcart.com/image/312/312/kcuug7k0/mobile/x/u/q/samsung-galaxy-a51-sm-a515fmswins-original-imaftw9cecyhye7d.jpeg?q=70,48,AMOLED,4000,128,8,not mentioned,12
"SAMSUNG Galaxy M32 5G (Sky Blue, 128 GB)",4.2,17990,https://rukminim2.flixcart.com/image/312/312/xif0q/mobile/h/z/x/-original-imag6jmvqyef5nyf.jpeg?q=70,48,other_types,5000,128,8,Dimensity720,10
"SAMSUNG Galaxy A13 (White, 128 GB)",4.3,16499,https://rukminim2.flixcart.com/image/312/312/l19m93k0/mobile/p/h/e/-original-imagcv7424zgvfk8.jpeg?q=70,50,other_types,5000,128,6,not mentioned,11
"SAMSUNG Galaxy A51 (Haze Crush Silver, 128 GB)",4.3,20990,https://rukminim2.flixcart.com/image/312/312/kcuug7k0/mobile/x/u/q/samsung-galaxy-a51-sm-a515fmswins-original-imaftw9cecyhye7d.jpeg?q=70,48,AMOLED,4000,128,6,not mentioned,11
"SAMSUNG Galaxy F22 (Denim Blue, 64 GB)",4.2,11499,https://rukminim2.flixcart.com/image/312/312/kqqykcw0/mobile/j/5/7/galaxy-f22-sm-e225flbdins-samsung-original-imag4z99fp4qdfby.jpeg?q=70,48,other_types,6000,64,4,Heilo80P,11
"SAMSUNG Galaxy A22 (Mint, 128 GB)",4.2,20499,https://rukminim2.flixcart.com/image/312/312/krtjgcw0/mobile/n/t/i/galaxy-a22-sm-a225flgrins-samsung-original-imag5j58quhjzvvh.jpeg?q=70,48,AMOLED,5000,128,6,Heilo806769,9
"SAMSUNG Galaxy A22 (Mint, 128 GB)",4.3,16999,https://rukminim2.flixcart.com/image/312/312/kqqykcw0/mobile/w/r/n/a-22-sm-a22sf-ds-samsung-original-imag4pfjf9xp6jzz.jpeg?q=70,48,other_types,5000,128,6,not mentioned,10
"SAMSUNG Galaxy A10s (Blue, 32 GB)",4.0,11000,https://rukminim2.flixcart.com/image/312/312/k2jbyq80pkrrdj/mobile-refurbished/q/m/g/galaxy-a10s-32-gb-c-sm-a107fzbdins-samsung-2-original-imafjycggdwt5akh.jpeg?q=70,13,other_types,4000,32,3,MediaTek,11
"SAMSUNG Galaxy M02 (Black, 32 GB)",4.3,8499,https://rukminim2.flixcart.com/image/312/312/kkzrpu80/mobile/q/0/5/galaxy-m02-b08t2nnt4s1-samsung-original-imagy73chee62pyq.jpeg?q=70,13,other_types,5000,32,3,MediaTek,10
"SAMSUNG Galaxy A52 (Awesome Violet, 128 GB)",4.2,30499,https://rukminim2.flixcart.com/image/312/312/kmf7ki80/mobile/z/w/q/galaxy-a52-sm-a525flvhins-samsung-original-imagfb4x2yshzagy.jpeg?q=70,64,HD+ AMOLED,4500,128,6,Snapdragon720GProcessor,13
"SAMSUNG Galaxy F02s (Diamond Black, 64 GB)",4.2,10990,https://rukminim2.flixcart.com/image/312/312/kn22m4w0/mobile/q/q/f/galaxy-f02s-sm-e025fakeins-samsung-original-imagfthzbvzgzpnb.jpeg?q=70,13,other_types,5000,64,4,Snapdragon450,11
"SAMSUNG Galaxy M34 5G (Graphite Black, 128 GB)",4.2,21999,https://rukminim2.flixcart.com/image/312/312/xif0q/mobile/v/t/t/galaxy-m34-5g-sm-m346b-ds-samsung-original-imagrzu7ngrbzkzk.jpeg?q=70,50,other_types,6000,128,6,not mentioned,10
"SAMSUNG Galaxy F62 (Laser Green, 128 GB)",4.2,23999,https://rukminim2.flixcart.com/image/312/312/klb78nk0/mobile/m/2/k/galaxy-f62-sm-e625fzggins-samsung-original-imagygxxse8gbaby.jpeg?q=70,64,HD+ AMOLED,7000,128,6,not mentioned,11
"SAMSUNG Galaxy M21 (Midnight Blue, 128 GB)",4.1,16499,https://rukminim2.flixcart.com/image/312/312/kah413k0/mobile/z/m/g/samsung-galaxy-m21-b07hgjj55il-original-imafsfewggf3dqwc.jpeg?q=70,48,other_types,6000,128,6,not mentioned,9
"SAMSUNG Galaxy Z Fold3 5G (Phantom Black, 512 GB)",4.3,26927,https://rukminim2.flixcart.com/image/312/312/ksnjp8w0/mobile/b/t/k/galaxy-z-fold3-5g-sm-f926bzkdinu-samsung-original-imag662a7zgxn2fv.jpeg?q=70,12,AMOLED,4400,512,12,Snapdragon888,9
"SAMSUNG Galaxy A20s (Black, 32 GB)",4.3,12900,https://rukminim2.flixcart.com/image/312/312/k2jbyq80pkrrdj/mobile-refurbished/z/y/j/galaxy-a20s-64-a-sm-a207fzkgins-samsung-4-original-imafkx2d6qnvdfgh.jpeg?q=70,13,other_types,4000,32,3,not mentioned,10
"SAMSUNG Galaxy A20s (Blue, 32 GB)",4.2,12900,https://rukminim2.flixcart.com/image/312/312/k2jbyq80pkrrdj/mobile-refurbished/p/3/a/galaxy-a20s-32-a-sm-a207fzbdins-samsung-3-original-imafkx2dygmrbhah.jpeg?q=70,13,other_types,4000,32,3,not mentioned,10
"SAMSUNG Galaxy M31 (Space Black, 128 GB)",4.2,16790,https://rukminim2.flixcart.com/image/312/312/k7f34i80/mobile/k/g/h/samsung-galaxy-m31-sm-m315fzkgins-original-imafpnrzzt9krr9a.jpeg?q=70,48,other_types,6000,128,6,not mentioned,10
"SAMSUNG Galaxy M21 (Raven Black, 128 GB)",4.4,15980,https://rukminim2.flixcart.com/image/312/312/kah413k0/mobile/d/m/z/samsung-galaxy-m21-b07hgh8d2r-original-imafsfexgymaayrk.jpeg?q=70,64,other_types,6000,128,6,not mentioned,11
"SAMSUNG GALAXY M51 (Celestial Black, 128 GB)",4.1,20990,https://rukminim2.flixcart.com/image/312/312/kfeamq80/mobile/b/a/6/samsung-galaxy-m51-sm-m515fzkd-original-imafvvcnhyx5mwtb.jpeg?q=70,48,other_types,7000,128,6,not mentioned,10
"SAMSUNG Galaxy A22 5G (Gray, 128 GB)",4.4,15690,https://rukminim2.flixcart.com/image/312/312/krme93k0/mobile/0/d/n/galaxy-a22-5g-sm-a226bzajins-samsung-original-imag5dgh3fpehhhx.jpeg?q=70,64,TFT,5000,128,6,Dimensity700,11
"SAMSUNG Galaxy A71 (Haze Crush Silver, 128 GB)",4.3,29499,https://rukminim2.flixcart.com/image/312/312/kctf0cw0/mobile/g/a/z/samsung-galaxy-a71-sm-a715fmswins-original-imaftvyfbzzgbham.jpeg?q=70,48,AMOLED,4500,128,8,not mentioned,12
"SAMSUNG Galaxy F12 (Celestial Black, 64 GB)",4.1,10499,https://rukminim2.flixcart.com/image/312/312/kn22m4w0/mobile/6/o/e/galaxy-f12-sm-f127gzkgins-samsung-original-imagftmhuqq3arbg.jpeg?q=70,48,other_types,6000,64,4,not mentioned,10
"SAMSUNG Galaxy A33 (Awesome Blue, 128 GB)",4.3,25999,https://rukminim2.flixcart.com/image/312/312/l3xcr680/mobile/c/4/9/-original-imagexeyqhh6vwzk.jpeg?q=70,48,other_types,5000,128,6,not mentioned,11
"SAMSUNG Galaxy M21 (Midnight Blue, 64 GB)",4.1,14248,https://rukminim2.flixcart.com/image/312/312/kah413k0/mobile/z/m/g/samsung-galaxy-m21-b07hgjj55il-original-imafsfewggf3dqwc.jpeg?q=70,48,other_types,6000,64,4,not mentioned,12
"SAMSUNG Galaxy M21 2021 Edition (Arctic Blue, 64 GB)",4.1,11490,https://rukminim2.flixcart.com/image/312/312/ks99aq80/mobile/r/m/y/galaxy-m21-2021-edition-sm-m215glbdins-samsung-original-imag5v9zf8fjvq9h.jpeg?q=70,50,other_types,6000,64,4,not mentioned,11
"SAMSUNG Galaxy A13 (White, 128 GB)",4.2,14999,https://rukminim2.flixcart.com/image/312/312/l19m93k0/mobile/p/h/e/-original-imagcv7424zgvfk8.jpeg?q=70,48,other_types,5000,128,4,not mentioned,10
"SAMSUNG Galaxy A12 (White, 64 GB)",4.3,11975,https://rukminim2.flixcart.com/image/312/312/krz97rk0/mobile/g/3/m/galaxy-a12-exynos-850-sm-a127fzwjins-samsung-original-imag5n52vmhdygr2.jpeg?q=70,64,LCD,5000,64,4,not mentioned,8
"SAMSUNG Galaxy A10s (Green, 32 GB)",4.4,11000,https://rukminim2.flixcart.com/image/312/312/k2jbyq80pkrrdj/mobile-refurbished/7/f/x/galaxy-a10s-32-gb-b-sm-a107fzggins-samsung-3-original-imafjycgsuszbkhn.jpeg?q=70,13,other_types,3000,64,4,not mentioned,10
"SAMSUNG Galaxy A50 (Blue, 64 GB)",3.1,18600,https://rukminim2.flixcart.com/image/312/312/jsyyufk0/mobile/e/t/q/samsung-galaxy-a50-sm-a505fzbgins-original-imafefghgjpvhxkq.jpeg?q=70,25,AMOLED,4000,64,6,not mentioned,11
"SAMSUNG Galaxy F62 (Laser Grey, 128 GB)",4.1,23999,https://rukminim2.flixcart.com/image/312/312/klb78nk0/mobile/4/y/h/galaxy-f62-sm-e625fzkdins-samsung-original-imagygxzrsmbhptk.jpeg?q=70,64,HD+ AMOLED,7000,128,6,Heilo356765,9
"SAMSUNG Galaxy A12 (Blue, 128 GB)",4.2,17999,https://rukminim2.flixcart.com/image/312/312/krz97rk0/mobile/g/n/h/galaxy-a12-mtk-g35-sm-a125fzbjins-samsung-original-imag5n53wm8rg4tw.jpeg?q=70,48,LCD,5000,128,6,Snapdragon750G,12
"SAMSUNG Galaxy M42 5G (Prism Dot Black, 128 GB)",4.3,21450,https://rukminim2.flixcart.com/image/312/312/koenl3k0/mobile/c/b/r/galaxy-m42-5g-sm-m426bzkgins-samsung-original-imag2vggv8jqgh7s.jpeg?q=70,48,AMOLED,5000,128,6,not mentioned,9
"SAMSUNG Galaxy M30s (Blue, 64 GB)",4.1,13999,https://rukminim2.flixcart.com/image/312/312/k51cpe80pkrrdj/mobile/g/f/m/samsung-galaxy-m30s-sm-m307fzbdins-original-imafkzzf3vfqzrfz.jpeg?q=70,48,other_types,6000,64,4,not mentioned,10
"SAMSUNG Galaxy A33 (Awesome White, 128 GB)",4.3,27499,https://rukminim2.flixcart.com/image/312/312/l3xcr680/mobile/9/8/x/-original-imagexexsaxegzxk.jpeg?q=70,48,other_types,5000,128,8,not mentioned,10
"SAMSUNG Galaxy A70s (Prism Crush Red, 128 GB)",4.3,31000,https://rukminim2.flixcart.com/image/312/312/kgjqefk0/mobile/u/y/6/samsung-galaxy-a70s-sm-a707fzrwins-original-imafwraz3ahtvchh.jpeg?q=70,64,other_types,4500,128,6,not mentioned,10
"SAMSUNG Galaxy M21 (Raven Black, 64 GB)",4.2,12999,https://rukminim2.flixcart.com/image/312/312/kah413k0/mobile/d/m/z/samsung-galaxy-m21-b07hgh8d2r-original-imafsfexgymaayrk.jpeg?q=70,48,other_types,6000,64,4,not mentioned,7
"SAMSUNG Galaxy A21s (Silver, 128 GB)",4.2,16999,https://rukminim2.flixcart.com/image/312/312/kg6vfrk0/mobile/w/6/g/samsung-galaxy-a21s-sm-a217fzslins-original-imafwhjezxc7afzx.jpeg?q=70,48,other_types,5000,128,6,Snapdragon(SDM450-F01),10
"SAMSUNG Galaxy M11 (Violet, 64 GB)",4.4,12999,https://rukminim2.flixcart.com/image/312/312/kavefm80/mobile/h/c/y/samsung-galaxy-m11-sm-m115fzleins-original-imafscgysncykdxv.jpeg?q=70,13,LCD,5000,64,4,not mentioned,9
"SAMSUNG Galaxy A10s (Blue, 32 GB)",4.6,9490,https://rukminim2.flixcart.com/image/312/312/k2jbyq80pkrrdj/mobile-refurbished/q/m/g/galaxy-a10s-32-gb-c-sm-a107fzbdins-samsung-2-original-imafjycggdwt5akh.jpeg?q=70,13,other_types,4000,32,2,Snapdragon(SDM439),12
"SAMSUNG Galaxy Note 8 (Orchid Grey, 64 GB)",4.2,8464,https://rukminim2.flixcart.com/image/312/312/js98x3k0/mobile/g/h/a/samsung-galaxy-note-8-na-original-imafdvaqjabwvguk.jpeg?q=70,12,other_types,3300,64,6,not mentioned,10
"SAMSUNG Galaxy M01 (Red, 32 GB)",4.3,8999,https://rukminim2.flixcart.com/image/312/312/kavefm80/mobile/b/g/z/samsung-galaxy-m01-sm-m015gzrdins-original-imafscggbdypyqqc.jpeg?q=70,13,LCD,4000,32,3,not mentioned,10
"SAMSUNG Galaxy A70s (Prism Crush White, 128 GB)",4.2,31000,https://rukminim2.flixcart.com/image/312/312/kgjqefk0/mobile/j/s/5/samsung-galaxy-a70s-sm-a707fzwwins-original-imafwrdhsyfzh6yg.jpeg?q=70,64,other_types,4500,128,6,Snapdragon(SDM450-F01),10
"SAMSUNG Galaxy M32 Prime Edition (Black, 64 GB)",4.2,12185,https://rukminim2.flixcart.com/image/312/312/xif0q/mobile/q/2/e/-original-imagjhqzefepgn4t.jpeg?q=70,64,other_types,6000,64,4,not mentioned,8
"SAMSUNG Galaxy M11 (Metallic Blue, 32 GB)",4.3,10999,https://rukminim2.flixcart.com/image/312/312/kavefm80/mobile/w/u/z/samsung-galaxy-m11-sm-m115fmbeins-original-imafscgycugcewty.jpeg?q=70,13,LCD,5000,32,3,not mentioned,11
"SAMSUNG Galaxy F41 (Fusion Blue, 64 GB)",4.3,15999,https://rukminim2.flixcart.com/image/312/312/kfzq8i80/mobile/y/j/f/samsung-galaxy-f41-sm-f415fzbdins-original-imafwbnpdafmeuj6.jpeg?q=70,64,other_types,6000,64,6,not mentioned,8
"SAMSUNG Galaxy A52 (Awesome Black, 128 GB)",4.3,31999,https://rukminim2.flixcart.com/image/312/312/kmf7ki80/mobile/r/z/1/galaxy-a52-sm-a525fzkhins-samsung-original-imagfb4vgf9eez3j.jpeg?q=70,64,HD+ AMOLED,4500,128,8,Snapdragon720GProcessor,12
"SAMSUNG Galaxy J6 (Black, 32 GB)",4.4,11500,https://rukminim2.flixcart.com/image/312/312/jjelq4w0/mobile/e/3/a/samsung-galaxy-j6-sm-j600gzkgins-original-imaf6zpe7vrnygsn.jpeg?q=70,13,other_types,3000,32,3,not mentioned,7
"SAMSUNG Galaxy M32 Prime Edition (Black, 128 GB)",4.3,15200,https://rukminim2.flixcart.com/image/312/312/xif0q/mobile/q/2/e/-original-imagjhqzefepgn4t.jpeg?q=70,64,other_types,6000,128,6,not mentioned,10
"SAMSUNG Galaxy J2 2018 (Gold, 16 GB)",4.5,8200,https://rukminim2.flixcart.com/image/312/312/jgpfs7k0/mobile/a/q/y/samsung-j2-2018-sm-j250g-original-imaf4uwk3udf3uj4.jpeg?q=70,8,other_types,2600,16,2,Snapdragon425P,11
"SAMSUNG Galaxy A12 (Blue, 128 GB)",4.1,17999,https://rukminim2.flixcart.com/image/312/312/krz97rk0/mobile/g/n/h/galaxy-a12-mtk-g35-sm-a125fzbjins-samsung-original-imag5n53wm8rg4tw.jpeg?q=70,48,LCD,5000,128,6,Heilo356765,10
"SAMSUNG M32 5G (Sky blue, 128 GB)",4.2,16200,https://rukminim2.flixcart.com/image/312/312/xif0q/mobile/h/z/x/-original-imag6jmvqyef5nyf.jpeg?q=70,48,other_types,5000,128,6,Dimensity720,10
"SAMSUNG Galaxy M01 (Blue, 32 GB)",4.6,8999,https://rukminim2.flixcart.com/image/312/312/kavefm80/mobile/d/f/a/samsung-galaxy-m01-sm-m015gzbdins-original-imafscggmdqgt62q.jpeg?q=70,13,LCD,4000,32,3,Snapdragon(SDM439),8
"SAMSUNG Galaxy F41 (Fusion Blue, 128 GB)",4.4,14499,https://rukminim2.flixcart.com/image/312/312/kfzq8i80/mobile/y/j/f/samsung-galaxy-f41-sm-f415fzbdins-original-imafwbnpdafmeuj6.jpeg?q=70,64,other_types,6000,128,6,not mentioned,8
"SAMSUNG Galaxy A7 (Gold, 64 GB)",4.2,22300,https://rukminim2.flixcart.com/image/312/312/jmgmmq80/mobile/6/p/7/samsung-galaxy-a7-sm-a750fzddins-original-imaf9d35yrmzjvn5.jpeg?q=70,24,AMOLED,3300,64,4,not mentioned,13
"SAMSUNG Galaxy J2 Core (Black, 16 GB)",4.4,6999,https://rukminim2.flixcart.com/image/312/312/kqidx8w0/mobile/s/g/t/galaxy-j2-core-sm-j260gzkdins-samsung-original-imaf9f33s65wbgdn.jpeg?q=70,8,LCD,2600,16,1,not mentioned,11
"SAMSUNG Galaxy S23 Ultra 5G (Phantom Black, 1 TB)",4.1,23927,https://rukminim2.flixcart.com/image/312/312/xif0q/mobile/m/l/o/-original-imagmg6gzjf7gggt.jpeg?q=70,200,HD+ AMOLED,5000,1,12,Gen8,10
"SAMSUNG Galaxy F42 5G (Matte Black, 128 GB)",4.3,20999,https://rukminim2.flixcart.com/image/312/312/ku4ezrk0/mobile/v/5/e/galaxy-f42-5g-sm-e426bzahins-samsung-original-imag7anfwxsgumgz.jpeg?q=70,64,other_types,5000,128,6,Dimensity700,10
"SAMSUNG Galaxy F41 (Fusion Green, 64 GB)",4.3,15999,https://rukminim2.flixcart.com/image/312/312/kfzq8i80/mobile/w/z/z/samsung-galaxy-f41-sm-f415fzgdins-original-imafwbnhbywwg5gh.jpeg?q=70,64,other_types,6000,64,6,not mentioned,11
"SAMSUNG M31s (Mirage Blue, 128 GB)",4.1,24999,https://rukminim2.flixcart.com/image/312/312/kdt50nk0/screen-guard/screen-guard/h/h/e/marshland-trt46-original-imafumwfbkwhsg9y.jpeg?q=70,64,AMOLED,6000,128,8,not mentioned,9
"SAMSUNG Galaxy A32 (Awesome Blue, 128 GB)",4.4,24999,https://rukminim2.flixcart.com/image/312/312/kltryq80/mobile/3/d/b/galaxy-a32-sm-a325fzbhins-samsung-original-imagyuy3vgyeuntc.jpeg?q=70,64,HD+ AMOLED,5000,128,6,Heilo80P,9
"SAMSUNG Galaxy A50 (White, 64 GB)",4.3,24000,https://rukminim2.flixcart.com/image/312/312/jsyyufk0/mobile/b/w/f/samsung-galaxy-a50-sm-a505fzwdins-original-imafefghh95xxr6d.jpeg?q=70,25,AMOLED,4000,64,6,not mentioned,11
"SAMSUNG Galaxy A70 (Blue, 128 GB)",4.4,30900,https://rukminim2.flixcart.com/image/312/312/k2jbyq80pkrrdj/mobile-refurbished/h/d/t/galaxy-a70-128-u-sm-a705gzbhins-samsung-6-original-imaffhmhffzeqkhw.jpeg?q=70,32,other_types,4500,128,6,not mentioned,10
"SAMSUNG Galaxy F22 (Denim Blue, 128 GB)",4.1,13499,https://rukminim2.flixcart.com/image/312/312/kqqykcw0/mobile/j/5/7/galaxy-f22-sm-e225flbdins-samsung-original-imag4z99fp4qdfby.jpeg?q=70,48,other_types,6000,128,6,Heilo80P,11
"SAMSUNG Galaxy M01 (Black, 32 GB)",4.2,8999,https://rukminim2.flixcart.com/image/312/312/kavefm80/mobile/x/g/r/samsung-galaxy-m01-sm-m015gzkdins-original-imafscggjk6twbh6.jpeg?q=70,13,LCD,4000,32,3,Snapdragon(SDM439),4
"SAMSUNG Galaxy M42 (Prism Dot Gray, 128 GB)",4.2,18990,https://rukminim2.flixcart.com/image/312/312/kpcy5jk0/mobile/w/m/y/galaxy-m42-galaxy-m42-samsung-original-imag3hz5gndhffxn.jpeg?q=70,48,other_types,5000,128,8,Snapdragon750GProcessor,10
"SAMSUNG Galaxy core prime (Milky White, 8 GB)",4.1,8999,https://rukminim2.flixcart.com/image/312/312/xif0q/mobile/j/m/3/galaxy-core-prime-sm-g360fzwyinu-samsung-original-imagzyh4jxrdqwbg.jpeg?q=70,5,other_types,2000,8,1,not mentioned,10
"SAMSUNG GALAXY M31S (Mirage Black, 128 GB)",4.3,23900,https://rukminim2.flixcart.com/image/312/312/kffq2kw0/mobile/h/3/j/samsung-galaxy-m31s-sm-m317fzkdins-original-imafvweqsfr6uwwm.jpeg?q=70,64,other_types,6000,128,8,not mentioned,10
"SAMSUNG Galaxy M21 (Iceberg Blue, 64 GB)",4.2,14775,https://rukminim2.flixcart.com/image/312/312/kgv5x8w0/mobile/v/t/y/samsung-galaxy-m21-sm-m215flbdins-original-imafxykjnbc2wghg.jpeg?q=70,48,other_types,6000,64,4,not mentioned,10
"SAMSUNG Galaxy A21s (Black, 128 GB)",4.0,16999,https://rukminim2.flixcart.com/image/312/312/kbi9h8w0/mobile/g/g/c/samsung-galaxy-a21s-sm-a217fzkfins-original-imafsuyajewgnfcg.jpeg?q=70,48,other_types,5000,128,6,not mentioned,10
"SAMSUNG Galaxy M02 (Gray, 32 GB)",4.3,8499,https://rukminim2.flixcart.com/image/312/312/kkzrpu80/mobile/b/e/u/galaxy-m02-b08t2nnt4s5-samsung-original-imagy73cteuu4kfj.jpeg?q=70,13,other_types,5000,32,3,MediaTek,13
"SAMSUNG Galaxy M31 (Space Black, 128 GB)",4.5,18799,https://rukminim2.flixcart.com/image/312/312/ke8uv0w0/mobile/g/e/k/samsung-galaxy-m31-sm-m315fzkhins-original-imafuywtj9yfjjhx.jpeg?q=70,64,other_types,6000,128,8,not mentioned,10
"SAMSUNG Galaxy S23 Plus 5G (Phantom Black, 256 GB)",4.3,29463,https://rukminim2.flixcart.com/image/312/312/xif0q/mobile/c/1/h/-original-imagmg6gcjyuvzvn.jpeg?q=70,50,HD+ AMOLED,4700,256,8,Gen8,9
"SAMSUNG Galaxy A51 (Prism Crush Black, 128 GB)",4.3,20999,https://rukminim2.flixcart.com/image/312/312/k62i5jk0/mobile/y/k/s/samsung-galaxy-a51-sm-a515fzkhins-original-imafzhr399hrsbzb.jpeg?q=70,48,AMOLED,4000,128,6,not mentioned,11
"SAMSUNG Galaxy A70 (Black, 128 GB)",4.2,30900,https://rukminim2.flixcart.com/image/312/312/k2jbyq80pkrrdj/mobile-refurbished/u/k/g/galaxy-a70-128-b-sm-a705gzkhins-samsung-6-original-imaffnv6tzdve9ju.jpeg?q=70,32,other_types,4500,128,6,not mentioned,13
"SAMSUNG Galaxy M52 5G (Blazing Black, 128 GB)",4.1,23068,https://rukminim2.flixcart.com/image/312/312/xif0q/mobile/p/5/r/-original-imag7h2tmrsaugcz.jpeg?q=70,64,other_types,5000,128,6,not mentioned,9
"SAMSUNG Galaxy A20s (Green, 32 GB)",4.4,12900,https://rukminim2.flixcart.com/image/312/312/k2jbyq80pkrrdj/mobile-refurbished/g/f/a/galaxy-a20s-64-a-sm-a207fzggins-samsung-4-original-imafh4nxesr3ghcf.jpeg?q=70,13,other_types,4000,32,3,not mentioned,10
"SAMSUNG Galaxy S23 Ultra 5G (Green, 1 TB)",4.3,23927,https://rukminim2.flixcart.com/image/312/312/xif0q/mobile/2/s/7/-original-imagmg6gktts6sfy.jpeg?q=70,200,HD+ AMOLED,5000,1,12,Gen8,7
"SAMSUNG Galaxy A70s (Prism Crush Red, 128 GB)",4.3,32000,https://rukminim2.flixcart.com/image/312/312/kgjqefk0/mobile/u/y/6/samsung-galaxy-a70s-sm-a707fzrwins-original-imafwraz3ahtvchh.jpeg?q=70,64,other_types,4500,128,8,not mentioned,5
"SAMSUNG Galaxy A31 (Prism Crush Black, 128 GB)",4.6,23999,https://rukminim2.flixcart.com/image/312/312/kamtsi80/mobile/g/2/j/samsung-galaxy-a31-sm-a315fzkwins-original-imafs5p5ffjbkf3w.jpeg?q=70,48,AMOLED,5000,128,6,MediaTek,8
"SAMSUNG Galaxy Note 8 (Midnight Black, 64 GB)",4.1,8464,https://rukminim2.flixcart.com/image/312/312/jbpeavk0/mobile/f/f/n/samsung-galaxy-note-8-sm-n950f-original-imafy3r926hhgzy8.jpeg?q=70,12,other_types,3300,64,6,not mentioned,10
"SAMSUNG Galaxy duos (White, 4 GB)",4.2,13390,https://rukminim2.flixcart.com/image/312/312/xif0q/mobile/r/e/u/s-dues-galaxy-s-dues-samsung-original-imagn6fufpugdgrh.jpeg?q=70,5,other_types,1500,4,1,not mentioned,10
"SAMSUNG Galaxy A7 (Blue, 64 GB)",4.4,22300,https://rukminim2.flixcart.com/image/312/312/jmgmmq80/mobile/x/f/z/samsung-galaxy-a7-sm-a750fzbhins-original-imaf9d35cv5anzqw.jpeg?q=70,24,AMOLED,3300,64,4,not mentioned,11
"SAMSUNG Galaxy Note 20 (Mystic Blue, 256 GB)",4.2,20464,https://rukminim2.flixcart.com/image/312/312/kdxfc7k0/mobile/u/a/z/samsung-galaxy-note-20-sm-n980fzbgins-original-imafuq7pxeyqhkkx.jpeg?q=70,64,HD+ AMOLED,4300,256,8,not mentioned,11
"SAMSUNG Galaxy S20+ (Cosmic Black, 128 GB)",4.4,17464,https://rukminim2.flixcart.com/image/312/312/k6mibgw0/mobile/z/u/x/samsung-galaxy-s20-sm-g985fzkdinu-original-imafpfkbsxshxns2.jpeg?q=70,64,AMOLED,4500,128,8,not mentioned,6
"SAMSUNG Galaxy Z Flip3 5G (Phantom Black, 256 GB)",4.3,23463,https://rukminim2.flixcart.com/image/312/312/ksnjp8w0/mobile/f/k/y/galaxy-z-flip3-5g-sm-f711bzkainu-samsung-original-imag662axn2xmght.jpeg?q=70,12,HD+ AMOLED,3300,256,8,Snapdragon888,10
"SAMSUNG Galaxy A12 (Blue, 128 GB)",4.5,12867,https://rukminim2.flixcart.com/image/312/312/krz97rk0/mobile/g/n/h/galaxy-a12-mtk-g35-sm-a125fzbjins-samsung-original-imag5n53wm8rg4tw.jpeg?q=70,48,LCD,5000,128,6,not mentioned,8
"SAMSUNG Galaxy J7 Prime (Gold, 32 GB)",4.3,15300,https://rukminim2.flixcart.com/image/312/312/jdkjzww0/mobile/c/h/f/samsung-galaxy-j7-prime-sm-g610fzddins-sm-g610fzdoins-original-imaf2gf2gcbcyykg.jpeg?q=70,13,other_types,3300,32,3,not mentioned,8
"SAMSUNG Galaxy A31 (Prism Crush Blue, 128 GB)",4.4,16999,https://rukminim2.flixcart.com/image/312/312/kamtsi80/mobile/z/c/w/samsung-galaxy-a31-sm-a315fzbwins-original-imafs5p5kwscdurq.jpeg?q=70,48,AMOLED,5000,128,6,MediaTek,10
"SAMSUNG Galaxy J8 (Blue, 64 GB)",4.4,17000,https://rukminim2.flixcart.com/image/312/312/jjelq4w0/mobile/4/x/5/samsung-galaxy-j8-sm-j810gzbgins-original-imaf6zg5zkgnwguk.jpeg?q=70,16,other_types,3500,64,4,Snapdragon450P,10
"SAMSUNG Galaxy J8 (Black, 64 GB)",4.2,17000,https://rukminim2.flixcart.com/image/312/312/jjelq4w0/mobile/z/g/g/samsung-galaxy-j8-sm-j810g-original-imaf6zg5bwpvhezx.jpeg?q=70,16,other_types,3500,64,4,Snapdragon450P,10
"SAMSUNG Galaxy M31s (Mirage Blue, 128 GB)",4.1,18999,https://rukminim2.flixcart.com/image/312/312/ke8uv0w0/mobile/e/7/r/samsung-galaxy-m31s-sm-m317fzbdins-original-imafuywznfyhzy9t.jpeg?q=70,64,other_types,6000,128,6,not mentioned,9
"SAMSUNG Galaxy A32 (Awesome Black, 128 GB)",4.5,24999,https://rukminim2.flixcart.com/image/312/312/klscivk0/mobile/5/t/k/a32-sm-a325fzkhins-samsung-original-imagyu3bndhp4tzf.jpeg?q=70,64,other_types,5000,128,6,not mentioned,9
"SAMSUNG Galaxy F41 (Fusion Black, 128 GB)",4.4,14499,https://rukminim2.flixcart.com/image/312/312/kfzq8i80/mobile/w/s/2/samsung-galaxy-f41-sm-f415fzkdins-original-imafwbnvxuhzvtpv.jpeg?q=70,64,other_types,6000,128,6,not mentioned,9
"SAMSUNG Galaxy A10s (Black, 32 GB)",4.3,10000,https://rukminim2.flixcart.com/image/312/312/k2jbyq80pkrrdj/mobile-refurbished/d/u/c/galaxy-a10s-32-gb-c-sm-a107fzkdins-samsung-2-original-imafjycfagsvuzrw.jpeg?q=70,13,other_types,4000,32,2,MediaTek,9
"SAMSUNG Galaxy A50 (Blue, 64 GB)",4.2,21000,https://rukminim2.flixcart.com/image/312/312/jsyyufk0/mobile/e/t/q/samsung-galaxy-a50-sm-a505fzbgins-original-imafefghgjpvhxkq.jpeg?q=70,25,AMOLED,4000,64,4,not mentioned,8
"SAMSUNG Galaxy M40 (Seawater Blue, 128 GB)",4.5,21490,https://rukminim2.flixcart.com/image/312/312/k51cpe80pkrrdj/mobile/5/j/g/samsung-galaxy-m40-m40-original-imafg6vph4j6fazf.jpeg?q=70,32,other_types,3500,128,6,not mentioned,9
"SAMSUNG Galaxy A30s (Prism Crush Violet, 64 GB)",4.3,16199,https://rukminim2.flixcart.com/image/312/312/k4vmxzk0/mobile/g/v/z/samsung-galaxy-a30s-sm-a307fzlvins-original-imafk8hxeujuqvzw.jpeg?q=70,25,other_types,4000,64,4,not mentioned,12
"SAMSUNG Galaxy J4 Plus (Black, 32 GB)",4.4,9000,https://rukminim2.flixcart.com/image/312/312/jmgmmq80/mobile/b/r/h/samsung-galaxy-j4-plus-sm-j415fzkfins-original-imaf9d4khsftw4pz.jpeg?q=70,13,other_types,3300,32,2,Snapdragon425P,8
"SAMSUNG Galaxy M01s (Gray, 32 GB)",4.2,10999,https://rukminim2.flixcart.com/image/312/312/kdnf98w0/mobile/g/z/n/samsung-galaxy-m01s-b089ms4lgt-original-imafug5gtyqhdwb8.jpeg?q=70,13,other_types,4000,32,3,MediaTek,9
"SAMSUNG Galaxy S22 (Pink Gold, 128 GB)",4.2,20463,https://rukminim2.flixcart.com/image/312/312/xif0q/mobile/t/h/f/galaxy-s22-sm-s901eiddinu-samsung-original-imagpegzgujrzvvj.jpeg?q=70,50,other_types,3700,128,8,not mentioned,12
