title,price,rating,review,availability
"SAMSUNG Galaxy S23 Ultra Cell Phone, Factory Unlocked Android Smartphone, 256GB Storage, 200MP Camera, Night Mode, Long Battery Life, S Pen, US Version, 2023, Phantom Black",,4.6 out of 5 stars,32 ratings,In Stock
"SAMSUNG Galaxy S22 Cell Phone, Factory Unlocked Android Smartphone, 128GB, 8K Camera & Video, Night Mode, Brightest Display Screen, 50MP Photo Resolution, Long Battery Life, US Version, Pink Gold",,4.4 out of 5 stars,306 ratings,Only 11 left in stock - order soon
Google Pixel 6a - 5G Android Phone - Unlocked Smartphone with 12 Megapixel Camera and 24-Hour Battery - Charcoal,,4.3 out of 5 stars,"3,573 ratings",Not Available
Moto G 5G | 2022 | 2-Day Battery | Unlocked | Made for US by Motorola | 6/256GB | 50 MP Camera | Moonlight Gray,,4.3 out of 5 stars,385 ratings,Only 8 left in stock - order soon
Motorola Moto G Stylus 5G | 2021 | 2-Day Battery | Unlocked | Made for US 4/128GB | 48MP Camera | Cosmic Emerald,,4.3 out of 5 stars,378 ratings,In Stock
"SAMSUNG Galaxy S23 Ultra Cell Phone, Factory Unlocked Android Smartphone, 256GB Storage, 200MP Camera, Night Mode, Long Battery Life, S Pen, US Version, 2023, Phantom Black",,4.6 out of 5 stars,32 ratings,In Stock
"SAMSUNG Galaxy S22 Cell Phone, Factory Unlocked Android Smartphone, 128GB, 8K Camera & Video, Night Mode, Brightest Display Screen, 50MP Photo Resolution, Long Battery Life, US Version, Pink Gold",,4.4 out of 5 stars,306 ratings,Only 11 left in stock - order soon
"Google Pixel 7 Pro - 5G Android Phone - Unlocked Smartphone with Telephoto/Wide Angle Lens, and 24-Hour Battery - 128GB - Hazel",,4.3 out of 5 stars,"1,123 ratings",
OnePlus 11 5G | 8GB RAM+128GB | Titan Black | US Factory Unlocked Android Smartphone | 5000 mAh battery | 80W Fast charging | Hasselblad Camera | 120Hz Fluid Display | 4nm Processor,,4.4 out of 5 stars,170 ratings,In Stock
"SAMSUNG Galaxy S23 Ultra Cell Phone, Factory Unlocked Android Smartphone, 512GB Storage, 200MP Camera, Night Mode, Long Battery Life, S Pen, US Version, 2023 Phantom Black",,4.5 out of 5 stars,108 ratings,In Stock
"SAMSUNG Galaxy S22 Cell Phone, Factory Unlocked Android Smartphone, 128GB, 8K Camera & Video, Night Mode, Brightest Display Screen, 50MP Photo Resolution, Long Battery Life, US Version, Pink Gold",,4.4 out of 5 stars,306 ratings,Only 11 left in stock - order soon
"SAMSUNG Galaxy S20 FE 5G Factory Unlocked Android Cell Phone 128GB US Version Smartphone Pro-Grade Camera 30X Space Zoom Night Mode, Cloud Red",,4.5 out of 5 stars,"13,926 ratings",Only 13 left in stock - order soon
Google Pixel 4a - Unlocked Android Smartphone - 128 GB of Storage - Up to 24 Hour Battery - Just Black,,4.5 out of 5 stars,"10,408 ratings",Not Available
Google - Pixel 3a XL with 64GB Memory Cell Phone (Unlocked) - Purple-ish,,4.4 out of 5 stars,"8,622 ratings",Not Available
Moto G Stylus | 2022 | 2-Day battery | Unlocked| Made for US by Motorola | 6/128GB | 50MP Camera | Twilight Blue,,4.3 out of 5 stars,"1,016 ratings",In Stock
"Xgody X18 4G Unlocked Phones, 6.3 Inch IPS Screen Smartphones, Android 10 OS Dual SIM Cheap Cell Phone, Quad Core 2GB+16GB, Dual 5MP+8MP Camera, 4000mAh Battery, Face ID Smart Phone (Blue)",,3.3 out of 5 stars,25 ratings,Not Available
"SAMSUNG Galaxy A22 5G (128GB, 4GB) 6.6"" 90Hz, Android 11, 48MP Triple Camera, Dual SIM 4G Volte Unlocked (US + Global, GSM Only) International Model A226BR/DSN (Extra Fast Charger Bundle, Violet)",,4.1 out of 5 stars,"1,050 ratings",Not Available
Moto G Pure | 2021 | 2-Day battery | Unlocked | Made for US by Motorola | 3/32GB | 13MP Camera | Deep Indigo,,4.2 out of 5 stars,729 ratings,Not Available
"SAMSUNG Galaxy S23 Ultra Cell Phone, Factory Unlocked Android Smartphone, 512GB Storage, 200MP Camera, Night Mode, Long Battery Life, S Pen, US Version, 2023, Cream",,4.8 out of 5 stars,45 ratings,In Stock
"Blackview A55 Unlocked Cell Phone 2023, Android 11 Phones, 3GB+16GB / SD 128GB, 4780mAh Battery, 6.528 inches HD+ Waterdrop Screen, 8+5MP Camera, Triple Card Slots Phones Unlocked, GPS, Face ID - Blue",,4.4 out of 5 stars,126 ratings,Not Available
"UMIDIGI Power 5s 4/64GB Unlocked Cell Phone,4G Dual sim Android 11 Smartphone, 6150mAh Battery, 256G Expandable Mobile Phones, 6.53"" HD Display Plus 16MP AI Triple Camera Straight Talk Phone.",,3.9 out of 5 stars,321 ratings,Not Available
"SAMSUNG Galaxy A53 5G A Series Cell Phone, Factory Unlocked Android Smartphone, 128GB, 6.5” FHD Super AMOLED Screen, Long Battery Life, US Version, Black",,4.3 out of 5 stars,"3,448 ratings",In Stock
Google Pixel 7-5G Android Phone - Unlocked Smartphone with Wide Angle Lens and 24-Hour Battery - 128GB - Snow,,4.3 out of 5 stars,329 ratings,
Motorola Edge | 2022 | 2-Day Battery | Unlocked | Made for US 8/256GB | 50MP Camera | Mineral Gray,,4.3 out of 5 stars,110 ratings,In Stock
"TCL 30 SE |2022| 6.52"" Unlocked Cell Phone, 4+64GB Android Phone GSM Unlocked Smartphone with 50MP Camera, 5000mAh, Single SIM, US Version, Space Gray (Not Support Verizon/Boost/5G)",,4.3 out of 5 stars,"1,290 ratings",Not Available
"Beastgrip 1.7X Telephoto Lens - Pro Series - for iPhone, Pixel, Samsung Galaxy, OnePlus and Other Android Phones",,5.0 out of 5 stars,2 ratings,Not Available
"OnePlus Nord N20 5G | Android Smart Phone | 6.43"" AMOLED Display| 6+128GB | U.S. Unlocked | 4500 mAh Battery | 33W Fast Charging | Blue Smoke",,4.3 out of 5 stars,625 ratings,In Stock
"Tracfone Motorola moto g Pure (2021), 32GB, Blue - Prepaid Smartphone (Locked)",,4.3 out of 5 stars,"1,902 ratings",In Stock
"TCL 30XL |2022| Unlocked Cell Phone, 6.82 inch Vast Display, 5000mAh Battery, Android 12 Smartphone, 50MP Rear+13MP Front Camera, 6GB RAM + 64GB ROM, US Version, Dual Speaker, Night Mist (No 5G)",,4.0 out of 5 stars,876 ratings,Not Available
"SAMSUNG Galaxy A03 Core (SM-A032/DS) Dual SIM 32GB/ 2GB RAM, GSM Unlocked International Version - No Warranty - Black",,3.9 out of 5 stars,"1,362 ratings",Not Available
"Xgody EL 6C Cell Phones Unlocked Smartphones, 2022 Android Phone, 4G Smartphones with Free Dual SIM Quad Core, 5.5 inch IPS Full-Screen Dual SIM Slot, Face Recognition (Green)",,4.4 out of 5 stars,122 ratings,Not Available
