Code,Name,Product Information,Price,Saving Price,Review Count
1521845,Smart 1080p HD Video Baby Monitor Infrared Night Vision with 2 Way Audio,"Camera type: PTZ Cameras
Resolution: 1080p HD
Brand: electriQ
Night vision: Yes
Wired Cameras",£24.97,£15,0
1651004,Swann 4 Camera 4K Ultra HD Pro Series NVR CCTV System with 2TB HDD,"4 Camera Kits
8 Channel NVR
Night vision: Yes
2TB Hard Drive
Warranty Period: 1 Year Warranty",£799.99,0,0
1708218,Swann 1080p HD SwannBuddy Heat & Motion Sensing Video Doorbell,"Resolution: 1080p HD
Night Vision Distance: 5m
Viewing Angle: 180° ultra wide angle with 1:1 aspect ration
Audio: Yes, 2-way
Camera: Indoor and Outdoor",£169.99,0,0
1563888,Swann Enforcer 4 Camera 1080p HD DVR CCTV Security System with 1TB HDD,"4 Camera Kits
8 Channel DVR
Night vision: Yes
1TB Hard Drive
Warranty Period: 1 Year Warranty",£349.99,0,0
1607256,Swann Enforcer 4 Camera 1080p HD DVR CCTV System with 1TB HDD,"4 Camera Kits
8 Channel DVR
Night vision: Yes
1TB Hard Drive
Warranty Period: 1 Year Warranty",£279.00,£121,0
1650393,Swann Enforcer 1080p HD Heat & Motion Sensing Analogue Dome Camera - 1 Pack,"Camera type: Dome Cameras
Resolution: 1080p HD
Brand: Swann
Night vision: Yes
Wired Cameras",£59.00,£6,0
1735417,Swann 12MP Mega HD Heat & Motion Sensing IP Dome Camera - 1 Pack,"Camera type: Dome Cameras
Resolution: 12MP Mega HD
Brand: Swann
Night vision: Yes
Wired Cameras",£129.97,0,0
1497490,Swann 2 Camera 1080p HD DVR CCTV System with 1TB HDD,"2 Camera Kits
4 Channel DVR
Night vision: Yes
1TB Hard Drive
Warranty Period: 1 Year Warranty",£159.97,£65,6
1497511,Swann 4 Camera 4K Ultra HD NVR CCTV Security System with 2TB HDD - 8 Channel,"4 Camera Kits
8 Channel NVR
Night vision: Yes
2TB Hard Drive
Warranty Period: 1 Year Warranty",£669.97,£80,3
1497519,Swann 1080p HD Wireless Security Camera - Black - Works with Google Assistant or Alexa,"Camera type: Network Cameras
Resolution: 1080p HD
Brand: Swann
Night vision: Yes
Wireless Cameras",£59.97,0,0
1651172,Swann Enforcer 4K Ultra HD Heat & Motion Sensing IP Dome Camera - 1 Pack,"Camera type: Dome Cameras
Resolution: 4K Ultra HD
Brand: Swann
Night vision: Yes
Wired Cameras",£159.99,0,0
1782141,"Box Opened Motorola Ease 35  5"" Video Baby Monitor","Camera type: Network Cameras
Resolution: HD
Brand: Motorola
Night vision: Yes
Wireless Cameras",£69.97,£23,0
1822377,Ubiquiti Networks UniFi Protect G4 4K Ultra HD IP Dome CCTV Camera,"Camera type: Dome Cameras
Resolution: 4K Ultra HD
Brand: Ubiquiti
Night vision: Yes
Wired Cameras",£1613.97,£134,0
1868006,EZVIZ 2MP Full HD Indoor & Outdoor Battery Surveillance Camera - with Base Station,"Camera type: Bullet Cameras
Resolution: 1920 x 1080
Brand: EZVIZ
Night vision: Yes
Wired & Wireless",£399.99,£40,0
1868009,EZVIZ BC1 1080p Battery Camera - 1 Pack,"Camera type: Network Cameras
Resolution: 1080p HD
Brand: EZVIZ
Night vision: Yes
Wireless Cameras",£129.99,£13,0
1868018,EZVIZ BC1 Duo 1080p Battery 2 Camera Kit,"Camera type: Network Cameras
Resolution: 1080p HD
Brand: EZVIZ
Night vision: Yes
Wireless Cameras",£299.99,£30,0
1822370,Ubiquiti UniFi Protect AI 360 5MP CCTV Network Camera,"Camera type: PTZ Cameras
Resolution: 1920 x 1920
Brand: Ubiquiti
Wired Cameras",£400.97,0,0
1822374,Ubiquiti UniFi Protect 2K HD IP Box CCTV Camera,"Camera type: Box Cameras
Resolution: 2K
Brand: Ubiquiti",£111.97,£95,0
1652452,Swann Enforcer 4K Ultra HD Heat & Motion Sensing IP Bullet Camera - 1 Pack,"Camera type: Bullet Cameras
Resolution: 4K Ultra HD
Brand: Swann
Night vision: Yes
Wireless Cameras",£114.00,0,0
1695534,Ubiquiti UniFi UVC-G4-BULLET 1440p Network Bullet IP CCTV Camera,"Camera type: Bullet Cameras
Resolution: 4 Megapixel
Brand: Ubiquiti
Night vision: Yes
Wireless Cameras",£209.97,0,0
1862675,IMOU Cue 2 1080P 2MP AI Human and Abnormal Sound Detection Indoor Camera,"Camera type: Indoor Camera
Resolution: 1080p HD
Brand: IMOU
Night vision: Yes
Wireless Cameras",£29.99,0,0
1862676,IMOU A1 1080P 2MP Auto Tracking AI Human and Abnormal Sound Detection Micro Dome Indoor Camera,"Camera type: Indoor Camera
Resolution: 1080p HD
Brand: IMOU
Night vision: Yes
Wireless Cameras",£29.99,0,0
1862677,IMOU A1 2K 4MP Auto Tracking AI Human and Abnormal Sound Detection Micro Dome Indoor Camera,"Camera type: Indoor Camera
Resolution: 4mp
Brand: IMOU
Night vision: Yes
Wireless Cameras",£39.99,0,0
1862678,IMOU Rex 3D 2k 3MP Spotlight and Siren Auto Tracking AI Human and Abnormal Sound Detection PRO Dome Indoor Camera,"Camera type: Indoor Camera
Resolution: 2K
Brand: IMOU
Night vision: Yes
Wireless Cameras",£49.99,0,0
1862679,IMOU 1080P Full Colour Night Vision 2 Way Audio AI Human Detection Outdoor and Indoor Cube Camera,"Camera type: Door Cameras
Resolution: 1080p HD
Brand: IMOU
Night vision: Yes
Wireless Cameras",£39.99,0,0
1862680,IMOU Bullet 2 2MP 1080P Full Colour Night Vision 2 Way Audio AI Human Detection Outdoor CCTV Camera,"Camera type: Bullet Cameras
Resolution: 1080p HD
Brand: IMOU
Night vision: Yes
Wireless Cameras",£49.99,0,0
1862681,IMOU Bullet 2 4MP 4K Full Colour Night Vision 2 Way Audio AI Human Detection Outdoor CCTV Camera,"Camera type: Bullet Cameras
Resolution: 4K
Brand: IMOU
Night vision: Yes
Wireless Cameras",£59.99,0,0
1862686,IMOU Cruiser 2MP 1080P Full Colour Night Vision 2 Way Audio AI Human Detection Outdoor Tilt Camera,"Camera type: Door Cameras
Resolution: 1080p HD
Brand: IMOU
Night vision: Yes
Wireless Cameras",£79.99,0,0
1862687,IMOU Cruiser 4MP 2K Full Colour Night Vision 2 Way Audio AI Human Detection Outdoor Tilt Camera,"Camera type: Door Cameras
Resolution: 2K
Brand: IMOU
Night vision: Yes
Wireless Cameras",£99.99,0,0
1862691,IMOU Cell GO 3MP 2K Infrared Night Vision 2 Way Audio PIR Human Detection Outdoor Battery Camera,"Camera type: Door Cameras
Resolution: 2K
Brand: IMOU
Night vision: Yes
Wireless Cameras",£69.99,0,0
1862692,IMOU Cell GO Solar Kit 3MP 2K Infrared Night Vision 2 Way Audio PIR Human Detection Outdoor Battery Camera,"Camera type: Door Cameras
Resolution: 2K
Brand: IMOU
Night vision: Yes
Wireless Cameras",£89.99,0,0
1862696,IMOU Knight 4K Full Colour Night Vision 2 Way Audio AI Human Detection Outdoor Light Camera,"Camera type: Door Cameras
Resolution: 4K
Brand: IMOU
Night vision: Yes
Wireless Cameras",£149.99,0,0
1862697,IMOU 5MP 2K Built In Spotlight AI Human Detection 2 Way Audio Outdoor Battery Doorbell,"Resolution
Built-In Spotlight
AI Human Detection
Two-Way Audio
Outdoor Use",£139.99,0,0
1862699,IMOU 5MP 2K Built In Spotlight AI Human Detection 2 Way Audio Outdoor Battery Doorbell,"Resolution
Built-In Spotlight
AI Human Detection
Two-Way Audio
Outdoor Use",£119.99,0,0
1867597,EZVIZ Full HD Smart Indoor Security Camera,"Camera type: WiFi camera
Resolution: 1920 x 1080
Brand: EZVIZ
Night vision: Yes
Wireless Cameras",£29.99,0,0
1867599,EZVIZ C6N 4MP Full HD Smart Indoor Security PT Camera,"Camera type: PTZ Cameras
Resolution: 1920 x 1080
Brand: EZVIZ
Night vision: Yes
Wireless Cameras",£49.97,£5,0
1497512,Swann 8 Camera 4K Ultra HD NVR CCTV System with 2TB HDD,"8 Camera Kits
16 Channel NVR
Night vision: Yes
2TB Hard Drive
Warranty Period: 1 Year Warranty",£1299.00,£201,0
1497513,Swann 8 Channel 4K Ultra HD Network Video Recorder with 2TB HDD,"Brand: Swann
Resolution: 4K Ultra HD
8 Channel NVR
Hard drive: 2TB
Warranty: 1 year warranty",£299.99,0,2
1497494,Swann 16 Channel 1080p HD Digital Video Recorder with 2TB HDD,"Brand: Swann
Resolution: 1080p
16 Channel DVR
Hard drive: 2TB
Warranty: 1 year warranty",£349.99,0,2
1497495,Swann 8 Channel 1080p HD Digital Video Recorder with 1TB HDD,"Brand: Swann
Resolution: 1080p
8 Channel DVR
Hard drive: 1TB
Warranty: 1 year warranty",£198.97,£82,0
1497496,Swann 4 Channel 1080p Digital Video Recorder with 1TB HDD,"Brand: Swann
Resolution: 1080p
4 Channel DVR
Hard drive: 1TB
Warranty: 1 year warranty",£169.00,£31,0
1497497,Swann 1080p HD Enforcer Analogue Bullet CCTV Security Camera - 2 Pack,"Camera type: Bullet Cameras
Resolution: 1080p HD
Brand: Swann
Night vision: Yes
Wired Cameras",£89.99,0,0
1497498,Swann 1080p Thermal Sensing Analog Dome Camera - 2 Pack,"Camera type: Dome Cameras
Resolution: 1080p HD
Brand: Swann
Night vision: Yes
Wired Cameras",£82.00,£5,0
1059339,electriQ 8 Channel 1080p NVR and 8 960p POE Bullet Cameras No Hard Drive Included,"8 Camera Kits
8 Channel NVR
Night vision: Yes
Warranty Period: 1 Year Warranty
Technology Type: IP Kits",£369.97,0,0
1142730,electriQ Additional Chime for IVD1 Wifi Internet Video Doorbell,,£14.97,0,0
1221767,2 Camera CCTV System Installation,"1. Order you CCTV installation service online, in-store or over the phone.
2. A member of our team will then get in touch with you to ensure your property is suitable for the installation.
3. Prime Security will then contact you to organise a convenient date and time to install your CCTV kit.
4. On the day of installation, Prime Security will set up your kit, test it works correctly and even demonstrate it to you.",£234.97,0,6
1221768,3 Camera CCTV System Installation,"1. Order you CCTV installation service online, in-store or over the phone.
2. A member of our team will then get in touch with you to ensure your property is suitable for the installation.
3. Prime Security will then contact you to organise a convenient date and time to install your CCTV kit.
4. On the day of installation, Prime Security will set up your kit, test it works correctly and even demonstrate it to you.",£274.97,0,6
1221769,4 Camera CCTV System Installation,"1. Order you CCTV installation service online, in-store or over the phone.
2. A member of our team will then get in touch with you to ensure your property is suitable for the installation.
3. Prime Security will then contact you to organise a convenient date and time to install your CCTV kit.
4. On the day of installation, Prime Security will set up your kit, test it works correctly and even demonstrate it to you.",£327.97,0,0
1221771,8 Camera CCTV System Installation,"1. Order you CCTV installation service online, in-store or over the phone.
2. A member of our team will then get in touch with you to ensure your property is suitable for the installation.
3. Prime Security will then contact you to organise a convenient date and time to install your CCTV kit.
4. On the day of installation, Prime Security will set up your kit, test it works correctly and even demonstrate it to you.",£499.97,0,6
1317752,Swann Battery Chime Unit WiFi Doorbell,"Compatible with the Swann HD Smart Video Doorbell
Provides an audible alert
Wireless range: 50 m
Compatible with both iOS / Android
Wall mountable  Battery powered",£4.97,0,5
1322724,Prime Security Video Doorbell/Wireless Camera Installation,"1. Order you CCTV installation service online, in-store or over the phone.
2. A member of our team will then get in touch with you to ensure your property is suitable for the installation.
3. Prime Security will then contact you to organise a convenient date and time to install your CCTV camera.
4. On the day of installation, Prime Security will set up your camera, test it works correctly and even demonstrate it to you.",£194.97,0,0
1453961,Swann 16 Channel 4K Ultra HD Network Video Recorder with 2TB HDD,"Brand: Swann
Resolution: 4K Ultra HD
16 Channel NVR
Hard drive: 2TB
Warranty: 1 year warranty",£449.99,0,0
1735418,Swann AllSecure650 2 Camera 2K Quad HD Wi-Fi NVR CCTV System with 1TB HDD,"2
Night vision: Yes
1TB
Technology Type: IP Kits",£429.00,£71,0
1735419,Swann AllSecure650 2 Camera 2K Quad HD Wi-Fi NVR CCTV System with 64GB HDD,"2
8 Channel NVR
Night vision: No
64GB
Technology Type: IP Kits",£279.00,£51,0
1735421,Swann Add on Battery Camera,Night vision: No,£121.00,0,0
1735422,"Swann 1080p Battery Camera - 1 Pack
","Camera type: Bullet Cameras
Resolution: 1080p HD
Brand: Swann
Night vision: Yes
Wireless Cameras",£119.00,0,0
1735423,Swann 1080p Battery Wireless Heat & Motion-Sensing Camera  - 2 Pack,"Camera type: Bullet Cameras
Resolution: 1080p HD
Brand: Swann
Night vision: Yes
Wireless Cameras",£219.00,0,0
1735425,"Swann 4 Camera 1080p Full HD WiFi Security System 
","Resolution: 1080p HD
Brand: Swann
Night vision: Yes
Wireless Cameras",£149.00,£41,0
1735426,Swann Powered Wi-Fi Indoor Camera,Night vision: No,£69.00,0,0
1735427,Swann Powered Wi-Fi Camera,Night vision: No,£119.99,0,0
1651104,Swann 6 Camera 4K Ultra HD NVR CCTV System with 2TB HDD,"6 Camera Kits
8 Channel NVR
Night vision: Yes
2TB Hard Drive
Warranty Period: 1 Year Warranty",£1099.99,0,0
1651137,Swann Enforcer 4K Ultra HD Heat & Motion Sensing IP Bullet Camera - 1 Pack,"Camera type: Bullet Cameras
Resolution: 4K Ultra HD
Brand: Swann
Night vision: Yes
Wired Cameras",£159.99,0,0
1530244,IMOU 2MP 1080P PIR Human Detection 2 Way Audio Outdoor Floodlight Camera,"Camera type: Floodlight Camera
Resolution: 1080p HD
Brand: IMOU
Night vision: Yes
Wireless Cameras",£149.99,0,0
1606805,Swann Xtreem 1080p HD Heat & Motion Sensing IP Wireless Camera - 1 Pack,"Camera type: Network Cameras
Resolution: 1080p HD
Brand: Swann
Night vision: Yes
Wireless Cameras",£159.97,0,0
1497502,Swann 16 Channel 4K Ultra HD DVR with 2TB HDD,"Brand: Swann
Resolution: 4K Ultra HD
16 Channel DVR
Hard drive: 2TB
Warranty: 1 year warranty",£469.97,£92,0
1867600,EZVIZ TY1 4MP 4K Full HD Smart Indoor Security PT Camera,"Camera type: PTZ Cameras
Resolution: 2560 x 1440
Brand: EZVIZ
Night vision: Yes
Wireless Cameras",£49.99,0,0
1867601,EZVIZ C3TN Full HD Smart Bullet Camera,"Camera type: Bullet Cameras
Resolution: 1920 x 1080
Brand: EZVIZ
Night vision: Yes
Wired Cameras",£44.99,£5,0
1836025,WiFi Smart 1080p HD Pet Camera with Infrared Night Vision Wide Viewing Angle and 2 Way Audio,"Camera type: PTZ Cameras
Resolution: 1080p HD
Brand: electriQ
Night vision: Yes
Wired Cameras",£22.97,0,0
