Code,Name,Product Information,Price,Saving Price,Review Count
1820807,Kingston 64GB (2x32GB) SO-DIMM 5600MHz DDR5 Laptop Memory,"Capacity: 64GB
Type: DRAM
Speed: 5600MHz
Form Factor: SO-DIMM",£189.97,£41,0
1509214,Crucial 16GB (1x16GB) SO-DIMM 3200MHz DDR4 Laptop Memory,"Capacity: 16GB
Type: DRAM
Speed: 3200MHz
Form Factor: SO-DIMM",£27.97,£25,0
1517702,Crucial 8GB 1x8GB SO-DIMM 3200 MHz DDR4 Laptop Memory,"Capacity: 8GB
Type: DRAM
Speed: 3200MHz
Form Factor: SO-DIMM",£19.97,£16,0
1519924,Kingston 8GB (1x8GB) SO-DIMM 3200MHz DDR4 Laptop Memory,"Capacity: 8GB
Type: DRAM
Speed: 3200MHz
Form Factor: SO-DIMM",£19.97,£15,0
1432272,Kingston 8GB DDR4 3200Mhz DIMM Desktop Memory,"Capacity: 8GB
Type: DRAM
Speed: 3200MHz
Form Factor: DIMM 288-pin",£21.97,0,0
1475520,Crucial 32GB (1x32GB) SO-DIMM 3200MHz DDR4 Laptop Memory,"Capacity: 32GB
Type: DRAM
Speed: 3200MHz
Form Factor: SO-DIMM",£54.97,£44,0
1729420,Kingston 32GB (2x16GB) SO-DIMM 3200MHz DDR4 Laptop Memory,"Capacity: 32GB
Type: DRAM
Speed: 3200MHz
Form Factor: SO-DIMM",£65.97,£45,0
1790599,Intel Core i7 13700K 16 Core LGA 1700 Raptor Lake-S Processor,"Socket: 1700
Clock Speed: 3.4GHz
Number of Cores: 16
Cache Size: 30MB",£384.97,£70,0
1812007,Intel Core i5 13500 14 Core LGA 1700 Raptor Lake-S Processor,"Socket: 1700
Clock Speed: 2.5GHz
Number of Cores: 14
Cache Size: 24MB",£230.97,£34,0
1791627,Asus NVIDIA TUF Gaming GeForce RTX 4090 24GB 2595MHZ GDDR6X OC Graphics Card,"Memory Size: 24GB
GPU Type: RTX 4090
Interface: HDMI / Display Port
Clock Speed: 2520MHz
VR Ready: Yes",£1649.97,£250,0
1537915,Kingston KVR 8GB 1x8GB SO-DIMM 3200MHz DDR4 Laptop Memory,"Capacity: 8GB
Type: DRAM
Speed: 3200MHz
Form Factor: SO-DIMM",£18.97,£12,0
1539152,AMD Ryzen 7 5800X 8 Core AM4 Zen 3 Processor,"Socket: AM4
Clock Speed: 3.8GHz
Number of Cores: 8
Cache Size: 32MB",£181.97,£58,0
1714594,Goodram 16GB (1x16GB) SO-DIMM 2666MHz DDR4 Laptop Memory,"Capacity: 16GB
Type: DRAM
Speed: 2666MHz
Form Factor: SO-DIMM",£26.97,£9,0
1422753,AMD Ryzen 3 3200G 4 Core AM4 Zen+ Processor,"Socket: AM4
Clock Speed: 3.6GHz
Number of Cores: 4
Cache Size: 4MB",£70.97,£25,0
1367996,Kingston 16GB (1x16GB) SODIMM 2666MHz DDR4 Laptop Memory,"Capacity: 16GB
Type: DRAM
Speed: 2666MHz
Form Factor: SO-DIMM",£36.97,£6,0
1297892,Kingston 8GB (1x8GB) SO-DIMM 2666MHz DDR4 Laptop Memory,"Capacity: 8GB
Type: SDRAM
Speed: 2666MHz
Form Factor: SO-DIMM",£17.97,£16,0
806220,Box Opened NVIDIA Quadro NVS 450 512MB Graphics Adapter,"Interface: Display Port
GPU Technology: GDDR3",£66.52,£278,0
1210330,Kingston 16GB (1x16GB) DIMM 2666MHz DDR4 Desktop Memory,"Capacity: 16GB
Type: DRAM
Speed: 2666MHz
Form Factor: DIMM",£34.97,£13,0
1289779,Kingston 8GB 1x8GB SO-DIMM 2666MHz DDR4 Laptop Memory,"Capacity: 8GB
Type: SDRAM
Speed: 2666MHz
Form Factor: SO-DIMM",£18.97,0,0
1715376,AMD Ryzen 7 5700X 8 Core AM4 Zen 3 Processor,"Socket: AM4
Clock Speed: 3.4GHz
Number of Cores: 8
Cache Size: 32MB",£165.97,£146,10
1671221,Intel Core i7 12700K 12 Core LGA 1700 Alder Lake-S Processor,"Socket: 1700
Clock Speed: 3.6GHz
Number of Cores: 12
Cache Size: 25MB",£285.97,£74,0
1525349,Kingston 16GB (1x16GB) SO-DIMM 3200MHz DDR4 Laptop Memory,"Capacity: 16GB
Type: DRAM
Speed: 3200MHz
Form Factor: SO-DIMM",£33.97,£16,0
1728013,AMD Ryzen 7 5800X3D 8 Core AM4 Zen 3 Processor,"Socket: AM4
Clock Speed: 3.4GHz
Number of Cores: 8
Cache Size: 96MB",£286.97,£181,0
1731491,Kingston 64GB (1x64GB) DIMM 3200MHz DDR4 Desktop Memory,"Capacity: 64GB
Type: DRAM
Speed: 3200MHz
Form Factor: DIMM",£131.97,£115,0
1731492,Kingston 32GB (1x32GB) SO-DIMM 4800MHz DDR5 Laptop Memory,"Capacity: 32GB
Type: DRAM
Speed: 4800MHz
Form Factor: SO-DIMM",£86.97,£27,0
1731032,Kingston 32GB (2x16GB) SO-DIMM 4800MHz DDR5 Laptop Memory,"Capacity: 32GB
Type: DRAM
Speed: 4800MHz
Form Factor: SO-DIMM",£99.97,£31,0
1735410,Kingston 32GB (1x32GB) DIMM 5600MHz DDR5 Desktop Memory,"Capacity: 32GB
Type: DRAM
Speed: 5600MHz
Form Factor: DIMM",£106.97,£31,0
1737839,Kingston 8GB (1x8GB) SO-DIMM 4800MHz DDR5 Laptop Memory,"Capacity: 8GB
Type: DRAM
Speed: 4800MHz
Form Factor: SO-DIMM",£30.97,£13,0
1743877,Refurbished HPE 9.5mm SATA DVD-ROM JackBlack Gen9 Optical Drive Factory integrated,,£12.79,£52,0
1780032,Kingston 32GB (1x32GB) DIMM 2666MHz DDR4 Desktop Memory,"Capacity: 32GB
Type: DRAM
Speed: 2666MHz
Form Factor: DIMM",£66.97,£26,0
1758466,Kingston 32GB (1x32GB) SO-DIMM 3200MHz DDR4 Laptop Memory,"Capacity: 32GB
Type: DRAM
Speed: 3200MHz
Form Factor: SO-DIMM",£65.97,£28,0
1781840,AMD Ryzen 9 7900X 12 Core AM5 Zen 4 Processor,"Socket: AM5
Clock Speed: 4.7GHz
Number of Cores: 12
Cache Size: 64MB",£389.97,£113,0
1820889,Kingston 32GB (1x32GB) DIMM 3200MHz DDR4 Desktop Memory,"Capacity: 32GB
Type: DRAM
Speed: 3200MHz
Form Factor: DIMM",£65.97,£19,0
1820903,Kingston 32GB (1x32GB) DIMM 3200MHz DDR4 Laptop Memory,"Capacity: 32GB
Type: DRAM
Speed: 3200MHz
Form Factor: DIMM",£70.97,£17,0
1820913,Kingston 32GB (1x32GB) SO-DIMM 3200MHz DDR4 Laptop Memory,"Capacity: 32GB
Type: DRAM
Speed: 3200MHz
Form Factor: SO-DIMM",£64.97,£18,0
1822895,Asus Prime B650-PLUS AMD B650 AM5 DDR5 ATX Motherboard,"Form Factor: ATX
Socket: AM5
Chipset Type: AMD B650
Memory type: DDR5",£180.97,£19,0
1825343,Kingston 16GB (1x16GB) SO-DIMM 5200MHz DDR5 Laptop Memory,"Capacity: 16GB
Type: DRAM
Speed: 5200MHz
Form Factor: SO-DIMM",£51.97,£6,0
1838665,Box Opened Kingston Fury Renegade 32GB 1x32GB DIMM 3200MHz DDR4 Desktop Memory,"Capacity: 32GB
Type: DRAM
Speed: 3200MHz
Form Factor: DIMM 288-pin",£39.91,£28,0
1851488,Asus NVIDIA TUF Gaming GeForce RTX 4060 Ti 8GB 2655MHz GDDR6 Graphics Card,"Memory Size: 8GB
GPU Type: RTX 4060 Ti
Interface: HDMI / Display Port
Clock Speed: 2625MHz
VR Ready: Yes",£472.97,0,0
1848871,Box Opened Gigabyte RTX 3080 Gaming OC 10GB Graphics Card,"PC connection: PCI Express 4.0 x16
GPU Technology: GDDR6X SDRAM",£1023.97,£682,0
1851484,Asus NVIDIA GeForce RTX 4060 Ti 8GB 2565MHz GDDR6 OC Graphics Card,"Memory Size: 8GB
GPU Type: RTX 4060 Ti
Interface: HDMI / Display Port
Clock Speed: 2565MHz
VR Ready: Yes",£389.97,0,0
1833847,Box Opened Kingston 16GB 1x16GB SO-DIMM 5200MHz DDR5 Laptop Memory,"Capacity: 16GB
Type: DRAM
Speed: 5200MHz
Form Factor: SO-DIMM 262-pin",£27.05,£24,0
1836568,Box Opened Kingston 16GB 1x16GB DIMM 6000MHz DDR5 Desktop Memory,"Capacity: 16GB
Type: DRAM
Speed: 6000MHz
Form Factor: DIMM 288-pin",£35.15,£26,0
1829089,AMD Ryzen 9 7950X3D 16 Core AM5 Zen 4 Processor,"Socket: AM5
Clock Speed: 4.2GHz
Number of Cores: 16
Cache Size: 128MB",£626.97,£132,0
1823511,Asus TUF Gaming B650M-PLUS AMD B650 AM5 DDR5 with Wi-Fi Micro ATX Motherboard,"Form Factor: Micro ATX
Socket: AM5
Chipset Type: AMD B650
Memory type: DDR5",£204.97,£25,0
1823512,Asus TUF GAMING B650M-PLUS AMD B650 AM5 DDR5 Micro ATX Motherboard,"Form Factor: Micro ATX
Socket: AM5
Chipset Type: AMD B650
Memory type: DDR5",£197.97,£22,0
1823519,Asus TUF Gaming X670E-PLUS AMD X670 AM5 DDR5 with Wi-Fi ATX Motherboard,"Form Factor: ATX
Socket: AM5
Chipset Type: AMD X670
Memory type: DDR5",£334.97,£155,0
1823520,Asus TUF GAMING X670E-PLUS AMD X670 AM5 DDR5 ATX Motherboard,"Form Factor: ATX
Socket: AM5
Chipset Type: AMD X670
Memory type: DDR5",£315.97,0,0
1822895,Asus Prime B650-PLUS AMD B650 AM5 DDR5 ATX Motherboard,"Form Factor: ATX
Socket: AM5
Chipset Type: AMD B650
Memory type: DDR5",£180.97,£19,0
1823501,Asus ROG STRIX Z790-E Intel Z790 LGA 1700 DDR5 with Wi-Fi ATX Motherboard,"Form Factor: ATX
Socket: LGA 1700
Chipset Type: Intel Z790
Memory type: DDR5",£517.97,0,0
1821840,Sapphire AMD Nitro+ Radeon RX 7900 XTX 24GB 2680MHz GDDR6 Graphics Card,"Memory Size: 24GB
GPU Type: RX 7900 XTX
Clock Speed: 2510MHz
PC connection: PCI Express 4.0 x16
GPU Technology: GDDR6",£1033.97,£130,0
1820804,Kingston 16GB (1x16GB) SO-DIMM 5600MHz DDR5 Laptop Memory,"Capacity: 16GB
Type: DRAM
Speed: 5600MHz
Form Factor: SO-DIMM",£54.97,£7,0
1825343,Kingston 16GB (1x16GB) SO-DIMM 5200MHz DDR5 Laptop Memory,"Capacity: 16GB
Type: DRAM
Speed: 5200MHz
Form Factor: SO-DIMM",£51.97,£6,0
1838665,Box Opened Kingston Fury Renegade 32GB 1x32GB DIMM 3200MHz DDR4 Desktop Memory,"Capacity: 32GB
Type: DRAM
Speed: 3200MHz
Form Factor: DIMM 288-pin",£39.91,£28,0
1851235,Netac Basic 16GB DDR4 3200MHz PC4-25600 CL22 SODIMM Memory,"Capacity: 16GB
Type: DRAM
Speed: 3200MHz
Form Factor: SO-DIMM 260-pin",£26.97,£2,0
1851488,Asus NVIDIA TUF Gaming GeForce RTX 4060 Ti 8GB 2655MHz GDDR6 Graphics Card,"Memory Size: 8GB
GPU Type: RTX 4060 Ti
Interface: HDMI / Display Port
Clock Speed: 2625MHz
VR Ready: Yes",£472.97,0,0
1851484,Asus NVIDIA GeForce RTX 4060 Ti 8GB 2565MHz GDDR6 OC Graphics Card,"Memory Size: 8GB
GPU Type: RTX 4060 Ti
Interface: HDMI / Display Port
Clock Speed: 2565MHz
VR Ready: Yes",£389.97,0,0
1851485,Palit NVIDIA GeForce RTX 4060 Ti 8GB 2685MHz GDDR6 OC Graphics Card,"Memory Size: 8GB
GPU Type: RTX 4060 Ti
Clock Speed: 2310MHz
VR Ready: Yes
PC connection: PCI Express 4.0",£396.97,0,0
1851486,Palit NVIDIA GeForce RTX 4060 Ti 8GB 2353MHz GDDR6 Graphics Card,"Memory Size: 8GB
GPU Type: RTX 4060 Ti
Clock Speed: 2310MHz
VR Ready: Yes
PC connection: PCI Express 4.0",£387.97,0,0
1848871,Box Opened Gigabyte RTX 3080 Gaming OC 10GB Graphics Card,"PC connection: PCI Express 4.0 x16
GPU Technology: GDDR6X SDRAM",£1023.97,£682,0
1822068,Antec DF600 FLUX Mid Tower Gaming PC Case Black,"Form Factor: Mid tower
Black
Supported motherboard form factors: ATX / Micro ATX / Mini-ITX
Brand: Antec
Size: Tower",£83.97,0,0
1822069,Antec DF800 FLUX Mid Tower Gaming PC Case Black,"Form Factor: Mid tower
Black
Supported motherboard form factors: ATX / Micro ATX / Mini-ITX
Brand: Antec
Size: Mid tower",£92.97,0,0
1822073,Antec DF700 Flux ARGB Mid Tower Gaming PC Case Black,"Form Factor: Mid tower
Black
Supported motherboard form factors: ATX / Micro ATX / Mini-ITX
Brand: Antec
Size: Mid tower",£87.97,0,0
1833847,Box Opened Kingston 16GB 1x16GB SO-DIMM 5200MHz DDR5 Laptop Memory,"Capacity: 16GB
Type: DRAM
Speed: 5200MHz
Form Factor: SO-DIMM 262-pin",£27.05,£24,0
1834783,Palit GeForce RTX 4070 12GB 2550MHz GDDR6X Graphics Card,"Memory Size: 12GB
GPU Type: RTX 4070
Interface: HDMI / Display Port
Clock Speed: 2550MHz
VR Ready: Yes",£584.97,0,0
1834788,Palit NVIDIA GeForce RTX 4070 Dual 12GB 1920MHz GDDR6X Graphics Card,"Memory Size: 12GB
GPU Type: RTX 4070
Interface: HDMI / Display Port
Clock Speed: 1920MHz
VR Ready: Yes",£558.97,0,0
1834792,Palit NVIDIA GeForce RTX 4070 GamingPro 12GB 2475MHz GDDR6X Graphics Card,"Memory Size: 12GB
GPU Type: RTX 4070
Interface: HDMI / Display Port
Clock Speed: 1920MHz
VR Ready: Yes",£669.97,0,0
1835227,Palit GeForce RTX 4070 JetsStream DLSS3 12GB 2475MHz GDDR6X Graphics Card,"Memory Size: 12GB
GPU Type: RTX 4070
Interface: HDMI / Display Port
Clock Speed: 1920MHz
VR Ready: Yes",£594.97,£43,0
1836568,Box Opened Kingston 16GB 1x16GB DIMM 6000MHz DDR5 Desktop Memory,"Capacity: 16GB
Type: DRAM
Speed: 6000MHz
Form Factor: DIMM 288-pin",£35.15,£26,0
1837219,ASRock B760M Pro Intel LGA 1700 DDR4 Micro ATX Motherboard,"Form Factor: Micro ATX
Socket: LGA 1700
Chipset Type: Intel B760
Memory type: DDR4",£115.97,0,0
1837220,ASRock Z790 Pro Intel LGA 1700 DDR5 ATX Motherboard,"Form Factor: ATX
Socket: LGA 1700
Chipset Type: Intel Z790
Memory type: DDR5",£199.97,£15,0
1837221,ASRock B650M PG Riptide AMD AM5 DDR5 Micro ATX Motherboard,"Form Factor: Micro ATX
Socket: AM5
Chipset Type: AMD B650
Memory type: DDR5",£145.97,0,0
1825357,Kingston 32GB (1x32GB) SO-DIMM 5600MHz DDR5 Laptop Memory,"Capacity: 32GB
Type: DRAM
Speed: 5600MHz
Form Factor: SO-DIMM",£93.97,£11,0
1825927,ASUS 6X Ultra Slim External Optical Drive ,"USB 3.2 Gen 1x1 for high-speed data transmission
Includes two cables for USB Type-C and Type-A interfaces
M-DISC provides archival-quality storage to protect your precious photo, video and data for 1,000 years or more
Windows and Mac OS compatible
Nero BackItUp provides easy and comprehensive photo, video, data backup for your valuable information (Windows OS)",£107.97,0,0
1829089,AMD Ryzen 9 7950X3D 16 Core AM5 Zen 4 Processor,"Socket: AM5
Clock Speed: 4.2GHz
Number of Cores: 16
Cache Size: 128MB",£626.97,£132,0
1819875,ANTEC Vortex 360 ARGB 360mm 2000rpm Liquid CPU Cooler,"Fan diameter: 120mm
Brand: Antec
Cooling: Liquid Cooler
Size: 120mm
Speed: 2000rpm",£79.97,£15,0
1822062,Antec A400i RGB 120mm 1800rpm Air CPU Cooler,"Fan diameter: 120mm
Brand: Antec
Cooling: Air Cooler
Size: 120mm
Speed: 1800rpm",£23.97,£6,0
1822063,Antec FrigusAir 400 ARGB 120mm 1600rpm Air CPU Cooler,"Fan diameter: 120mm
Brand: Antec
Cooling: Air Cooler
Size: 120mm
Speed: 1600rpm",£32.97,£11,0
1822025,Kingston 64GB (4x16GB) DIMM 3200MHz DDR4 Desktop Memory,"Capacity: 64GB
Type: DRAM
Speed: 3200MHz
Form Factor: DIMM",£147.97,£34,0
1822027,Kingston 32GB (1x32GB) DIMM 3200MHz DDR4 Desktop Memory,"Capacity: 32GB
Type: DRAM
Speed: 3200MHz
Form Factor: DIMM",£70.97,£17,0
1822057,Antec P12 PWM 120mm 1400rpm 3 in 1 Fan Pack,"Diameter: 120mm
Power connector: 4-pin PWM",£18.97,£1,0
1823502,Asus ROG STRIX Z790-I Intel Z790 LGA 1700 DDR5 with Wi-Fi Mini ITX Motherboard,"Form Factor: Mini ITX
Socket: LGA 1700
Chipset Type: Intel Z790
Memory type: DDR5
4: Memory slots",£400.97,£29,0
1823503,Asus Tinker Board 2 DDR4 Wi-Fi ATX Motherboard,Memory type: DDR4,£85.97,0,0
1823505,Asus TUF GAMING B450-PLUS II AMD B450 AM4 DDR4 ATX Motherboard,"Form Factor: ATX
Socket: AM4
Chipset Type: AMD B450
Memory type: DDR4",£113.97,£26,0
1823509,Asus TUF Gaming B650-PLUS AMD B650 AM5 DDR5 with Wi-Fi ATX Motherboard,"Form Factor: ATX
Socket: AM5
Chipset Type: AMD B650
Memory type: DDR5",£222.97,£13,0
1823510,Asus TUF Gaming B650-PLUS AMD B650 AM5 DDR5 ATX Motherboard,"Form Factor: ATX
Socket: AM5
Chipset Type: AMD B650
Memory type: DDR5",£207.97,£12,0
1823511,Asus TUF Gaming B650M-PLUS AMD B650 AM5 DDR5 with Wi-Fi Micro ATX Motherboard,"Form Factor: Micro ATX
Socket: AM5
Chipset Type: AMD B650
Memory type: DDR5",£204.97,£25,0
1823512,Asus TUF GAMING B650M-PLUS AMD B650 AM5 DDR5 Micro ATX Motherboard,"Form Factor: Micro ATX
Socket: AM5
Chipset Type: AMD B650
Memory type: DDR5",£197.97,£22,0
1823519,Asus TUF Gaming X670E-PLUS AMD X670 AM5 DDR5 with Wi-Fi ATX Motherboard,"Form Factor: ATX
Socket: AM5
Chipset Type: AMD X670
Memory type: DDR5",£334.97,£155,0
1823520,Asus TUF GAMING X670E-PLUS AMD X670 AM5 DDR5 ATX Motherboard,"Form Factor: ATX
Socket: AM5
Chipset Type: AMD X670
Memory type: DDR5",£315.97,0,0
1823521,Asus TUF Gaming Z790-PLUS Intel Z790 LGA 1700 DDR4 ATX Motherboard,"Form Factor: ATX
Socket: LGA 1700
Chipset Type: Intel Z790
Memory type: DDR4",£297.97,£32,0
1823522,Asus TUF Gaming Z790-PLUS Intel Z790 LGA 1700 DDR5 with Wi-Fi ATX Motherboard,"Form Factor: ATX
Socket: LGA 1700
Chipset Type: Intel Z790
Memory type: DDR5",£329.97,0,0
1823708,Kingston 16GB (1x16GB) SO-DIMM 4800MHz DDR5 Laptop Memory,"Capacity: 16GB
Type: DRAM
Speed: 4800MHz
Form Factor: SO-DIMM",£56.97,£29,0
1824108,Kingston 32GB (1x32GB) SO-DIMM 4800MHz DDR5 Laptop Memory,"Capacity: 32GB
Type: DRAM
Speed: 4800MHz
Form Factor: SO-DIMM",£99.97,£62,0
1825339,Kingston 32GB (1x32GB) SO-DIMM 5200MHz DDR5 Laptop Memory,"Capacity: 32GB
Type: DRAM
Speed: 5200MHz
Form Factor: SO-DIMM",£91.97,£17,0
1825341,Kingston 8GB (1x8GB) SO-DIMM 5200MHz DDR5 Laptop Memory,"Capacity: 8GB
Type: DRAM
Speed: 5200MHz
Form Factor: SO-DIMM",£31.97,£14,0
1820932,Kingston 16GB (1x16GB) DIMM 3200MHz DDR4 Desktop Memory,"Capacity: 16GB
Type: SDRAM
Speed: 3200MHz
Form Factor: DIMM",£37.97,£9,0
1820904,Kingston 16GB (1x16GB) DIMM 3200MHz DDR4 Desktop Memory,"Capacity: 16GB
Type: DRAM
Speed: 3200MHz
Form Factor: DIMM",£41.97,£8,0
1820905,Kingston 16GB (1x16GB) DIMM 3200MHz DDR4 Desktop Memory,"Capacity: 16GB
Type: DRAM
Speed: 3200MHz
Form Factor: DIMM",£37.97,£9,0
1820906,Kingston 32GB (1x32GB) DIMM 3200MHz DDR4 Laptop Memory,"Capacity: 32GB
Type: DRAM
Speed: 3200MHz
Form Factor: DIMM",£65.97,£19,0
1820908,Kingston 16GB (1x16GB) SO-DIMM 3200MHz DDR4 Laptop Memmory,"Capacity: 16GB
Type: DRAM
Speed: 3200MHz
Form Factor: SO-DIMM",£36.97,£9,0
1820909,Kingston 32GB (1x32GB) DIMM 3200MHz DDR4 Laptop Memory,"Capacity: 32GB
Type: DRAM
Speed: 3200MHz
Form Factor: DIMM",£70.97,£17,0
1820910,Kingston 8GB (1x8GB) DIMM 3200MHz DDR4 Desktop Memory,"Capacity: 8GB
Type: DRAM
Speed: 3200MHz
Form Factor: DIMM",£26.97,£5,0
1820911,Kingston 32GB (1x32GB) SO-DIMM 2666MHz DDR4 Laptop Memory,"Capacity: 32GB
Type: DRAM
Speed: 2666MHz
Form Factor: SO-DIMM",£64.97,£18,0
1820937,Kingston 32GB (1x32GB) DIMM 5200MHz DDR5 Desktop Memory,"Capacity: 32GB
Type: SDRAM
Speed: 5200MHz
Form Factor: DIMM",£94.97,£12,0
1820968,Kingston 32GB (1x32GB) DIMM 5200MHz DDR5 Desktop Memory,"Capacity: 32GB
Type: SDRAM
Speed: 5200MHz
Form Factor: DIMM",£94.97,£16,0
1820969,Kingston 16GB (1x16GB) DIMM 5200MHz DDR3 Desktop Memory,"Capacity: 16GB
Type: SDRAM
Speed: 5200MHz
Form Factor: DIMM",£52.97,£7,0
1820973,Kingston 16GB (2x8GB) DIMM 1866MHz DDR3 Desktop Memory,"Capacity: 16GB
Type: DRAM
Speed: 1866MHz
Form Factor: DIMM",£72.97,£59,0
1820977,Kingston 16GB (1x16GB) SO-DIMM 3200MHz DDR4 Laptop Memory,"Capacity: 16GB
Type: DRAM
Speed: 3200MHz
Form Factor: SO-DIMM",£36.97,£9,0
1821556,Kingston 8GB (1x8GB) SO-DIMM 3200MHz DDR4 Laptop Memory,"Capacity: 8GB
Type: DRAM
Speed: 3200MHz
Form Factor: SO-DIMM",£22.97,£19,0
1821782,Corsair RM750x Shift 750W Fully Modular 80+ Gold Power Supply,"750W
80 PLUS certification: Gold
Fully Modular
140 mm fan
10 Year Warranty",£133.97,£12,0
1821783,Corsair RM850x Shift 850W Fully Modular 80+ Gold Power Supply,"850W
80 PLUS certification: Gold
Fully Modular
140 mm fan
10 Year Warranty",£147.97,£27,0
1812533,Kingston 32GB (2x16GB) DIMM 3600MHz DDR4 Desktop Memory,"Capacity: 32GB
Type: DRAM
Speed: 3600MHz
Form Factor: DIMM",£89.97,£50,0
1820709,Kingston 4GB (1x4GB) DIMM 2666MHz DDR3 Desktop Memory,"Capacity: 4GB
Type: DRAM
Speed: 2666MHz
Form Factor: DIMM",£26.97,£18,0
1821789,Asus NVIDIA Phoenix GTX 1630 EVO 4GB 1815MHz GDDR6 Graphics Card,"Memory Size: 4GB
GPU Type: GTX 1630
Interface: HDMI / Display Port
Clock Speed: 1785MHz
PC connection: PCI Express 3.0",£162.97,£35,0
1821791,Asus NVIDIA GeForce RTX 3050 Phoenix 8GB 1807MHz GDDR6 OC Graphics Card,"Memory Size: 8GB
GPU Type: RTX 3050
Interface: HDMI / Display Port
Clock Speed: 1777MHz
PC connection: PCI Express 4.0",£248.97,£48,0
1821799,Asus NVIDIA ROG Strix GeForce RTX 4070 Ti 12GB 2640MHz GDDR6X Graphics Card,"Memory Size: 12GB
GPU Type: RTX 4070 Ti
Interface: HDMI / Display Port
Clock Speed: 2610MHz
PC connection: PCI Express 4.0",£950.97,0,0
1820890,Kingston 16GB (1x16GB) DIMM 3200MHz DDR4 Desktop Memory,"Capacity: 16GB
Type: DRAM
Speed: 3200MHz
Form Factor: DIMM",£37.97,£9,0
1820891,Kingston 16GB (1x16GB) DIMM 3200MHz DDR4 Desktop Memory,"Capacity: 16GB
Type: DRAM
Speed: 3200MHz
Form Factor: DIMM",£41.97,£8,0
1820892,Kingston 8GB (1x8GB) DIMM 3200MHz DDR4 Desktop Memory,"Capacity: 8GB
Type: DRAM
Speed: 3200MHz
Form Factor: DIMM",£28.97,£3,0
1820893,Kingston 32GB (1x32GB) SO-DIMM 2666MHz DDR4 Laptop Memory,"Capacity: 32GB
Type: DRAM
Speed: 2666MHz
Form Factor: SO-DIMM",£64.97,£18,0
1820894,Kingston 16GB (1x16GB) SO-DIMM 3200MHz DDR4 Laptop Memory,"Capacity: 16GB
Type: DRAM
Speed: 3200MHz
Form Factor: SO-DIMM",£36.97,£10,0
1820896,Kingston 8GB (1x8GB) SO-DIMM 3200MHz DDR4 Laptop Memory,"Capacity: 8GB
Type: DRAM
Speed: 3200MHz
Form Factor: SO-DIMM",£22.97,£5,0
1820897,Kingston 16GB (1x16GB) SO-DIMM 3200MHz DDR4 Laptop Memory,"Capacity: 16GB
Type: DRAM
Speed: 3200MHz
Form Factor: SO-DIMM 260-pin",£36.97,£10,0
1820898,Kingston 32GB (1x32GB) DIMM 2666MHz DDR4 Desktop Memory,"Capacity: 32GB
Type: DRAM
Speed: 2666MHz
Form Factor: DIMM",£65.97,£19,0
1820899,Kingston 16GB (1x16GB) DIMM 2666MHz DDR4 Desktop Memory,"Capacity: 16GB
Type: DRAM
Speed: 2666MHz
Form Factor: DIMM",£37.97,£9,0
1820900,Kingston 16GB (1x16GB) DIMM 2666MHz DDR4 Desktop Memory,"Capacity: 16GB
Type: DRAM
Speed: 2666MHz
Form Factor: DIMM",£41.97,£8,0
1820901,Kingston 16GB (2x8GB) DIMM 3200MHz DDR4 Desktop Memory,"Capacity: 16GB
Type: DRAM
Speed: 3200MHz
Form Factor: DIMM",£41.97,£8,0
1820902,Kingston 16GB (1x16GB) DIMM 3200MHz DDR4 Desktop Memory,"Capacity: 16GB
Type: DRAM
Speed: 3200MHz
Form Factor: DIMM",£41.97,£8,0
1820726,Kingston 8GB (2x4GB) DIMM 3200MHz DDR4 Desktop Memory,"Capacity: 8GB
Type: DRAM
Speed: 3200MHz
Form Factor: DIMM",£50.97,£5,0
1820749,Kingston 16GB (2x8GB) DIMM 3600MHz DDR4 Desktop Memory,"Capacity: 16GB
Type: DRAM
Speed: 3600MHz
Form Factor: DIMM",£46.97,£22,0
1820774,Kingston 16GB (2x8GB) DIMM 4000MHz DDR4 Desktop Memory,"Capacity: 16GB
Type: DRAM
Speed: 4000MHz
Form Factor: DIMM",£69.97,£50,0
1820779,Kingston 16GB (2x8GB) DIMM 4800MHz DDR4 Desktop Memory,"Capacity: 16GB
Type: DRAM
Speed: 4800MHz
Form Factor: DIMM",£103.97,£16,0
1820795,Kingston 32GB (1x32GB) DIMM 5600MHz DDR5 Desktop Memory,"Capacity: 32GB
Type: DRAM
Speed: 5600MHz
Form Factor: DIMM",£106.97,£14,0
1820797,Kingston 16GB (2x8GB) DIMM 5600MHz DDR5 Desktop Memory,"Capacity: 16GB
Type: DRAM
Speed: 5600MHz
Form Factor: DIMM",£74.97,£8,0
1820799,Kingston 16GB (2x8GB) DIMM 5600MHz DDR5 Desktop Memory,"Capacity: 16GB
Type: DRAM
Speed: 5600MHz
Form Factor: DIMM",£65.97,£44,0
1820800,Kingston 64GB (2x32GB) DIMM 5600MHz DDR5 Desktop Memory,"Capacity: 64GB
Type: DRAM
Speed: 5600MHz
Form Factor: DIMM",£203.97,£27,0
1820802,Kingston 32GB (2x16GB) DIMM 5600MHz DDR5 Desktop Memory,"Capacity: 32GB
Type: DRAM
Speed: 5600MHz
Form Factor: DIMM",£120.97,£15,0
1820803,Kingston 64GB (2x32GB) DIMM 5600MHz DDR5 Desktop Memory,"Capacity: 64GB
Type: DRAM
Speed: 5600MHz
Form Factor: DIMM",£203.97,£27,0
1820804,Kingston 16GB (1x16GB) SO-DIMM 5600MHz DDR5 Laptop Memory,"Capacity: 16GB
Type: DRAM
Speed: 5600MHz
Form Factor: SO-DIMM",£54.97,£7,0
1820109,Asus ROG STRIX 1000W Fully Modular 80+ Gold Power Supply,"1000W
80 PLUS certification: Gold
Fully Modular
135 mm fan
10 Year Warranty",£219.97,£21,0
1820686,Kingston 16GB (1x16GB) DIMM 3200MHz DDR4 Desktop Memory,"Capacity: 16GB
Type: DRAM
Speed: 3200MHz
Form Factor: DIMM",£41.97,£8,0
1820687,Kingston 32GB (1x32GB) DIMM 3200MHz DDR4 Desktop Memory,"Capacity: 32GB
Type: DRAM
Speed: 3200MHz
Form Factor: DIMM",£70.97,£17,0
1820688,Kingston 64GB (1x64GB) DIMM 3200MHz DDR4 Desktop Memory,"Capacity: 64GB
Type: DRAM
Speed: 3200MHz
Form Factor: DIMM",£131.97,£40,0
1820928,Kingston 32GB (1x32GB) DIMM 3200MHz DDR4 Desktop Memory,"Capacity: 32GB
Type: SDRAM
Speed: 3200MHz
Form Factor: DIMM",£70.97,£17,0
1820931,Kingston 32GB DIMM 3200MHz DDR4 Desktop Memory,"Capacity: 32GB
Type: DRAM
Speed: 3200MHz
Form Factor: DIMM",£65.97,£19,0
1820932,Kingston 16GB (1x16GB) DIMM 3200MHz DDR4 Desktop Memory,"Capacity: 16GB
Type: SDRAM
Speed: 3200MHz
Form Factor: DIMM",£37.97,£9,0
1820936,Kingston 32GB (2x16GB) DIMM 4800MHz DDR5 Desktop Memory,"Capacity: 32GB
Type: SDRAM
Speed: 4800MHz
Form Factor: DIMM",£95.97,£19,0
1820937,Kingston 32GB (1x32GB) DIMM 5200MHz DDR5 Desktop Memory,"Capacity: 32GB
Type: SDRAM
Speed: 5200MHz
Form Factor: DIMM",£94.97,£12,0
1820968,Kingston 32GB (1x32GB) DIMM 5200MHz DDR5 Desktop Memory,"Capacity: 32GB
Type: SDRAM
Speed: 5200MHz
Form Factor: DIMM",£94.97,£16,0
1820969,Kingston 16GB (1x16GB) DIMM 5200MHz DDR3 Desktop Memory,"Capacity: 16GB
Type: SDRAM
Speed: 5200MHz
Form Factor: DIMM",£52.97,£7,0
1820973,Kingston 16GB (2x8GB) DIMM 1866MHz DDR3 Desktop Memory,"Capacity: 16GB
Type: DRAM
Speed: 1866MHz
Form Factor: DIMM",£72.97,£59,0
1820977,Kingston 16GB (1x16GB) SO-DIMM 3200MHz DDR4 Laptop Memory,"Capacity: 16GB
Type: DRAM
Speed: 3200MHz
Form Factor: SO-DIMM",£36.97,£9,0
1821556,Kingston 8GB (1x8GB) SO-DIMM 3200MHz DDR4 Laptop Memory,"Capacity: 8GB
Type: DRAM
Speed: 3200MHz
Form Factor: SO-DIMM",£22.97,£19,0
1821782,Corsair RM750x Shift 750W Fully Modular 80+ Gold Power Supply,"750W
80 PLUS certification: Gold
Fully Modular
140 mm fan
10 Year Warranty",£133.97,£12,0
1821783,Corsair RM850x Shift 850W Fully Modular 80+ Gold Power Supply,"850W
80 PLUS certification: Gold
Fully Modular
140 mm fan
10 Year Warranty",£147.97,£27,0
1821784,Corsair RMx Shift Series 1000W Fully Modular 80+ Gold Power Supply,"1000W
80 PLUS certification: Gold
Fully Modular
140 mm fan
10 Year Warranty",£185.97,£34,0
1821785,Corsair RMx Shift 1200W Fully Modular 80+ Gold Power Supply,"1200W
80 PLUS certification: Gold
Fully Modular
140 mm fan
10 Year Warranty",£259.97,0,0
1821787,Asus NVIDIA GeForce GT 710 2GB 954MHz GDDR3 Graphics Card,"Memory Size: 2GB
GPU Type: GT 710
Interface: HDMI / Display Port
Clock Speed: 954MHz
PC connection: PCI Express 2.0",£54.97,0,0
1821789,Asus NVIDIA Phoenix GTX 1630 EVO 4GB 1815MHz GDDR6 Graphics Card,"Memory Size: 4GB
GPU Type: GTX 1630
Interface: HDMI / Display Port
Clock Speed: 1785MHz
PC connection: PCI Express 3.0",£162.97,£35,0
1821791,Asus NVIDIA GeForce RTX 3050 Phoenix 8GB 1807MHz GDDR6 OC Graphics Card,"Memory Size: 8GB
GPU Type: RTX 3050
Interface: HDMI / Display Port
Clock Speed: 1777MHz
PC connection: PCI Express 4.0",£248.97,£48,0
1821799,Asus NVIDIA ROG Strix GeForce RTX 4070 Ti 12GB 2640MHz GDDR6X Graphics Card,"Memory Size: 12GB
GPU Type: RTX 4070 Ti
Interface: HDMI / Display Port
Clock Speed: 2610MHz
PC connection: PCI Express 4.0",£950.97,0,0
1821800,Asus NVIDIA ROG Strix GeForce RTX 4070 Ti 12GB 2790MHz GDDR6X OC Graphics Card,"Memory Size: 12GB
GPU Type: RTX 4070 Ti
Clock Speed: 2760MHz
PC connection: PCI Express 4.0
GPU Technology: GDDR6X SDRAM",£954.97,£59,0
1821802,Asus NVIDIA GeForce RTX 4070 Ti 12GB 2760MHz GDDR6X Graphics Card,"Memory Size: 12GB
GPU Type: RTX 4070 Ti
Clock Speed: 2730MHz
PC connection: PCI Express 4.0
GPU Technology: GDDR6X SDRAM",£868.97,0,0
1821803,Asus NVIDIA ROG Strix GeForce RTX 4080 16GB 2505MHz GDDR6X Graphics Card,"Memory Size: 16GB
GPU Type: RTX 4080
Interface: HDMI / Display Port
Clock Speed: 2505MHz
PC connection: PCI Express 4.0",£1448.97,0,0
1821804,Asus NVIDIA ROG Strix GeForce RTX 4080 16GB 2655MHz GDDR6X OC Graphics Card,"Memory Size: 16GB
GPU Type: RTX 4080
Interface: HDMI / Display Port
Clock Speed: 2625MHz
PC connection: PCI Express 4.0",£1443.97,0,0
1821806,Asus NVIDIA GeForce RTX 4080 16GB 2505MHz GDDR6X Graphics Card,"Memory Size: 16GB
GPU Type: RTX 4080
Interface: HDMI / Display Port
Clock Speed: 2505MHz
PC connection: PCI Express 4.0",£1461.97,0,0
1821807,Asus NVIDIA TUF Gaming GeForce RTX 4080 16GB 2535MHz GDDR6X Graphics Card,"Memory Size: 16GB
GPU Type: RTX 4080
Interface: HDMI / Display Port
Clock Speed: 2505MHz
PC connection: PCI Express 4.0",£1326.97,£76,0
1821808,Asus NVIDIA TUF Gaming GeForce RTX 4080 16GB 2625MHz GDDR6X OC Graphics Card,"Memory Size: 16GB
GPU Type: RTX 4080
Interface: HDMI / Display Port
Clock Speed: 2595MHz
PC connection: PCI Express 4.0",£1363.97,£85,0
1821809,Asus NVIDIA ROG STRIX GeForce RTX 4090 24GB 2520MHz GDDR6X Graphics Card,"Memory Size: 24GB
GPU Type: RTX 4090
Interface: HDMI / Display Port
Clock Speed: 2550MHz
PC connection: PCI Express 4.0",£1938.97,0,0
1821814,Asus TUF Gaming RTX 4090 24GB 2565MHz GDDR6X Graphics Card,"Memory Size: 24GB
GPU Type: RTX 4090
Interface: HDMI / Display Port
Clock Speed: 2520MHz
PC connection: PCI Express 4.0",£1842.97,0,0
1821817,Asus AMD TUF Gaming RX 7900 XTX 24GB 2615MHz GDDR6 OC Graphics Card,"Memory Size: 24GB
GPU Type: RX 7900 XTX
Interface: HDMI / Display Port
Clock Speed: 2455MHz
PC connection: PCI Express 4.0",£1024.97,£160,0
1821823,ASRock Intel Arc A750 Challenger D 8GB 2200MHz GDDR6 OC Graphics Card,"Memory Size: 8GB
GPU Type: Arc A750
Interface: HDMI / Display Port
Clock Speed: 2200MHz
PC connection: PCI Express 4.0 x16",£204.97,£85,0
1821824,ASRock Intel Arc A770 Phantom Gaming F 8GB 2200MHz GDDR6 OC Graphics Card,"Memory Size: 8GB
GPU Type: ARC A770
Interface: HDMI / Display Port
Clock Speed: 2200MHz
PC connection: PCI Express 4.0 x16",£244.97,£115,0
1821828,ASRock AMD Radeon RX 7900 XT 20GB 2450MHz GDDR6 OC Graphics Card,"Memory Size: 20GB
GPU Type: RX 7900 XT
Interface: HDMI / Display Port
Clock Speed: 2075MHz
PC connection: PCI Express 4.0 x16",£819.97,£160,0
1821831,ASRock AMD Radeon RX 7900 XTX Phantom 24GB 2615MHz GDDR6 OC Graphics Card,"Memory Size: 24GB
GPU Type: RX 7900 XTX
Interface: HDMI / Display Port
Clock Speed: 2615MHz
PC connection: PCI Express 4.0 x16",£968.97,£125,0
1821835,Sapphire AMD PULSE Radeon RX 6600 8GB 2044MHz GDDR6 Graphics Card,"VR Ready: Yes
PC connection: PCI Express 4.0
GPU Technology: GDDR6 SDRAM",£199.97,£22,0
1821836,Sapphire AMD PULSE Radeon RX 6750 12GB 2618MHz GDDR6 Graphics Card,"Memory Size: 12GB
VR Ready: Yes
PC connection: PCI Express 4.0 x16
GPU Technology: GDDR6 SDRAM",£351.97,£38,0
1787417,Kingston 64GB (1x64GB) DIMM 3200MHz DDR4 Desktop Memory,"Capacity: 64GB
Type: DRAM
Speed: 3200MHz
Form Factor: DIMM",£157.97,£46,0
1787461,Crucial 8GB (1x8G) SO-DIMM 4800MHz DDR5 Laptop Memory,"Capacity: 8GB
Type: DRAM
Speed: 4800MHz
Form Factor: SO-DIMM",£21.97,£19,0
1820725,Kingston 32GB (4x8GB) DIMM 3200MHz DDR4 Desktop Memory,"Capacity: 32GB
Type: DRAM
Speed: 3200MHz
Form Factor: DIMM",£87.97,£18,0
1820726,Kingston 8GB (2x4GB) DIMM 3200MHz DDR4 Desktop Memory,"Capacity: 8GB
Type: DRAM
Speed: 3200MHz
Form Factor: DIMM",£50.97,£5,0
1820749,Kingston 16GB (2x8GB) DIMM 3600MHz DDR4 Desktop Memory,"Capacity: 16GB
Type: DRAM
Speed: 3600MHz
Form Factor: DIMM",£46.97,£22,0
1820774,Kingston 16GB (2x8GB) DIMM 4000MHz DDR4 Desktop Memory,"Capacity: 16GB
Type: DRAM
Speed: 4000MHz
Form Factor: DIMM",£69.97,£50,0
1820779,Kingston 16GB (2x8GB) DIMM 4800MHz DDR4 Desktop Memory,"Capacity: 16GB
Type: DRAM
Speed: 4800MHz
Form Factor: DIMM",£103.97,£16,0
1820795,Kingston 32GB (1x32GB) DIMM 5600MHz DDR5 Desktop Memory,"Capacity: 32GB
Type: DRAM
Speed: 5600MHz
Form Factor: DIMM",£106.97,£14,0
1820797,Kingston 16GB (2x8GB) DIMM 5600MHz DDR5 Desktop Memory,"Capacity: 16GB
Type: DRAM
Speed: 5600MHz
Form Factor: DIMM",£74.97,£8,0
1820799,Kingston 16GB (2x8GB) DIMM 5600MHz DDR5 Desktop Memory,"Capacity: 16GB
Type: DRAM
Speed: 5600MHz
Form Factor: DIMM",£65.97,£44,0
1820800,Kingston 64GB (2x32GB) DIMM 5600MHz DDR5 Desktop Memory,"Capacity: 64GB
Type: DRAM
Speed: 5600MHz
Form Factor: DIMM",£203.97,£27,0
1820802,Kingston 32GB (2x16GB) DIMM 5600MHz DDR5 Desktop Memory,"Capacity: 32GB
Type: DRAM
Speed: 5600MHz
Form Factor: DIMM",£120.97,£15,0
1820803,Kingston 64GB (2x32GB) DIMM 5600MHz DDR5 Desktop Memory,"Capacity: 64GB
Type: DRAM
Speed: 5600MHz
Form Factor: DIMM",£203.97,£27,0
1820597,Asus ROG Strix LC II 240 Gaming ARGB 240mm 2500rpm Liquid CPU Cooler,"Fan diameter: 120mm
Brand: ASUS
Cooling: Liquid Cooler
Size: 120mm
Speed: 2500rpm",£169.97,0,0
1820835,Kingston 16GB (1x16GB) DIMM 2666MHz DDR4 Desktop Memory,"Capacity: 16GB
Type: DRAM
Speed: 2666MHz
Form Factor: DIMM",£38.97,£9,0
1820836,Kingston 16GB (1x16GB) DIMM 2666MHz DDR4 Desktop Memory,"Capacity: 16GB
Type: DRAM
Speed: 2666MHz
Form Factor: DIMM",£38.97,£9,0
1820837,Kingston 8GB (1x8GB) DIMM 2666MHz DDR4 Desktop Memory,"Capacity: 8GB
Type: DRAM
Speed: 2666MHz
Form Factor: DIMM",£24.97,£4,0
1820838,Kingston 32GB (1x32GB) DIMM 2666MHz DDR4 Desktop Memory,"Capacity: 32GB
Type: DRAM
Speed: 2666MHz
Form Factor: DIMM",£72.97,£15,0
1820839,Kingston 64GB (1x64GB) DIMM 2666MHz DDR4 Desktop Memory,"Capacity: 64GB
Type: DRAM
Speed: 2666MHz
Form Factor: DIMM",£135.97,£35,0
1820840,Kingston 64GB (4x16GB) DIMM 2666MHz DDR4 Desktop Memory,"Capacity: 64GB
Type: DRAM
Speed: 2666MHz
Form Factor: DIMM",£135.97,£35,0
1820841,Kingston 16GB (1x16GB) DIMM 2666MHz DDR4 Desktop Memory,"Capacity: 16GB
Type: DRAM
Speed: 2666MHz
Form Factor: DIMM",£42.97,£7,0
1820842,Kingston 16GB (1x16GB) DIMM 2666MHz DDR4 Desktop Memory,"Capacity: 16GB
Type: DRAM
Speed: 2666MHz
Form Factor: DIMM",£42.97,£7,0
1820843,Kingston 32GB (1x32GB) DIMM 2666MHz DDR4 Desktop Memory,"Capacity: 32GB
Type: DRAM
Speed: 2666MHz
Form Factor: DIMM",£72.97,£15,0
1820844,Kingston 16GB (1x16GB) DIMM 2666MHz DDR4 Desktop Memory,"Capacity: 16GB
Type: DRAM
Speed: 2666MHz
Form Factor: DIMM",£42.97,£7,0
1820846,Kingston 32GB (1x32GB) DIMM 2666MHz DDR4 Desktop Memory,"Capacity: 32GB
Type: DRAM
Speed: 2666MHz
Form Factor: DIMM",£72.97,£15,0
1820847,Kingston 16GB (1x16GB) DIMM 2666MHz DDR4 Desktop Memory,"Capacity: 16GB
Type: DRAM
Speed: 2666MHz
Form Factor: DIMM",£42.97,£7,0
1820848,Kingston 16GB (1x16GB) DIMM 2666MHz DDR4 Desktop Memory,"Capacity: 16GB
Type: DRAM
Speed: 2666MHz
Form Factor: DIMM",£42.97,£8,0
1820849,Kingston 8GB (1x8GB) DIMM 2666MHz DDR4 Desktop Memory,"Capacity: 8GB
Type: DRAM
Speed: 2666MHz
Form Factor: DIMM",£27.97,£4,0
1820850,Kingston 16GB (1x16GB) DIMM 2666MHz DDR4 Desktop Memory,"Capacity: 16GB
Type: DRAM
Speed: 2666MHz
Form Factor: DIMM",£38.97,£8,0
1820851,Kingston 16GB (1x16GB) DIMM 2666MHz DDR4 Desktop Memory,"Capacity: 16GB
Type: DRAM
Speed: 2666MHz
Form Factor: DIMM",£38.97,£9,0
1820852,Kingston 8GB (1x8GB) DIMM 2666MHz DDR4 Desktop Memory,"Capacity: 8GB
Type: DRAM
Speed: 2666MHz
Form Factor: DIMM",£24.97,£4,0
1820853,Kingston 16GB (1x16GB) DIMM 3200MHz DDR4 Desktop Memory,"Capacity: 16GB
Type: DRAM
Speed: 3200MHz
Form Factor: DIMM",£38.97,£9,0
1820854,Kingston 16GB (1x16GB) DIMM 3200MHz DDR4 Desktop Memory,"Capacity: 16GB
Type: DRAM
Speed: 3200MHz
Form Factor: DIMM",£38.97,£8,0
1820855,Kingston 16GB (1x16GB) DIMM 3200MHz DDR4 Desktop Memory,"Capacity: 16GB
Type: DRAM
Speed: 3200MHz
Form Factor: DIMM",£38.97,£9,0
1820856,Kingston 8GB (1x8GB) DIMM 3200MHz DDR4 Desktop Memory,"Capacity: 8GB
Type: DRAM
Speed: 3200MHz
Form Factor: DIMM",£24.97,£4,0
1820857,Kingston 32GB (1x32GB) DIMM 3200MHz DDR4 Desktop Memory,"Capacity: 32GB
Type: DRAM
Speed: 3200MHz
Form Factor: DIMM",£72.97,£15,0
1820858,Kingston 64GB (1x64GB) DIMM 3200MHz DDR4 Desktop Memory,"Capacity: 64GB
Type: DRAM
Speed: 3200MHz
Form Factor: DIMM",£135.97,£35,0
1820859,Kingston 16GB (1x16GB) DIMM 3200MHz DDR4 Desktop Memory,"Capacity: 16GB
Type: DRAM
Speed: 3200MHz
Form Factor: DIMM",£42.97,£10,0
1820860,Kingston 32GB (1x32GB) DIMM 3200MHz DDR4 Desktop Memory,"Capacity: 32GB
Type: DRAM
Speed: 3200MHz
Form Factor: DIMM",£72.97,£15,0
1820861,Kingston 32GB (1x32GB) DIMM 3200MHz DDR4 Desktop Memory,"Capacity: 32GB
Type: DRAM
Speed: 3200MHz
Form Factor: DIMM",£72.97,£15,0
1820862,Kingston 16GB (1x16GB) DIMM 3200MHz DDR4 Desktop Memory,"Capacity: 16GB
Type: DRAM
Speed: 3200MHz
Form Factor: DIMM",£42.97,£7,0
1820863,Kingston 32GB (1x32GB) DIMM 3200MHz DDR4 Desktop Memory,"Capacity: 32GB
Type: DRAM
Speed: 3200MHz
Form Factor: DIMM",£72.97,£15,0
1820864,Kingston 32GB (1x32GB) DIMM 3200MHz DDR4 Desktop Memory,"Capacity: 32GB
Type: DRAM
Speed: 3200MHz
Form Factor: DIMM",£72.97,£15,0
1820865,Kingston 16GB (1x16GB) DIMM 3200MHz DDR4 Desktop Memory,"Capacity: 16GB
Type: DRAM
Speed: 3200MHz
Form Factor: DIMM",£42.97,£10,0
1820866,Kingston 16GB (1x16GB) DIMM 3200MHz DDR4 Desktop Memory,"Capacity: 16GB
Type: DRAM
Speed: 3200MHz
Form Factor: DIMM",£42.97,£7,0
1820867,Kingston 8GB (1x8GB) DIMM 3200MHz DDR4 Desktop Memory,"Capacity: 8GB
Type: DRAM
Speed: 3200MHz
Form Factor: DIMM",£27.97,£4,0
1820868,Kingston 16GB (1x16GB) DIMM 3200MHz DDR4 Desktop Memory,"Capacity: 16GB
Type: DRAM
Speed: 3200MHz
Form Factor: DIMM",£42.97,£10,0
1820870,Kingston 16GB (1x16GB) SO-DIMM 3200MHz DDR4 Laptop Memory,"Capacity: 16GB
Type: DRAM
Speed: 3200MHz
Form Factor: SO-DIMM",£37.97,£8,0
1820872,Kingston 16GB (1x16GB) SO-DIMM 3200MHz DDR4 Laptop Memory,"Capacity: 16GB
Type: DRAM
Speed: 3200MHz
Form Factor: SO-DIMM",£37.97,£8,0
1820873,Kingston 16GB (1x16GB) SO-DIMM 3200MHz DDR4 Laptop Memory,"Capacity: 16GB
Type: DRAM
Speed: 3200MHz
Form Factor: SO-DIMM",£37.97,£10,0
1820874,Kingston 8GB (1x8GB) SO-DIMM 3200MHz DDR4 Laptop Memory,"Capacity: 8GB
Type: DRAM
Speed: 3200MHz
Form Factor: SO-DIMM",£22.97,£20,0
1820875,Kingston 8GB (1x8GB) SO-DIMM 3200MHz DDR4 Laptop Memory,"Capacity: 8GB
Type: DRAM
Speed: 3200MHz
Form Factor: SO-DIMM",£22.97,£6,0
1820876,Kingston 32GB (1x32GB) DIMM 4800MHz DDR5 Desktop Memory,"Capacity: 32GB
Type: DRAM
Speed: 4800MHz
Form Factor: DIMM",£106.97,£56,0
1820877,Kingston 16GB (1x16GB) DIMM 4800MHz DDR5 Desktop Memory,"Capacity: 16GB
Type: DRAM
Speed: 4800MHz
Form Factor: DIMM",£58.97,£28,0
1820879,Kingston 32GB (1x32GB) DIMM 4800MHz DDR5 Desktop Memory,"Capacity: 32GB
Type: DRAM
Speed: 4800MHz
Form Factor: DIMM",£121.97,£57,0
1820880,Kingston 32GB (1x32GB) DIMM 4800MHz DDR5 Desktop Memory,"Capacity: 32GB
Type: DRAM
Speed: 4800MHz
Form Factor: DIMM",£121.97,£57,0
1820882,Kingston 32GB 1x32GB SO-DIMM 4800MHz DDR5 Laptop Memory,"Capacity: 32GB
Type: DRAM
Speed: 4800MHz
Form Factor: SO-DIMM",£102.97,£60,0
1820883,Kingston 16GB (1x16GB) SO-DIMM 4800MHz DDR4 Laptop Memory,"Capacity: 16GB
Type: DRAM
Speed: 4800MHz
Form Factor: SO-DIMM",£57.97,£29,0
1820884,Kingston 16GB (1x16GB) DIMM 2666MHz DDR4 Desktop Memory,"Capacity: 16GB
Type: DRAM
Speed: 2666MHz
Form Factor: DIMM",£41.97,£8,0
1820885,Kingston 16GB (1x16GB) DIMM 3200MHz DDR4 Desktop Memory,"Capacity: 16GB
Type: DRAM
Speed: 3200MHz
Form Factor: DIMM",£41.97,£8,0
1820886,Kingston 32GB (1x32GB) DIMM 3200MHz DDR4 Desktop Memory,"Capacity: 32GB
Type: DRAM
Speed: 3200MHz
Form Factor: DIMM",£70.97,£17,0
1820887,Kingston 16GB (1x16GB) DIMM 3200MHz DDR4 Desktop Memory,"Capacity: 16GB
Type: DRAM
Speed: 3200MHz
Form Factor: DIMM",£41.97,£10,0
1820852,Kingston 8GB (1x8GB) DIMM 2666MHz DDR4 Desktop Memory,"Capacity: 8GB
Type: DRAM
Speed: 2666MHz
Form Factor: DIMM",£24.97,£4,0
1820853,Kingston 16GB (1x16GB) DIMM 3200MHz DDR4 Desktop Memory,"Capacity: 16GB
Type: DRAM
Speed: 3200MHz
Form Factor: DIMM",£38.97,£9,0
1820854,Kingston 16GB (1x16GB) DIMM 3200MHz DDR4 Desktop Memory,"Capacity: 16GB
Type: DRAM
Speed: 3200MHz
Form Factor: DIMM",£38.97,£8,0
1820855,Kingston 16GB (1x16GB) DIMM 3200MHz DDR4 Desktop Memory,"Capacity: 16GB
Type: DRAM
Speed: 3200MHz
Form Factor: DIMM",£38.97,£9,0
1820856,Kingston 8GB (1x8GB) DIMM 3200MHz DDR4 Desktop Memory,"Capacity: 8GB
Type: DRAM
Speed: 3200MHz
Form Factor: DIMM",£24.97,£4,0
1820857,Kingston 32GB (1x32GB) DIMM 3200MHz DDR4 Desktop Memory,"Capacity: 32GB
Type: DRAM
Speed: 3200MHz
Form Factor: DIMM",£72.97,£15,0
1820858,Kingston 64GB (1x64GB) DIMM 3200MHz DDR4 Desktop Memory,"Capacity: 64GB
Type: DRAM
Speed: 3200MHz
Form Factor: DIMM",£135.97,£35,0
1820859,Kingston 16GB (1x16GB) DIMM 3200MHz DDR4 Desktop Memory,"Capacity: 16GB
Type: DRAM
Speed: 3200MHz
Form Factor: DIMM",£42.97,£10,0
1820860,Kingston 32GB (1x32GB) DIMM 3200MHz DDR4 Desktop Memory,"Capacity: 32GB
Type: DRAM
Speed: 3200MHz
Form Factor: DIMM",£72.97,£15,0
1820861,Kingston 32GB (1x32GB) DIMM 3200MHz DDR4 Desktop Memory,"Capacity: 32GB
Type: DRAM
Speed: 3200MHz
Form Factor: DIMM",£72.97,£15,0
1820862,Kingston 16GB (1x16GB) DIMM 3200MHz DDR4 Desktop Memory,"Capacity: 16GB
Type: DRAM
Speed: 3200MHz
Form Factor: DIMM",£42.97,£7,0
1820863,Kingston 32GB (1x32GB) DIMM 3200MHz DDR4 Desktop Memory,"Capacity: 32GB
Type: DRAM
Speed: 3200MHz
Form Factor: DIMM",£72.97,£15,0
1820864,Kingston 32GB (1x32GB) DIMM 3200MHz DDR4 Desktop Memory,"Capacity: 32GB
Type: DRAM
Speed: 3200MHz
Form Factor: DIMM",£72.97,£15,0
1820865,Kingston 16GB (1x16GB) DIMM 3200MHz DDR4 Desktop Memory,"Capacity: 16GB
Type: DRAM
Speed: 3200MHz
Form Factor: DIMM",£42.97,£10,0
1820866,Kingston 16GB (1x16GB) DIMM 3200MHz DDR4 Desktop Memory,"Capacity: 16GB
Type: DRAM
Speed: 3200MHz
Form Factor: DIMM",£42.97,£7,0
1820867,Kingston 8GB (1x8GB) DIMM 3200MHz DDR4 Desktop Memory,"Capacity: 8GB
Type: DRAM
Speed: 3200MHz
Form Factor: DIMM",£27.97,£4,0
1820868,Kingston 16GB (1x16GB) DIMM 3200MHz DDR4 Desktop Memory,"Capacity: 16GB
Type: DRAM
Speed: 3200MHz
Form Factor: DIMM",£42.97,£10,0
1820870,Kingston 16GB (1x16GB) SO-DIMM 3200MHz DDR4 Laptop Memory,"Capacity: 16GB
Type: DRAM
Speed: 3200MHz
Form Factor: SO-DIMM",£37.97,£8,0
1820872,Kingston 16GB (1x16GB) SO-DIMM 3200MHz DDR4 Laptop Memory,"Capacity: 16GB
Type: DRAM
Speed: 3200MHz
Form Factor: SO-DIMM",£37.97,£8,0
1820873,Kingston 16GB (1x16GB) SO-DIMM 3200MHz DDR4 Laptop Memory,"Capacity: 16GB
Type: DRAM
Speed: 3200MHz
Form Factor: SO-DIMM",£37.97,£10,0
1820874,Kingston 8GB (1x8GB) SO-DIMM 3200MHz DDR4 Laptop Memory,"Capacity: 8GB
Type: DRAM
Speed: 3200MHz
Form Factor: SO-DIMM",£22.97,£20,0
1820875,Kingston 8GB (1x8GB) SO-DIMM 3200MHz DDR4 Laptop Memory,"Capacity: 8GB
Type: DRAM
Speed: 3200MHz
Form Factor: SO-DIMM",£22.97,£6,0
1820876,Kingston 32GB (1x32GB) DIMM 4800MHz DDR5 Desktop Memory,"Capacity: 32GB
Type: DRAM
Speed: 4800MHz
Form Factor: DIMM",£106.97,£56,0
1820877,Kingston 16GB (1x16GB) DIMM 4800MHz DDR5 Desktop Memory,"Capacity: 16GB
Type: DRAM
Speed: 4800MHz
Form Factor: DIMM",£58.97,£28,0
1820879,Kingston 32GB (1x32GB) DIMM 4800MHz DDR5 Desktop Memory,"Capacity: 32GB
Type: DRAM
Speed: 4800MHz
Form Factor: DIMM",£121.97,£57,0
1820880,Kingston 32GB (1x32GB) DIMM 4800MHz DDR5 Desktop Memory,"Capacity: 32GB
Type: DRAM
Speed: 4800MHz
Form Factor: DIMM",£121.97,£57,0
1820882,Kingston 32GB 1x32GB SO-DIMM 4800MHz DDR5 Laptop Memory,"Capacity: 32GB
Type: DRAM
Speed: 4800MHz
Form Factor: SO-DIMM",£102.97,£60,0
1820883,Kingston 16GB (1x16GB) SO-DIMM 4800MHz DDR4 Laptop Memory,"Capacity: 16GB
Type: DRAM
Speed: 4800MHz
Form Factor: SO-DIMM",£57.97,£29,0
1820884,Kingston 16GB (1x16GB) DIMM 2666MHz DDR4 Desktop Memory,"Capacity: 16GB
Type: DRAM
Speed: 2666MHz
Form Factor: DIMM",£41.97,£8,0
1820885,Kingston 16GB (1x16GB) DIMM 3200MHz DDR4 Desktop Memory,"Capacity: 16GB
Type: DRAM
Speed: 3200MHz
Form Factor: DIMM",£41.97,£8,0
1820886,Kingston 32GB (1x32GB) DIMM 3200MHz DDR4 Desktop Memory,"Capacity: 32GB
Type: DRAM
Speed: 3200MHz
Form Factor: DIMM",£70.97,£17,0
1820887,Kingston 16GB (1x16GB) DIMM 3200MHz DDR4 Desktop Memory,"Capacity: 16GB
Type: DRAM
Speed: 3200MHz
Form Factor: DIMM",£41.97,£10,0
1820888,Kingston 16GB (1x16GB) DIMM 3200MHz DDR4 Desktop Memory,"Capacity: 16GB
Type: DRAM
Speed: 3200MHz
Form Factor: DIMM",£37.97,£9,0
1781841,AMD Ryzen 7 7700X 8 Core AM5 Zen 4 Processor,"Socket: AM5
Clock Speed: 4.5GHz
Number of Cores: 8
Cache Size: 32MB",£314.97,£64,7
1785180,Palit NVIDIA GeForce RTX 4090 24GB 2235MHz GDDR6 Graphics Card,"Memory Size: 24GB
GPU Type: RTX 4090
Interface: HDMI / Display Port
Clock Speed: 2235MHz
VR Ready: Yes",£1699.97,£300,0
1779452,Box Opened Lenovo ThinkPad 16GB 1x16GB SO-DIMM DDR4 3200MHz Laptop Memory,"Capacity: 16GB
Type: DRAM
Speed: 3200MHz
Form Factor: SO-DIMM 260-pin",£33.52,£83,0
1743016,Kingston 16GB (2x8GB) DIMM 3600MHz DDR4 Desktop Memory,"Capacity: 16GB
Type: DRAM
Speed: 3600MHz
Form Factor: DIMM",£48.97,£16,0
1743699,Kingston 64GB (2x32GB) DIMM 5600MHz DDR5 Desktop Memory,"Capacity: 64GB
Type: DRAM
Speed: 5600MHz
Form Factor: DIMM",£207.97,£75,0
1781453,Cooler Master Edge-Lit ARGB Tempered Glass GPU Support Bracket,"Black
Brand: Cooler Master",£25.97,0,0
1781466,Kingston 16GB (2x8GB) DIMM 3200MHz DDR4 Desktop Memory,"Capacity: 16GB
Type: DRAM
Speed: 3200MHz
Form Factor: DIMM",£55.97,£9,0
1781467,Kingston 32GB (2x16GB) DIMM 3200MHz DDR4 Desktop Memory,"Capacity: 32GB
Type: DRAM
Speed: 3200MHz
Form Factor: DIMM",£78.97,£25,0
1781469,Kingston 16GB (2x8GB) DIMM 3600MHz DDR4 Desktop Memory,"Capacity: 16GB
Type: DRAM
Speed: 3600MHz
Form Factor: DIMM",£59.97,£10,0
1781470,Kingston 16GB (1x16GB) DIMM 3600MHz DDR4 Desktop Memory,"Capacity: 16GB
Type: DRAM
Speed: 3600MHz
Form Factor: DIMM",£48.97,£9,0
1781472,Kingston 64GB (2x32GB) DIMM 5200MHz DDR5 Desktop Memory,"Capacity: 64GB
Type: DRAM
Speed: 5200MHz
Form Factor: DIMM",£192.97,£50,0
1781473,Kingston 16GB (1x16GB) DIMM 5600MHz DDR5 Desktop Memory,"Capacity: 16GB
Type: DRAM
Speed: 5600MHz
Form Factor: DIMM",£54.97,£16,0
1781475,Kingston 32GB (2x16GB) DIMM 5600MHz DDR5 Desktop Memory,"Capacity: 32GB
Type: DRAM
Speed: 5600MHz
Form Factor: DIMM",£113.97,£38,0
1781476,Kingston 32GB (2x16GB) DIMM 5600MHz DDR5 Desktop Memory,"Capacity: 32GB
Type: DRAM
Speed: 5600MHz
Form Factor: DIMM",£109.97,£21,0
1781477,Kingston 16GB (1x16GB) DIMM 6000MHz DDR5 Desktop Memory,"Capacity: 16GB
Type: DRAM
Speed: 6000MHz
Form Factor: DIMM",£57.97,£47,0
1781479,Kingston 32GB (2x16GB) DIMM 6000MHz DDR5 Desktop Memory,"Capacity: 32GB
Type: DRAM
Speed: 6000MHz
Form Factor: DIMM",£122.97,£51,0
1781480,Kingston 32GB (2x16GB) DIMM 6000MHz DDR5 Desktop Memory,"Capacity: 32GB
Type: DRAM
Speed: 6000MHz
Form Factor: DIMM",£114.97,£49,0
1781839,AMD Ryzen 9 7950X 16 Core AM5 Zen 4 Processors,"Socket: AM5
Clock Speed: 4.7GHz
Number of Cores: 16
Cache Size: 64MB",£527.97,£122,0
1791628,ASUS TUF GeForce RTX 4090 OC 24GB Graphics Card,"Memory Size: 24GB
GPU Type: RTX 4090
Interface: HDMI / Display Port
Clock Speed: 2565MHz
VR Ready: Yes",£1812.97,£146,0
1793248,Dell 32GB (1x32GB) SO-DIMM 4800MHz DDR5 Laptop Memory,"Capacity: 32GB
Type: DRAM
Speed: 4800MHz
Form Factor: SO-DIMM 262-pin",£200.97,£115,0
1793602,AMD Ryzen 5 7600X 6 Core AM5 Zen 4 Processor,"Socket: AM5
Clock Speed: 5.7GHz
Number of Cores: 6
Cache Size: 32MB",£232.97,£41,0
1793603,Kingston 64GB (2x32GB) DIMM 5200MHz DDR5 Desktop Memory,"Capacity: 64GB
Type: DRAM
Speed: 5200MHz
Form Factor: DIMM",£198.97,£52,0
1793604,Kingston 32GB (2x16GB) DIMM 6000MHz DDR5 Desktop Memory,"Capacity: 32GB
Type: DRAM
Speed: 6000MHz
Form Factor: DIMM",£121.97,£51,0
1793860,Kingston 16GB (2x8GB) SO-DIMM 4800MHz DDR5 Laptop Memory,"Capacity: 16GB
Type: DRAM
Speed: 4800MHz
Form Factor: SO-DIMM",£58.97,£14,0
1795982,Intel Core i5 13600K 14 Core LGA 1700 Raptor Lake-S Processor,"Socket: 1700
Clock Speed: 3.5GHz
Number of Cores: 14
Cache Size: 24MB",£298.97,£47,0
1796862,Kingston 16GB (1x16GB) DIMM 2666MHz DDR4 Desktop Memory,"Capacity: 16GB
Type: DRAM
Speed: 2666MHz
Form Factor: DIMM",£38.97,£9,0
1798073,Kingston 16GB (1x16GB) DIMM 2666MHz DDR4 Desktop Memory,"Capacity: 16GB
Type: DRAM
Speed: 2666MHz
Form Factor: DIMM",£38.97,£9,0
1798074,Kingston 32GB (1x32GB) DIMM 3200MHz DDR4 Desktop Memory,"Capacity: 32GB
Type: DRAM
Speed: 3200MHz
Form Factor: DIMM",£66.97,£23,0
1799846,Kingston 64GB (1x64GB) DIMM 3200MHz DDR4 Desktop Memory,"Capacity: 64GB
Type: DRAM
Speed: 3200MHz
Form Factor: DIMM",£135.97,£65,0
1802540,Kingston 16GB (1x16GB) DIMM 4800MHz DDR5 Desktop Memory,"Capacity: 16GB
Type: DRAM
Speed: 4800MHz
Form Factor: DIMM",£55.97,£13,0
1802542,Kingston 16GB (2x8GB) DIMM 6000MHz DDR5 Desktop Memory,"Capacity: 16GB
Type: DRAM
Speed: 6000MHz
Form Factor: DIMM",£75.97,£23,0
1744548,Kingston 8GB (1x8GB) DIMM 3200MHz DDR4 Desktop Memory,"Capacity: 8GB
Type: DRAM
Speed: 3200MHz
Form Factor: DIMM",£24.97,£5,0
1746000,Kingston 32GB (2x16GB) DIMM 4800MHz DDR5 Desktop Memory,"Capacity: 32GB
Type: DRAM
Speed: 4800MHz
Form Factor: DIMM",£101.97,£34,0
1748883,Kingston 16GB (2x8GB) DIMM 5200MHz DDR5 Desktop Memory,"Capacity: 16GB
Type: DRAM
Speed: 5200MHz
Form Factor: DIMM",£72.97,£14,0
1750094,Kingston 32GB (2x16GB) SO-DIMM 4800MHz DDR5 Laptop Memory,"Capacity: 32GB
Type: DRAM
Speed: 4800MHz
Form Factor: SO-DIMM",£97.97,£23,0
1758462,Kingston 32GB (1x32GB) DIMM 4800MHz DDR5 Desktop Memory,"Capacity: 32GB
Type: DRAM
Speed: 4800MHz
Form Factor: DIMM",£92.97,£29,0
1758463,Kingston 64GB (2x32GB) DIMM 4800MHz DDR5 Desktop Memory,"Capacity: 64GB
Type: DRAM
Speed: 4800MHz
Form Factor: DIMM",£186.97,£58,0
1758464,Kingston 8GB (1x8GB) DIMM 4800MHz DDR5 Desktop Memory,"Capacity: 8GB
Type: DRAM
Speed: 4800MHz
Form Factor: DIMM",£32.97,£12,0
1758465,Kingston 32GB (1x32GB) SO-DIMM 2666MHz DDR4 Laptop Memory,"Capacity: 32GB
Type: DRAM
Speed: 2666MHz
Form Factor: SO-DIMM",£65.97,£27,0
1739082,Asus Prime B550M-A AMD B550 AM4 with Wi-Fi Micro ATX Motherboard,"Form Factor: Micro ATX
Socket: AM4
Chipset Type: AMD B550
Memory type: DDR4",£128.97,£15,0
1739602,Kingston 16GB (1x16GB) SO-DIMM 4800MHz DDR5 Laptop Memory,"Capacity: 16GB
Type: SDRAM
Speed: 4800MHz
Form Factor: SO-DIMM",£48.97,£17,0
1739983,Asus Intel Prime H610M-A D4 Intel H610 LGA 1700 DDR4 Micro ATX Motherboard,"Form Factor: Micro ATX
Socket: LGA 1700
Chipset Type: Intel H610
Memory type: DDR4",£139.97,£18,0
1739988,Asus Prime H610M-K D4 Intel H610 LGA 1700 DDR4 Micro ATX Motherboard,"Form Factor: Micro ATX
Socket: LGA 1700
Chipset Type: Intel H610
Memory type: DDR4",£119.97,0,0
1740027,Asus Prime Intel Z690-A LGA 1700 DDR5 ATX MotherBoard,"Form Factor: ATX
Socket: LGA 1700
Chipset Type: Intel Z690
Memory type: DDR5 SDRAM",£237.97,£24,0
1741190,Kingston 32GB (1x32GB) SO-DIMM 4800MHz DDR5 Laptop Memory,"Capacity: 32GB
Type: DRAM
Speed: 4800MHz
Form Factor: SO-DIMM",£86.97,£50,0
1742087,Kingston 32GB (2x16GB) DIMM 4800MHz DDR5 Desktop Memory,"Capacity: 32GB
Type: DRAM
Speed: 4800MHz
Form Factor: DIMM",£114.97,£27,0
1735411,Kingston 16GB (1x16GB) DIMM 2666MHz DDR4 Desktop Memory,"Capacity: 16GB
Type: DRAM
Speed: 2666MHz
Form Factor: DIMM",£35.97,0,0
1731487,Kingston 64GB (2x32GB) SO-DIMM 4800MHz DDR5 Laptop Memory,"Capacity: 64GB
Type: DRAM
Speed: 4800MHz
Form Factor: SO-DIMM",£178.97,£68,0
1732572,"ASRock B550 EXTREME4 AMD B550 AM4 DDR4 ATX Motherboard
","Form Factor: ATX
Socket: AM4
Chipset Type: AMD B550
Memory type: DDR4",£156.97,£15,0
1732629,ASRock Phantom Gaming Riptide AMD B550 AM4 DDR4 ATX Motherboard,"Form Factor: ATX
Socket: AM4
Chipset Type: AMD B550
Memory type: DDR4",£121.97,£15,0
1732764,ASRock Phantom Gaming Velocita AMD B550 AM4 DDR4 ATX Motherboard,"Form Factor: ATX
Socket: AM4
Chipset Type: AMD B550
Memory type: DDR4
4: Memory slots",£189.97,£23,0
1732785,ASRock B550 Steel Legend AMD B550 AM4 DDR4 ATX Motherboard,"Form Factor: ATX
Socket: AM4
Chipset Type: AMD B550
Memory type: DDR4",£152.97,0,0
1732859,ASRock B550 Tachi AMD B550 AM4 DDR4 ATX Motherboard ,"Form Factor: ATX
Socket: AM4
Chipset Type: AMD B550
Memory type: DDR4",£236.97,£27,0
1732873,ASRock B550M Phantom Gaming Riptide AMD B550 AM4 DDR 4 Micro ATX Motherboard,"Form Factor: Micro ATX
Socket: AM4
Chipset Type: AMD B550
Memory type: DDR4",£103.97,0,0
1732908,ASROCK AMD B550M STEEL LEGEND B550 Micro ATX Motherboard,"Form Factor: Micro ATX
Socket: AM4
Chipset Type: AMD B550
Memory type: DDR4",£111.97,£16,0
1733078,ASRoc B660M PRO RS Intel B660 LGA 1700 DDR4 Micro ATX Motherboard,"Form Factor: Micro ATX
Socket: LGA 1700
Chipset Type: Intel B660
Memory type: DDR4",£108.97,£14,0
1733079,ASRock B660M Stell Legend Intel B660 LGA 1700 DDR4 Micro ATX Motherboard,"Form Factor: Micro ATX
Socket: LGA 1700
Chipset Type: Intel B660
Memory type: DDR4",£133.97,0,0
1733080,ASRock B660M-HDV Intel B660 LGA 1700 DDR 4 Micro ATX Motherboard,"Form Factor: Micro ATX
Socket: LGA 1700
Chipset Type: Intel B660
Memory type: DDR4",£90.97,£18,0
1733832,ASRock H610M-HDV Intel H610 LGA 1700 DDR4 Micro ATX Motherboard,"Form Factor: Micro ATX
Socket: LGA 1700
Chipset Type: Intel H610
Memory type: DDR4",£68.97,£21,0
1733844,ASROCK Intel H610M-HDV/M.2 H610 Micro ATX Motherboard,"Form Factor: Micro ATX
Socket: LGA 1700
Chipset Type: Intel H610
Memory type: DDR4",£70.97,£28,0
1733846,ASROCK Intel H610M-HVS H610 Micro ATX Motherboard,"Form Factor: Micro ATX
Socket: LGA 1700
Chipset Type: Intel H610
Memory type: DDR4",£64.97,£22,0
1733847,ASRock H610M-ITX AC Intel H610 LGA 1700 DDR4 Mini ITX Motherboard,"Form Factor: Mini ITX
Socket: LGA 1700
Chipset Type: Intel H610
Memory type: DDR4",£129.97,£12,0
1733848,ASRock Intel H670 Phantom Gaming Riptide LGA 1700 DDR4 ATX Motherboard,"Form Factor: ATX
Socket: LGA 1700
Chipset Type: Intel H670
Memory type: DDR4",£113.97,£34,0
1733849,ASROCK Intel H670 STEEL LEGEND H670 ATX Motherboard,"Form Factor: ATX
Socket: LGA 1700
Chipset Type: Intel H670
Memory type: DDR4",£123.97,£37,0
1819014,Crucial 32GB (1x32GB) SO-DIMM 4800MHz DDR5 Laptop Memory,"Capacity: 32GB
Type: DRAM
Speed: 4800MHz
Form Factor: SO-DIMM",£73.97,£26,0
1819255,Kingston 16GB (2x8GB) DIMM 4800MHz DDR5 Desktop Memory,"Capacity: 16GB
Type: DRAM
Speed: 4800MHz
Form Factor: DIMM",£59.97,£12,0
1819806,Antec NeoECO 750W Fully Modular 80+ Gold Power Supply,"750W
80 PLUS certification: Gold
Fully Modular
3 year warranty",£87.97,0,0
1819808,Antec Signature 1000W Fully Modular 80+ Platinum Power Supply,"1000W
80 PLUS certification: 80 PLUS Platinum
Fully Modular
3 year warranty",£154.97,£71,0
1819812,Antec Signature 1300W Fully Modular 80+ Platinum Power Supply,"1300W
80 PLUS certification: 80 PLUS Platinum
Fully Modular
3 year warranty",£220.97,£23,0
1819814,Antec Signature 1000W Fully Modular 80+ Titanum Power Supply,"1000W
80 PLUS certification: 80 PLUS Titanium
Fully Modular
3 year warranty",£169.97,£70,0
1788146,GigaByte B650 AORUS Elite AX AMD B650 AM5 DDR5 ATX Motherboard,"Form Factor: ATX
Socket: AM5
Chipset Type: AMD B650
Memory type: DDR5",£201.97,£44,0
1788165,Intel Core i5 13600KF 14 Core LGA 1700 Raptor Lake-S Processor,"Socket: 1700
Clock Speed: 3.5GHz
Number of Cores: 14
Cache Size: 24MB",£272.97,£39,0
1788170,Kingston 16GB (1x16GB) DIMM 6400MHz DDR5 Desktop Memory,"Capacity: 16GB
Type: DRAM
Speed: 6400MHz
Form Factor: DIMM",£63.97,£31,0
1813631,GigaByte B760 DS3H Intel B760 LGA 1700 DDR4 ATX Motherboard,"Form Factor: ATX
Socket: LGA 1700
Chipset Type: Intel B760
Memory type: DDR4",£129.97,£7,0
1817059,Kingston 16GB (1x16GB) DIMM 2666MHz DDR4 Desktop Memory,"Capacity: 16GB
Type: DRAM
Speed: 2666MHz
Form Factor: DIMM",£37.97,£8,0
1817170,Gigabyte NVIDIA GeForce RTX 4090 24GB 2535MHz GDDR6X OC Graphics Card,"Memory Size: 24GB
GPU Type: RTX 4090
Interface: HDMI / Display Port
Clock Speed: 2520MHz
VR Ready: Yes",£1719.97,0,0
1819000,Kingston 32GB (1x32GB) DIMM 2666MHz DDR4 Desktop Memory,"Capacity: 32GB
Type: DRAM
Speed: 2666MHz
Form Factor: DIMM",£66.97,£20,0
1812008,Intel Core i7 13700 16 Core LGA 1700 Raptor Lake-S Processor,"Socket: 1700
Clock Speed: 3.4GHz
Number of Cores: 16
Cache Size: 30MB",£373.97,£45,0
1812009,Intel Core i7 13700F 16 Core LGA 1700 Raptor Lake-S Processor,"Socket: 1700
Clock Speed: 3.4GHz
Number of Cores: 16
Cache Size: 30MB",£349.97,£41,0
1812011,Intel Core i9 13900F 24 Core LGA 1700 Raptor Lake-S Processor,"Socket: 1700
Clock Speed: 3GHz
Number of Cores: 24
Cache Size: 36MB",£514.97,£66,0
1812012,Kingston 32GB (1x32GB) DIMM 2666MHz DDR4 Desktop Memory,"Capacity: 32GB
Type: DRAM
Speed: 2666MHz
Form Factor: DIMM",£72.97,£20,0
1812190,Palit NVIDIA GeForce RTX 4070 Ti GamingPro 12GB 2610MHz GDDR6X Graphics Card,"Memory Size: 12GB
GPU Type: RTX 4070 Ti
Interface: HDMI / Display Port
Clock Speed: 2310MHz
VR Ready: Yes",£791.97,£58,0
1812533,Kingston 32GB (2x16GB) DIMM 3600MHz DDR4 Desktop Memory,"Capacity: 32GB
Type: DRAM
Speed: 3600MHz
Form Factor: DIMM",£89.97,£50,0
1810710,Kingston 64GB (2x32GB) SO-DIMM 4800MHz DDR5 Laptop Memory,"Capacity: 64GB
Type: DRAM
Speed: 4800MHz
Form Factor: SO-DIMM",£174.97,£63,0
1810949,AMD Ryzen 9 7900 12 Core AM5 Zen 4 Processors,"Socket: AM5
Clock Speed: 3.7GHz
Number of Cores: 12
Cache Size: 64MB",£378.97,£88,0
1810950,AMD Ryzen 7 7700 8 Core AM5 Zen 4 Processor,"Socket: AM5
Clock Speed: 3.8GHz
Number of Cores: 8
Cache Size: 32MB",£303.97,£55,0
1810951,AMD Ryzen 5 76000 6 Core AM5 Zen 4 Processors,"Socket: AM5
Clock Speed: 5.2GHz
Number of Cores: 6
Cache Size: 32MB",£209.97,£39,0
1812003,Intel Core i3 13100 4 Core LGA 1700 Raptor Lake-S Processor,"Socket: 1700
Clock Speed: 3.4GHz
Number of Cores: 4
Cache Size: 12MB",£142.97,0,0
1812004,Intel Core i3 13100F 4 Core LGA 1700 Raptor Lake-S Processor,"Socket: 1700
Clock Speed: 3.4GHz
Number of Cores: 4
Cache Size: 12MB",£114.97,£9,0
1812005,Intel Core i5 13400 10 Core LGA 1700 Raptor Lake-S Processor,"Socket: 1700
Clock Speed: 2.5GHz
Number of Cores: 10
Cache Size: 20MB",£215.97,£26,0
1812006,Intel Core i5 13400F 10 Core LGA 1700 Raptor Lake-S Processor,"Socket: 1700
Clock Speed: 2.5GHz
Number of Cores: 10
Cache Size: 20MB",£197.97,£25,0
1820092,Asus 1000W ROG LOKI SFX-L Platinum PSU Small Form Factor Fully Modular 80+ Platinum 0dB Fan Button RGB ATX-to- SFX Bracket 10 Year warranty,"1000W
80 PLUS certification: 80 PLUS Platinum
Fully Modular",£268.97,0,0
1820094,Asus ROG THOR 1000W Fully Modular 80+ Platinum Power Supply,"1000W
80 PLUS certification: 80 PLUS Platinum
Fully Modular
135 mm fan
10 Year Warranty",£314.97,0,0
1820095,Asus TUF Gaming 1000W Fully Modular 80+ Gold Power Supply,"1000W
80 PLUS certification: Gold
Fully Modular
10 Year Warranty",£189.97,0,0
1820096,Asus 1200W ROG Thor Platinum II Double Ball Bearing Fan Fully Modular 80+ Platinum RGB Power Supply,"1200W
80 PLUS certification: 80 PLUS Platinum
Fully Modular
135 mm fan
10 Year Warranty",£340.97,0,0
1820100,Asus ROG LOKI SFX-L 750W Fully Modular 80+ Platinum Power Supply,"750W
80 PLUS certification: 80 PLUS Platinum
Fully Modular
10 Year Warranty",£196.97,£13,0
1820102,Asus TUF Gaming 750W Fully Modular 80+ Gold Power Supply,"750W
80 PLUS certification: Gold
Fully Modular
10 Year Warranty",£133.97,0,0
1820104,Asus ROG LOKI 850W Fully Modular 80+ Platinum Power Supply,"850W
80 PLUS certification: 80 PLUS Platinum
Fully Modular
10 Year Warranty",£228.97,£31,0
1820108,Asus TUF Gaming 850W PSU Fully Modular 80+ Gold Power Supply,"850W
80 PLUS certification: Gold
Fully Modular
10 Year Warranty",£151.97,£8,0
1820109,Asus ROG STRIX 1000W Fully Modular 80+ Gold Power Supply,"1000W
80 PLUS certification: Gold
Fully Modular
135 mm fan
10 Year Warranty",£219.97,£21,0
1820112,Be Quiet Straight Power 1000W 11 Fully Modular Power Supply,"1000W
80 PLUS certification: Gold
Fully Modular",£165.97,£29,0
1820113,Be Quiet 200W Dark Power Pro 1200W Fully Modular 80+ Titanium Power Supply,"1200W
80 PLUS certification: 80 PLUS Titanium
Fully Modular
5 Year Warranty",£321.97,£58,0
1820114,Be Quiet 1200W Fully Modular 80+ Platinum Power Supply,"1200W
80 PLUS certification: 80 PLUS Platinum
Fully Modular
5 Year Warranty",£199.97,£20,0
1820115,Be Quiet  Dark Power Pro 1500W Fully Modular 80+ Titanium Power Supply,"1500W
80 PLUS certification: 80 PLUS Titanium
Fully Modular",£343.97,£76,0
1820116,Be Quiet 300W Fully Wired 80+ Bronze Power Supply,"300W
80 PLUS certification: Bronze
Fully Wired
5 Year Warranty",£50.97,£4,0
1820117,Be Quiet TFX Power 300W Fully Wired 80+ Bronze Power Supply,"300W
80 PLUS certification: Bronze
Non-Modular
5 Year Warranty",£50.97,£4,0
1820118,Be Quiet 300W Fully Wired 80+ Gold Power Supply,"300W
80 PLUS certification: Gold
Fully Wired
5 Year Warranty",£60.97,£4,0
1820119,Be Quiet Pure Power 400W Fully Wired 80+ Gold Power Supply,"400W
80 PLUS certification: Gold
Non-Modular
5 Year Warranty",£54.97,0,0
1820122,Be Quiet 450W Fully Wired 80+ Bronze Power Supply,"450W
80 PLUS certification: Bronze
Fully Wired
5 Year Warranty",£40.97,£6,0
1820124,Be Quiet Pure Power 500W Fully Wired 80+ Gold Power Supply,"500W
80 PLUS certification: Gold
Non-Modular
5 Year Warranty",£66.97,0,0
1820126,Be Quiet System Power 500W Semi-Modular 80+ Bronze Power Supply,"500W
80 PLUS certification: Bronze
Semi-modular
5 Year Warranty",£56.97,£7,0
1823492,Asus ROG STRIX B660-F Intel B660 1700 DDR5 Wi-Fi ATX Motherboard,"Form Factor: ATX
Socket: LGA 1700
Chipset Type: Intel B660
Memory type: DDR5",£271.97,0,0
1823377,Asus PROART B660-CREATOR D4 Intel B660 LGA 1700 DDR4 ATX Motherboard,"Form Factor: ATX
Socket: LGA 1700
Chipset Type: Intel B660
Memory type: DDR4",£232.97,0,0
1820797,Kingston 16GB (2x8GB) DIMM 5600MHz DDR5 Desktop Memory,"Capacity: 16GB
Type: DRAM
Speed: 5600MHz
Form Factor: DIMM",£74.97,£8,0
1820774,Kingston 16GB (2x8GB) DIMM 4000MHz DDR4 Desktop Memory,"Capacity: 16GB
Type: DRAM
Speed: 4000MHz
Form Factor: DIMM",£69.97,£50,0
1820723,Kingston 64GB (2x32GB) DIMM 3200MHz DDR4 Desktop Memory,"Capacity: 64GB
Type: DRAM
Speed: 3200MHz
Form Factor: DIMM",£130.97,£23,0
1820725,Kingston 32GB (4x8GB) DIMM 3200MHz DDR4 Desktop Memory,"Capacity: 32GB
Type: DRAM
Speed: 3200MHz
Form Factor: DIMM",£87.97,£18,0
1812550,GigaByte B760M DS3H Intel B760 LGA 1700 DDR4 Wi-Fi Micro ATX Motherboard,"Form Factor: Micro ATX
Socket: LGA 1700
Chipset Type: Intel B760
Memory type: DDR4",£106.97,£13,0
1820708,Kingston 32GB (1x32GB) DIMM 2666MHz DDR4 Desktop Memory,"Capacity: 32GB
Type: DRAM
Speed: 2666MHz
Form Factor: DIMM",£62.97,£9,0
1820154,Fractal Design ION+ 2 760W Fully Modular 80+ Platinum Power Supply,"760W
80 PLUS certification: 80 PLUS Platinum
Fully Modular
140 mm fan
10 Year Warranty",£109.97,£30,0
1820568,Asus ROG THOR 1600W Fully Modular Lambda A++ Power Supply,"1600W
80 PLUS certification: 80 PLUS Titanium
Fully Modular",£655.97,0,0
1820569,Asus ROG THOR 1000W Fully Modular 80+ Platinum Power Supply,"1000W
80 PLUS certification: 80 PLUS Platinum
Fully Modular
135 mm fan
10 Year Warranty",£291.97,0,0
1820570,ROG THOR 850W Fully Modular 80+ Platinum Power Supply,"850W
80 PLUS certification: 80 PLUS Platinum
Fully Modular
10 Year Warranty",£241.97,0,0
1820572,Asus ROG STRIX 850W Fully Modular 80+ Gold Power Supply,"850W
80 PLUS certification: Gold
Fully Modular
135 mm fan
10 Year Warranty",£205.97,0,0
1820573,Asus ROG STRIX 750W Fully Modular 80+ Gold Power Supply,"750W
80 PLUS certification: Gold
Fully Modular
135 mm fan
10 Year Warranty",£196.97,0,0
1820579,Asus ROG Ryujin II 240 Gaming ARGB 240mm 2200rpm Liquid CPU Cooler,"Fan diameter: 120mm
Brand: ASUS
Cooling: Liquid Cooler
Size: 120mm
Speed: 2200rpm",£241.97,0,0
1820580,Asus ROG Ryujin II 240 Gaming ARGB 240mm 2000rpm Liquid CPU Cooler,"Fan diameter: 120mm
Brand: ASUS
Cooling: Liquid Cooler
Size: 240mm
Speed: 2000rpm",£241.97,0,0
1820586,Asus ROG Ryuo III 360 Gaming ARGB 360mm 2200rpm Liquid CPU Cooler,"Fan diameter: 120mm
Brand: ASUS
Cooling: Liquid Cooler
Size: 120mm
Speed: 2200rpm",£277.97,£16,0
1820587,Asus ROG Ryuo III 360 Gaming ARGB 360mm 2600rpm Liquid CPU Cooler,"Fan diameter: 120mm
Brand: ASUS
Cooling: Liquid Cooler
Size: 120mm
Speed: 2600rpm",£277.97,£22,0
1820588,Asus ROG Ryuo III 240 Gaming ARGB 240mm 2200rpm Liquid CPU Cooler,"Fan diameter: 120mm
Brand: ASUS
Cooling: Liquid Cooler
Size: 120mm
Speed: 2200rpm",£232.97,£17,0
1820590,Asus ROG Ryuo 240 Gaming RGB 240mm 2500rpm Liquid CPU Cooler,"Fan diameter: 120mm
Brand: ASUS
Cooling: Liquid Cooler
Size: 120mm
Speed: 2500rpm",£156.97,0,0
1820592,Asus ROG Strix LC II 360 Gaming ARGB 360mm 2500rpm Liquid CPU Cooler,"Fan diameter: 120mm
Brand: ASUS
Cooling: Liquid Cooler
Size: 120mm
Speed: 2500rpm",£224.97,0,0
1820593,Asus ROG Strix LC II 360 Gaming ARGB 360mm 2500rpm Liquid CPU Cooler,"Fan diameter: 120mm
Brand: ASUS
Cooling: Liquid Cooler
Size: 120mm
Speed: 2500rpm",£210.97,£14,0
1820594,Asus ROG Strix LC II 360 Gaming ARGB 360mm 2500rpm Liquid CPU Cooler,"Fan diameter: 120mm
Brand: ASUS
Cooling: Liquid Cooler
Size: 120mm
Speed: 2500rpm",£192.97,£22,0
1820597,Asus ROG Strix LC II 240 Gaming ARGB 240mm 2500rpm Liquid CPU Cooler,"Fan diameter: 120mm
Brand: ASUS
Cooling: Liquid Cooler
Size: 120mm
Speed: 2500rpm",£169.97,0,0
1820599,Asus ROG Strix LC II 120 Gaming ARGB 120mm 2500rpm Liquid CPU Cooler,"Fan diameter: 120mm
Brand: ASUS
Cooling: Liquid Cooler
Size: 120mm
Speed: 2500rpm",£129.97,£15,0
1820602,Asus ROG Strix LC II 240 Gaming RGB 360mm 2500rpm Liquid CPU Cooler,"Fan diameter: 120mm
Brand: ASUS
Cooling: Liquid Cooler
Size: 120mm
Speed: 2500rpm",£199.97,0,0
1820605,Asus ROG STRIX LC 360 Gaming RGB 240mm 2500rpm Liquid CPU Cooler,"Fan diameter: 120mm
Brand: ASUS
Cooling: Liquid Cooler
Size: 120mm
Speed: 2500rpm",£156.97,0,0
1820606,Asus ROG STRIX LC 120 Gaming RGB 120mm 2500rpm Liquid CPU Cooler,"Fan diameter: 120mm
Brand: ASUS
Cooling: Liquid Cooler
Size: 120mm
Speed: 2500rpm",£111.97,0,0
1820607,ASUS TUF Gaming LC 240 II ARGB 240mm 2000rpm Liquid CPU Cooler,"Fan diameter: 120mm
Brand: ASUS
Cooling: Liquid Cooler
Size: 120mm
Speed: 2000rpm",£124.97,0,0
1820608,Asus TUF Gaming LC 240 ARGB 240mm 2000rpm Liquid CPU Cooler,"Fan diameter: 120mm
Brand: ASUS
Cooling: Liquid Cooler
Size: 120mm
Speed: 2000rpm",£115.97,0,0
1820610,Asus ROG Hyperion GR701 Full Tower Gaming Case,"Form Factor: Mid tower
Black
Supported motherboard form factors: E-ATX, ATX, Micro ATX, Mini ATX
Brand: ASUS
Size: Full tower gaming case",£347.97,0,0
1820612,Asus ROG Strix Helios RGB Mid Tower Gaming PC Case Black,"Form Factor: Mid tower
Black
Supported motherboard form factors: E-ATX / ATX / Micro ATX / Mini ITX
Brand: ASUS
Size: Tower",£292.97,£42,0
1820613,Asus ROG Strix Helios RGB Mid Tower Gaming PC Case White,"Form Factor: Mid tower
White
Supported motherboard form factors: E-ATX / ATX / Micro ATX / Mini ITX
Brand: ASUS
Size: Tower",£293.97,0,0
1820614,Asus TUF Gaming GT502 Mid Tower Gaming PC Case Black,"Form Factor: Mid tower
Black
Supported motherboard form factors: ATX / Micro ATX / Mini-ITX
Brand: ASUS
Size: Mid tower",£159.97,0,0
1820618,Asus Prime AP201 Mid Tower PC Case Black,"Form Factor: Mid tower
White
Supported motherboard form factors: Mini-ITX / Micro ATX
Brand: ASUS
Size: Small tower",£83.97,0,0
1820622,Asus TUF Gaming GT301 RGB Mid Tower Gaming PC Case Black,"Form Factor: Mid tower
Black
Supported motherboard form factors: ATX / Micro ATX / Mini-ITX
Brand: ASUS
Size: Tower",£92.97,£8,0
1820629,ASUS ROG Herculx Graphics Card Holder,"Stand design is compatible with a variety of chassis and doesnt occupy PCIe slots.
Offers a support height of 72-128 mm, delivering a strong, adaptable design. 
Supports NVIDIA GeForce RTX 40 series graphics cards.
An adjustable wheel and release button enable easy, toolless setup and removal. 
Included spirit level simplifies setup.",£38.97,0,0
1821784,Corsair RMx Shift Series 1000W Fully Modular 80+ Gold Power Supply,"1000W
80 PLUS certification: Gold
Fully Modular
140 mm fan
10 Year Warranty",£185.97,£34,0
1820936,Kingston 32GB (2x16GB) DIMM 4800MHz DDR5 Desktop Memory,"Capacity: 32GB
Type: SDRAM
Speed: 4800MHz
Form Factor: DIMM",£95.97,£19,0
1820937,Kingston 32GB (1x32GB) DIMM 5200MHz DDR5 Desktop Memory,"Capacity: 32GB
Type: SDRAM
Speed: 5200MHz
Form Factor: DIMM",£94.97,£12,0
1821823,ASRock Intel Arc A750 Challenger D 8GB 2200MHz GDDR6 OC Graphics Card,"Memory Size: 8GB
GPU Type: Arc A750
Interface: HDMI / Display Port
Clock Speed: 2200MHz
PC connection: PCI Express 4.0 x16",£204.97,£85,0
1821824,ASRock Intel Arc A770 Phantom Gaming F 8GB 2200MHz GDDR6 OC Graphics Card,"Memory Size: 8GB
GPU Type: ARC A770
Interface: HDMI / Display Port
Clock Speed: 2200MHz
PC connection: PCI Express 4.0 x16",£244.97,£115,0
1821828,ASRock AMD Radeon RX 7900 XT 20GB 2450MHz GDDR6 OC Graphics Card,"Memory Size: 20GB
GPU Type: RX 7900 XT
Interface: HDMI / Display Port
Clock Speed: 2075MHz
PC connection: PCI Express 4.0 x16",£819.97,£160,0
1821831,ASRock AMD Radeon RX 7900 XTX Phantom 24GB 2615MHz GDDR6 OC Graphics Card,"Memory Size: 24GB
GPU Type: RX 7900 XTX
Interface: HDMI / Display Port
Clock Speed: 2615MHz
PC connection: PCI Express 4.0 x16",£968.97,£125,0
1821835,Sapphire AMD PULSE Radeon RX 6600 8GB 2044MHz GDDR6 Graphics Card,"VR Ready: Yes
PC connection: PCI Express 4.0
GPU Technology: GDDR6 SDRAM",£199.97,£22,0
1821836,Sapphire AMD PULSE Radeon RX 6750 12GB 2618MHz GDDR6 Graphics Card,"Memory Size: 12GB
VR Ready: Yes
PC connection: PCI Express 4.0 x16
GPU Technology: GDDR6 SDRAM",£351.97,£38,0
1821808,Asus NVIDIA TUF Gaming GeForce RTX 4080 16GB 2625MHz GDDR6X OC Graphics Card,"Memory Size: 16GB
GPU Type: RTX 4080
Interface: HDMI / Display Port
Clock Speed: 2595MHz
PC connection: PCI Express 4.0",£1363.97,£85,0
1821787,Asus NVIDIA GeForce GT 710 2GB 954MHz GDDR3 Graphics Card,"Memory Size: 2GB
GPU Type: GT 710
Interface: HDMI / Display Port
Clock Speed: 954MHz
PC connection: PCI Express 2.0",£54.97,0,0
1820689,Kingston 4GB (1x4GB) DIMM 1600MHz DDR3 Desktop Memory,"Capacity: 4GB
Type: DRAM
Speed: 1600MHz
Form Factor: DIMM",£23.97,£10,0
1820690,Kingston 4GB (1x4GB) DIMM 1600MHz DDR3 Desktop Memory,"Capacity: 4GB
Type: DRAM
Speed: 1600MHz
Form Factor: DIMM",£23.97,£17,0
1820692,Kingston 8GB (2x4GB) DIMM 1600MHz DDR3 Desktop Memory,"Capacity: 8GB
Type: DRAM
Speed: 1600MHz
Form Factor: DIMM",£42.97,£28,0
1820695,Kingston 4GB (1x4GB) DIMM 1866MHz DDR3 Desktop Memory,"Capacity: 4GB
Type: DRAM
Speed: 1866MHz
Form Factor: DIMM",£23.97,£17,0
1820698,Kingston 16GB (2x8GB) SO-DIMM 1866MHz DDR3 Laptop Memory,"Capacity: 16GB
Type: DRAM
Speed: 1866MHz
Form Factor: SO-DIMM",£71.97,£65,0
1820699,Kingston 8GB (2x4GB) SO-DIMM 1866MHz DDR3 Laptop Memory,"Capacity: 8GB
Type: DRAM
Speed: 1866MHz
Form Factor: SO-DIMM",£39.97,£32,0
1820708,Kingston 32GB (1x32GB) DIMM 2666MHz DDR4 Desktop Memory,"Capacity: 32GB
Type: DRAM
Speed: 2666MHz
Form Factor: DIMM",£62.97,£9,0
1820709,Kingston 4GB (1x4GB) DIMM 2666MHz DDR3 Desktop Memory,"Capacity: 4GB
Type: DRAM
Speed: 2666MHz
Form Factor: DIMM",£26.97,£18,0
1790599,Intel Core i7 13700K 16 Core LGA 1700 Raptor Lake-S Processor,"Socket: 1700
Clock Speed: 3.4GHz
Number of Cores: 16
Cache Size: 30MB",£384.97,£70,0
1812007,Intel Core i5 13500 14 Core LGA 1700 Raptor Lake-S Processor,"Socket: 1700
Clock Speed: 2.5GHz
Number of Cores: 14
Cache Size: 24MB",£230.97,£34,0
1732881,ASRock B550M Pro4 AMD B550 AM4 DDR4 Micro ATX Motherboard,"Form Factor: Micro ATX
Socket: AM4
Chipset Type: AMD B550
Memory type: DDR4",£92.97,£33,0
1539152,AMD Ryzen 7 5800X 8 Core AM4 Zen 3 Processor,"Socket: AM4
Clock Speed: 3.8GHz
Number of Cores: 8
Cache Size: 32MB",£181.97,£58,0
1574889,Netac 8GB 1x8GB DIMM 3200MHz DDR4 Desktop Memory,"Capacity: 8GB
Type: SDRAM
Speed: 3200MHz
Form Factor: DIMM",£17.97,£3,0
1671220,Intel Core i7 12700KF 12 Core LGA 1700 Alder Lake-S Processor,"Socket: 1700
Clock Speed: 3.6GHz
Number of Cores: 12
Cache Size: 25MB",£273.97,£56,0
1671221,Intel Core i7 12700K 12 Core LGA 1700 Alder Lake-S Processor,"Socket: 1700
Clock Speed: 3.6GHz
Number of Cores: 12
Cache Size: 25MB",£285.97,£74,0
1715376,AMD Ryzen 7 5700X 8 Core AM4 Zen 3 Processor,"Socket: AM4
Clock Speed: 3.4GHz
Number of Cores: 8
Cache Size: 32MB",£165.97,£146,10
1210330,Kingston 16GB (1x16GB) DIMM 2666MHz DDR4 Desktop Memory,"Capacity: 16GB
Type: DRAM
Speed: 2666MHz
Form Factor: DIMM",£34.97,£13,0
1197211,Antec VSK3000B Mini Tower PC Case Black,"Form Factor: Mid tower
Black
Supported motherboard form factors: Mini-ITX, MicroATX
Brand: Antec
Size: Tower",£28.97,£14,0
1732469,ASRock B450 Pro4 R2.0  AMD B450 AM4 DDR4 ATX Motherboard,"Form Factor: ATX
Socket: AM4
Chipset Type: AMD B450
Memory type: DDR4",£73.97,£5,0
1820084,"GAMEMAX RPG Rampage 800W PSU, 140mm Ultra Silent Fan, 80 PLUS Bronze, Non Modular, Flat Black Cables, Japanese TK Main Capacitor Fitted",,£44.97,0,0
1851235,Netac Basic 16GB DDR4 3200MHz PC4-25600 CL22 SODIMM Memory,"Capacity: 16GB
Type: DRAM
Speed: 3200MHz
Form Factor: SO-DIMM 260-pin",£26.97,£2,0
1837222,ASRock B650 Pro RS AMD AM5 DDR5 ATX Motherboard,"Form Factor: ATX
Socket: AM5
Chipset Type: AMD B650
Memory type: DDR5",£191.97,£48,0
1820126,Be Quiet System Power 500W Semi-Modular 80+ Bronze Power Supply,"500W
80 PLUS certification: Bronze
Semi-modular
5 Year Warranty",£56.97,£7,0
1820129,Be Quiet 550W Fully Wired 80+ Bronze Power Supply,"550W
80 PLUS certification: Bronze
Fully Wired
5 Year Warranty",£48.97,£16,0
1820131,Be Quiet 600W SFX-L Fully Modular 80+ Gold Power Supply,"600W
80 PLUS certification: Gold
Fully Modular",£111.97,£8,0
1820140,Be Quiet 750W Fully Wired 80+ Bronze Power Supply,"750W
80 PLUS certification: Bronze
Fully Wired
5 Year Warranty",£71.97,£4,0
1837218,ASRock H510M Intel LGA 1200 DDR4 Micro ATX Motherboard,"Form Factor: Micro ATX
Socket: LGA 1200
Chipset Type: Intel H510
Memory type: DDR4",£55.97,£5,0
1837219,ASRock B760M Pro Intel LGA 1700 DDR4 Micro ATX Motherboard,"Form Factor: Micro ATX
Socket: LGA 1700
Chipset Type: Intel B760
Memory type: DDR4",£115.97,0,0
1837220,ASRock Z790 Pro Intel LGA 1700 DDR5 ATX Motherboard,"Form Factor: ATX
Socket: LGA 1700
Chipset Type: Intel Z790
Memory type: DDR5",£199.97,£15,0
1857904,Gigabyte NVIDIA GeForce RTX 4060 8GB 2475MHz GDDR6 OC Graphics Card,"Memory Size: 8GB
GPU Type: RTX 4060
Interface: HDMI / Display Port
Clock Speed: 1700MHz
VR Ready: Yes",£300.97,0,0
1857906,Gigabyte NVIDIA GeForce RTX 4060 8GB 2550MHz GDDR6 OC Graphics Card,"Memory Size: 8GB
GPU Type: RTX 4060
Interface: HDMI / Display Port
Clock Speed: 1700MHz
VR Ready: Yes",£323.97,£20,0
1822057,Antec P12 PWM 120mm 1400rpm 3 in 1 Fan Pack,"Diameter: 120mm
Power connector: 4-pin PWM",£18.97,£1,0
1822060,Antec T120 RGB 120mm 1500rpm Air Cooler,"Fan diameter: 120mm
Brand: Antec
Cooling: Air Cooler
Size: 120mm
Speed: 1500rpm",£19.97,0,0
1822062,Antec A400i RGB 120mm 1800rpm Air CPU Cooler,"Fan diameter: 120mm
Brand: Antec
Cooling: Air Cooler
Size: 120mm
Speed: 1800rpm",£23.97,£6,0
1822063,Antec FrigusAir 400 ARGB 120mm 1600rpm Air CPU Cooler,"Fan diameter: 120mm
Brand: Antec
Cooling: Air Cooler
Size: 120mm
Speed: 1600rpm",£32.97,£11,0
1822065,DeepCool GH-01 A-RGB Addressable RGB GPU Stand Bracket,Brand: DEEPCOOL,£19.97,0,0
1822068,Antec DF600 FLUX Mid Tower Gaming PC Case Black,"Form Factor: Mid tower
Black
Supported motherboard form factors: ATX / Micro ATX / Mini-ITX
Brand: Antec
Size: Tower",£83.97,0,0
1822069,Antec DF800 FLUX Mid Tower Gaming PC Case Black,"Form Factor: Mid tower
Black
Supported motherboard form factors: ATX / Micro ATX / Mini-ITX
Brand: Antec
Size: Mid tower",£92.97,0,0
1822073,Antec DF700 Flux ARGB Mid Tower Gaming PC Case Black,"Form Factor: Mid tower
Black
Supported motherboard form factors: ATX / Micro ATX / Mini-ITX
Brand: Antec
Size: Mid tower",£87.97,0,0
1829089,AMD Ryzen 9 7950X3D 16 Core AM5 Zen 4 Processor,"Socket: AM5
Clock Speed: 4.2GHz
Number of Cores: 16
Cache Size: 128MB",£626.97,£132,0
1831482,Target RJ45 M to RJ45 M CAT6 1m Moulded Boot Copper UTP Network Cable,,£1.97,0,0
1831483,Target CAT6 2m Moulded Boot Copper UTP Network Cable,,£2.97,0,0
1831484,Target J45 M to RJ45 M CAT6 3m Moulded Boot Copper UTP Network Cable,,£3.97,0,0
1833817,Gigabyte NVIDIA GeForce RTX 4070 Eagle 12GB 2505MHz GDDR6X OC Graphics Card,"Memory Size: 12GB
GPU Type: RTX 4070
Interface: HDMI / Display Port
Clock Speed: 2505MHz
PC connection: PCI Express 4.0",£612.97,£34,0
1833819,Gigabyte NVIDIA GeForce RTX 4070 12GB 2565MHz GDDR6X OC Graphics Card,"Memory Size: 12GB
GPU Type: RTX 4070
Interface: HDMI / Display Port
Clock Speed: 2565MHz
PC connection: PCI Express 4.0",£622.97,£41,0
1833824,Gigabyte Nvidia GeForce RTX 4070 2565MHz GDDR6X Graphics Card,"Memory Size: 12GB
GPU Type: RTX 4070
Interface: HDMI / Display Port
Clock Speed: 2475MHz
PC connection: PCI Express 4.0",£657.97,0,0
1820087,Gigabyte UD1000GM PG5 1000W Fully Modular 80+ Gold Power Supply,"1000W
80 PLUS certification: Gold
Fully Modular
120 mm fan
10 Year Warranty",£165.97,£14,0
1820090,Antec Cuprum Strike 550W Semi-Modular 80+ Bronze Power Supply,"550W
80 PLUS certification: Bronze
Semi-modular
3 year warranty",£43.97,£14,0
1558665,ASRock Phantom Gaming 4 AMD B550 AM4 DDR4 ATX Motherboard,"Form Factor: ATX
Socket: AM4
Chipset Type: AMD B550
Memory type: DDR4",£109.97,0,0
1572164,Corsair RMx Series RM1000X 1000W Fully Modular 80+ Gold Power Supply,"1000W
80 PLUS certification: Gold
Fully Modular
135 mm fan
10 Year Warranty",£163.97,£10,0
1577915,Gigabyte GC-WBAX210 Intel WiFi 6E AX200 2400Mbps Bluetooth 5.2 Wireless PCI-Express Card,,£44.97,£9,0
1587773,AMD Ryzen 9 5950X 16 Core AM4 Zen 3 Processor,"Socket: AM4
Clock Speed: 3.4GHz
Number of Cores: 16
Cache Size: 64MB",£784.97,£105,0
1599616,AMD Ryzen 9 5900X 12 Core AM4 Zen 3 Processor,"Socket: AM4
Clock Speed: 3.7GHz
Number of Cores: 12
Cache Size: 64MB",£293.97,£45,0
1599728,Kingston Fury Beast Black 32GB DDR4 3200MHz DIMM Desktop Memory,"Capacity: 32GB
Type: DRAM
Speed: 3200MHz
Form Factor: DIMM 288-pin",£63.97,£6,0
1603037,AMD Ryzen 7 5700G 8 Core AM4 Zen 3 Processor,"Socket: AM4
Clock Speed: 3.8GHz
Number of Cores: 8
Cache Size: 16MB",£156.97,£52,0
1603041,AMD Ryzen 5 5600G 6 Core AM4 Zen 3 Processor,"Socket: AM4
Clock Speed: 3.9GHz
Number of Cores: 6
Cache Size: 16MB",£110.97,£48,35
1606399,Palit NVIDIA Dual GeForce RTX 3060 12GB 1777MHz GDDR6 Graphics Card,"Memory Size: 12GB
GPU Type: RTX 3060
Interface: HDMI / Display Port
Clock Speed: 1320MHz
VR Ready: Yes",£269.97,£49,0
1670448,Kingston 16GB (1x16GB) DIMM 3600MHz DDR4 Desktop Memory,"Capacity: 16GB
Type: DRAM
Speed: 3600MHz
Form Factor: DIMM",£34.97,£16,0
1670767,Kingston 16GB (1x16GB) DIMM 3200MHz DDR4 Desktop Memory,"Capacity: 16GB
Type: DRAM
Speed: 3200MHz
Form Factor: DIMM",£40.97,£7,0
1671051,Kingston 32GB (1x32GB) DIMM 3200MHz DDR4 Desktop Memory,"Capacity: 32GB
Type: DRAM
Speed: 3200MHz
Form Factor: DIMM",£70.97,£38,0
1671929,Kingston 16GB (1x16GB) DIMM 3200MHz DDR4 Desktop Memory,"Capacity: 16GB
Type: DRAM
Speed: 3200MHz
Form Factor: DIMM",£36.97,£6,0
1673842,Crucial 8GB (1x8GB) DIMM 4800MHz DDR5 Desktop Memory,"Capacity: 8GB
Type: DRAM
Speed: 4800MHz
Form Factor: DIMM",£62.97,0,0
1673843,Crucial 16GB (1x16GB) DIMM 4800MHz DDR5 Desktop Memory,"Capacity: 16GB
Type: DRAM
Speed: 4800MHz
Form Factor: DIMM",£117.97,0,0
1675908,Kingston 64GB (2x32GB) DIMM 3200MHz DDR4 Desktop Memory,"Capacity: 64GB
Type: DRAM
Speed: 3200MHz
Form Factor: DIMM",£123.97,£16,0
1684046,Kingston 32GB (2x16GB) DIMM 3200MHz DDR4 Desktop Memory,"Capacity: 32GB
Type: DRAM
Speed: 3200MHz
Form Factor: DIMM",£77.97,£17,0
1685244,G.Skill TZ5 RGB 32GB (2x16GB) DIMM 6000MHz DDR5 Desktop Memory,"Capacity: 32GB
Type: DRAM
Speed: 6000MHz
Form Factor: DIMM",£159.97,0,0
1687272,Kingston 32GB (1x32GB) DIMM 3200MHz DDR4 Desktop Memory,"Capacity: 32GB
Type: DRAM
Speed: 3200MHz
Form Factor: DIMM",£70.97,£18,0
1689999,Intel Core i5 12400 6 Core LGA 1700 Alder Lake-S Processor,"Socket: 1700
Clock Speed: 2.5GHz
Number of Cores: 6
Cache Size: 18MB",£168.97,£28,0
1690937,Kingston 16GB (1x16GB) DIMM 3200MHz DDR4 Desktop Memory,"Capacity: 16GB
Type: DRAM
Speed: 3200MHz
Form Factor: DIMM",£41.97,£11,0
1694576,Intel Core i5 12500 6 Core LGA 1700 Alder Lake-S Processor,"Socket: 1700
Clock Speed: 3GHz
Number of Cores: 6
Cache Size: 18MB",£230.97,0,0
1694577,Intel Core i9 12900KF 16 Core LGA 1700 Alder Lake-S Processor,"Socket: 1700
Clock Speed: 2.5GHz
Number of Cores: 16
Cache Size: 30MB",£380.97,£70,0
1696598,Intel Core i7 12700 12 Core LGA 1700 Alder Lake-S Processor,"Socket: 1700
Clock Speed: 2.1GHz
Number of Cores: 12
Cache Size: 25MB",£301.97,£47,0
1698857,Intel Core i5 12400F 6 Core LGA 1700 Alder Lake-S Processor,"Socket: 1700
Clock Speed: 2.5GHz
Number of Cores: 6
Cache Size: 18MB",£140.97,£17,13
1698858,Intel Core i5 12600KF 10 Core LGA 1700 Alder Lake-S Processor,"Socket: 1700
Clock Speed: 3.7GHz
Number of Cores: 10
Cache Size: 20MB",£219.97,£36,0
1698859,Intel Core i7 12700F 12 Core LGA 1700 Alder Lake-S Processor,"Socket: 1700
Clock Speed: 2.1GHz
Number of Cores: 12
Cache Size: 25MB",£271.97,£47,0
1700049,Kingston 8GB (1x8GB) SO-DIMM 2666MHz DDR5 Laptop Memory,"Capacity: 8GB
Type: DRAM
Speed: 2666MHz
Form Factor: SO-DIMM",£22.97,£5,0
1700422,Refurbished IBM 00V7590 LTO6 Data Tape,"Cartridge memory built into every data cartridge to help enhance functionality and media reliability by storing access history and media performance information for use by the tape drive every time the cartridge is accessed
Half-inch particle tape with a 2.5 TB native capacity in a single cartridge",£5.05,£24,0
1700871,Kingston 64GB 2x32GB SO-DIMM 3200MHz DDR4 Laptop Memory,"Capacity: 64GB
Type: DRAM
Speed: 3200MHz
Form Factor: SO-DIMM",£126.97,£78,0
1704951,Kingston 32GB (2x16GB) DIMM 5600MHz DDR5 Desktop Memory,"Capacity: 32GB
Type: DRAM
Speed: 5600MHz
Form Factor: DIMM",£110.97,£23,0
1706417,Cooler Master MasterLiquid Pro PL240 240mm 2300rpm Liquid CPU Cooler,"Fan diameter: 120mm
Brand: Cooler Master
Cooling: Liquid Cooler
Size: 120mm
Speed: 2300rpm",£135.97,0,0
1708052,Intel Core i3 12100F 4 Core LGA 1700 Alder Lake-S Processor,"Socket: 1700
Clock Speed: 4.3GHz
Number of Cores: 4
Cache Size: 12MB",£84.97,£14,7
1710589,Intel Pentium Gold G7400 2 Core LGA 1700 Alder Lake-S Processor,"Socket: 1700
Clock Speed: 3.7GHz
Number of Cores: 2
Cache Size: 6MB",£87.97,0,0
1710591,Intel Core i3 12100 4 Core LGA 1700 Alder Lake-S Processor,"Socket: 1700
Clock Speed: 3.3GHz
Number of Cores: 4
Cache Size: 12MB",£108.97,£21,0
1713854,Kingston 16GB (2x8GB) DIMM 5600MHz DDR5 Desktop Memory,"Capacity: 16GB
Type: DRAM
Speed: 5600MHz
Form Factor: DIMM",£65.97,£17,0
1714506,MSI MAG FORGE M100R Mid Tower Gaming Case Black,"Form Factor: Mid tower
Black
Supported motherboard form factors: ATX / Micro ATX / Mini-ITX
Brand: MSI
Size: Tower",£54.97,£8,0
1524479,Kingston 8GB (1x8GB) DIMM 3200Mz DDR4 Desktop Memory,"Capacity: 8GB
Type: DRAM
Speed: 3200MHz
Form Factor: DIMM",£21.97,£13,0
1518568,Kingston 8GB (1x8GB) SO-DIMM 2666MHz DDR4 Laptop Memory,"Capacity: 8GB
Type: DRAM
Speed: 2666MHz
Form Factor: SO-DIMM",£19.97,£14,2
1520807,Kingston 8GB (1x8GB) DIMM 2666MHz DDR4 Desktop Memory,"Capacity: 8GB
Type: DRAM
Speed: 2666MHz
Form Factor: DIMM",£21.97,0,0
1521480,GigaByte B550M AMD B550 AM4 DDR4 Micro ATX Motherboard,"Form Factor: Micro ATX
Socket: AM4
Chipset Type: AMD B550
Memory type: DDR4",£86.97,£10,0
1523361,Kingston KTC 8GB 1x8GB SO-DIMM 3200MHz DDR4 Laptop Memory,"Capacity: 8GB
Type: DRAM
Speed: 3200MHz
Form Factor: SO-DIMM 260-pin",£61.97,0,0
1524458,Corsair Vengeance LPX 64GB (2x32GB) UDIMM 3600MHz DDR4 Desktop Memory,"Capacity: 64GB
Type: DRAM
Speed: 3600MHz
Form Factor: DIMM",£391.97,0,1
1505913,Corsair Vengeance LPX 32GB (2x16GB) DIMM 3600MHz DDR4 Desktop Memory,"Capacity: 32GB
Type: DRAM
Speed: 3600MHz
Form Factor: DIMM",£70.97,£9,0
1511743,Gigabyte GC-WBAX200 Intel WiFi 6 AX200 2400Mbps Bluetooth 5.1 Wireless PCI-Express Card,"Gigabyte
GC-WBAX200
PCI Express x1",£38.97,£12,0
1476211,Corsair Vengeance RGB PRO 16GB (2x8GB) DIMM 3200MHz DDR4 Desktop Memory,"Capacity: 16GB
Type: DRAM
Speed: 3200MHz
Form Factor: DIMM",£57.97,0,0
1486273,ASROCK AMD B450 GAMING-ITX/AC B450 Mini ITX Motherboard,"Form Factor: Mini ITX
Socket: AM4
Chipset Type: AMD B450
Memory type: DDR4",£109.97,0,0
1500687,Crutial 8GB (1x8GB) SO-DIMM 2666MHz DDR4 Laptop Memory,"Capacity: 8GB
Type: DRAM
Speed: 2666MHz
Form Factor: SO-DIMM",£26.97,£15,0
