Code,Name,Product Information,Price,Saving Price,Review Count
1827663,Lenovo ThinkCentre M60e Tiny Intel Core i3-1005G1 8GB 256GB Windows 11 Pro Desktop PC,"Intel Core i3 1005G1 Processor
UHD Graphics Graphics card
8GB RAM
256GB SSD
1 year warranty",£369.97,0,0
1811723,Acer Veriton X X2690G SFF Core i5-12400 8GB 512GB SSD Windows 11 Pro Desktop PC,"Intel Core i5 12400 Processor
8GB RAM
512GB SSD
1 year warranty
Windows 11 Pro",£489.97,£185,0
1670346,MEDION S71 Core i5-10400 8GB RAM 1TB SSD GTX 1650 Windows 11 Home Gaming PC,"Intel Core i5 10400 Processor
GeForce GTX 1650 Graphics card
8GB RAM
1TB SSD
2 year warranty",£499.97,£150,0
1664661,Medion E27401 Core i5-1035G1 8GB 1TB 256GB SSD 27 Inch Windows 11 All-In-One PC,"Intel Core i5 1035G1 Processor
UHD Graphics Graphics card
27 Inch Screen Size
8GB RAM
1TB Hard Drive + 256GB SSD",£679.97,0,0
1743410,Lenovo ThinkCentre M60e Intel Core i5-1035G1 8GB 256GB Windows 11 Pro Tiny Desktop PC,"Intel Core i5 1035G1 Processor
UHD Graphics Graphics card
8GB RAM
256GB SSD
1 year warranty",£439.97,£196,0
1601647,Refurbished HP EliteDesk 800 G1 SFF Core i7 4th gen 8GB 256GB Windows 10 Professional Desktop,"Intel Core i7 Processor
8GB RAM
256GB SSD
1 year warranty
Windows 10 Pro",£189.97,£10,0
1707218,Refurbished Dell Inspiron 7700 Core i5-1135G7 8GB 512GB SSD 27 Inch Windows 11 All in One PC - Silver,"Intel Core i5 1135G7 Processor
27 Inch Screen Size
8GB RAM
512GB SSD
3 Month Warranty",£519.97,£130,0
1787890,HP Pro 400 G9 Intel Core i5-12500 16GB 512GB SSD Windows 10 Pro Desktop PC,"Intel Core i5 12500 Processor
UHD Graphics 770 Graphics card
16GB RAM
512GB SSD
1 year warranty",£599.97,£248,0
1717371,Lenovo ThinkCentre Neo 50s Intel Core i5-12400 8GB 256GB SSD Windows 11 Pro Desktop,"Intel Core i5 12400 Processor
8GB RAM
256GB SSD
1 year warranty
Windows 11 Pro",£679.97,£162,2
1843835,Refurbished HP EliteDesk 800 G3 SFF Core i5 6th Gen 16GB 256GB Windows 10 Professional Desktop,"Intel Core i5 Processor
16GB RAM
256GB SSD
1 year warranty
Windows 10 Pro",£189.97,£30,0
1852337,Asus Vivo Core Pentium Gold 7505 8GB 256GB SSD 23.8 Inch Windows 11 All-in-One PC,"Pentium Gold 7505 Processor
23.8 Inch Screen Size
8GB RAM
256GB SSD
1 year warranty",£349.97,£50,0
1719677,Lenovo ThinkCentre Neo 50s Intel Core i7-12700 8GB 512GB SSD Windows 11 Pro Desktop PC,"Intel Core i7 12700 Processor
8GB RAM
512GB SSD
1 year warranty
Windows 11 Pro",£689.97,£316,0
1814024,Asus Vivo Intel Pentium Gold 6405U 8GB 256GB SSD 21.5 Inch Windows 11 All-In-One PC,"Pentium Gold 6405U Processor
21.5 Inch Screen Size
8GB RAM
256GB SSD
1 year warranty",£399.97,£100,0
1785556,HP Pro 290 G9 Intel Core i3-12100 8GB 256GB SSD Windows 11 Pro Desktop PC,"Intel Core i3 12100 Processor
Intel UHD Graphics 730 Graphics card
8GB RAM
256GB SSD
1 year warranty",£409.97,£90,0
1785557,HP Pro 290 G9 Intel Core i5 8GB RAM 512GB SSD Windows 11 Pro SFF Desktop PC,"Intel Core i5 12400 Processor
UHD Graphics 730 Graphics card
8GB RAM
512GB SSD
1 year warranty",£549.97,£59,0
1781522,CyberPowerPC Eurus AMD Ryzen 5 4500 NVIDIA GeForce RTX 3050 16GB RAM 500GB SSD Windows 11 Home Gaming PC,"AMD Ryzen 5 4500 Processor
RTX 3050 Graphics card
16GB RAM
500GB SSD
2 year warranty",£629.97,0,0
1785280,Refurbished HP EliteDesk 800 G2 SFF Core i7 6th gen 16GB 512GB Windows 10 Professional Desktop,"Intel Core i7 Processor
16GB RAM
512GB SSD
1 year warranty
Windows 10 Pro",£269.97,£90,0
1778170,Refurbished Dell Optiplex 7050 SFF Core i7 6th gen 16GB 512GB Windows 10 Professional Desktop,"Intel Core i7 Processor
16GB RAM
512GB SSD
1 year warranty
Windows 10 Pro",£324.97,£45,0
1740291,Dell OptiPlex 3000 MFF Core i5-12500T 16GB 256GB SSD Windows 11 Pro Desktop,"Intel Core i5 12500T Processor
Intel UHD Graphics 770 Graphics card
16GB RAM
256GB SSD
1 year warranty",£599.97,£33,0
1843860,Refurbished HP EliteDesk 800 G5 Core i5 9th gen 16GB 256GB SSD Windows 11 Professional Mini Desktop,"Intel Core i5 Processor
16GB RAM
256GB SSD
1 year warranty
Windows 11 Pro",£339.97,0,0
1855128,Refurbished Dell Optiplex 7050 SFF Core i7 6th gen 16GB 1TB SSD Windows 10 Professional Desktop,"Intel Core i7 Processor
16GB RAM
1TB SSD
1 year warranty
Windows 10 Pro",£329.97,£40,0
1745973,Lenovo ThinkCentre M70s Gen 3 Intel Core i5-12500 8GB RAM 256GB SSD Windows 11 Pro SFF Desktop PC,"Intel Core i5 12500 Processor
Intel UHD Graphics 770 Graphics card
8GB RAM
256GB SSD
3 year warranty",£559.97,£379,0
1746249,Dell Vostro 3710 Intel Core i5-12400 8GB 256GB SSD Windows 11 Pro SFF Desktop,"Intel Core i5 12400 Processor
UHD Graphics 730 Graphics card
8GB RAM
256GB SSD
1 year warranty",£529.97,£58,0
1746250,Dell Vostro 3710 Intel Core i3-12100 8GB 256GB SSD Windows 10 Pro SFF Desktop,"Intel Core i3 12100 Processor
UHD Graphics 730 Graphics card
8GB RAM
256GB SSD
1 year warranty",£449.97,£30,0
1855127,Refurbished Dell Optiplex 7050 SFF Core i7 6th gen 32GB 1TB SSD Windows 10 Professional Desktop,"Intel Core i7 Processor
32GB RAM
1TB SSD
1 year warranty
Windows 10 Pro",£359.97,£60,0
1844395,Dell OptiPlex SFF Intel Core i5-13500 8GB 256GB SSD Windows 11 Pro Desktop PC,"Intel Core i5 13500 Processor
UHD Graphics 770 Graphics card
8GB RAM
256GB SSD
1 year warranty",£534.97,£110,0
1843850,Refurbished HP EliteDesk 800 G4 Tower Core i5 8th gen 16GB 256GB Windows 11 Professional Desktop,"Intel Core i5 Processor
16GB RAM
256GB SSD
1 year warranty
Windows 11 Pro",£299.97,£40,0
1864780,Refurbished HP EliteOne 800 G4 Core i5 8th gen 16GB 512GB 24 Inch Windows 11 Professional All in One,"Intel Core i5 Processor
24 Inch Screen Size
16GB RAM
512GB SSD
1 year warranty",£499.97,0,0
1864786,Refurbished HP ProDesk 600 G4 SFF Core i5 8th gen 16GB 512GB Windows 11 Professional Desktop,"Intel Core i5 Processor
16GB RAM
512GB SSD
1 year warranty
Windows 11 Pro",£319.97,£30,0
1782391,HP Pro 290 G9 Intel Core i5 8GB RAM 256GB SSD Windows 11 Pro Tower Desktop PC,"Intel Core i5 I5-12400 Processor
Intel UHD Graphics 730 Graphics card
8GB RAM
256GB SSD
1 year warranty",£549.97,£130,0
1818672,Lenovo ThinkCentre Neo 50s Intel Core i3-12100 8GB 256GB SSD Windows 11 Pro Desktop,"Intel Core i3 12100 Processor
Intel UHD Graphics 730 Graphics card
8GB RAM
256GB SSD
1 year warranty",£442.97,£189,0
1787422,Refurbished Acer Aspire XC-1760 Core i5-12400 8GB 1TB Windows 11 Desktop,"Intel Core i5 12400 Processor
8GB RAM
1TB Hard drive
3 Month Warranty
Windows 11",£349.97,£50,0
1703489,HP 290 G3 Core i7-10700 8GB 512GB SSD Windows 10 Desktop PC,"Intel Core i7 10700 Processor
UHD Graphics 630 Graphics card
8GB RAM
512GB SSD
1 year warranty",£569.97,0,0
1865823,Dell OptiPlex 7090 MT Intel Core i5 16GB RAM 256GB SSD 1TB HDD Windows 11 Pro ,"Intel Core i5 10505 Processor
Intel UHD Graphics 630 Graphics card
16GB RAM
1TB Hard Drive + 256GB SSD
3 year warranty",£519.97,0,0
1862519,Refurbished Dell Optiplex 7060 SFF Core i7 8th gen 16GB 512GB Windows 11 Professional Desktop,"Intel Core i7 Processor
16GB RAM
512GB SSD
1 year warranty
Windows 11 Pro",£369.97,£90,0
1862520,Refurbished Dell Optiplex 7060 SFF Core i7 8th gen 32GB 1TB SSD Windows 11 Professional Desktop,"Intel Core i7 Processor
32GB RAM
1TB SSD
1 year warranty
Windows 11 Pro",£479.97,£60,0
1844507,Dell OptiPlex Micro Core i5-13500T 16GB RAM 256GB SSD Windows 11 Pro Desktop PC,"Intel Core i5 13500T Processor
UHD Graphics Graphics card
16GB RAM
256GB SSD
1 year warranty",£599.97,£50,0
1664664,Medion S22004 Core i5-1035G1 8GB 512GB SSD Windows 11 Pro Desktop PC,"Intel Core i5 1035G1 Processor
8GB RAM
512GB SSD
1 year warranty
Windows 11 Professional",£419.97,£70,1
1740448,CyberPowerPC Eurus Intel Core i5-12400F NVIDIA GeForce RTX 3060 16GB RAM 1TB SSD Windows 11 Home Gaming PC,"Intel Core i5 12400F Processor
GeForce RTX 3060 Graphics card
16GB RAM
1TB SSD
2 year warranty",£819.97,0,0
1785098,HP Pro 290 G9 Intel Core i5 8GB RAM 256GB SSD Windows 11 Pro SFF Desktop PC,"Intel Core i5 12400 Processor
Intel UHD Graphics 730 Graphics card
8GB RAM
256GB SSD
1 year warranty",£519.97,£180,0
1776766,HP Pro Mini 400 G9 Intel Core i5 8GB RAM 256GB SSD UHD Windows 10 Pro Desktop PC,"Intel Core i5 12100T Processor
UHD Graphics 770 Graphics card
8GB RAM
256GB SSD
1 year warranty",£549.49,£50,0
1782125,HP Pro Mini 400 G9 Intel Core i3 8GB RAM 256GB SSD Windows 10 Pro Desktop PC,"Intel Core i3 12100T Processor
UHD Graphics 730 Graphics card
8GB RAM
256GB SSD
1 year warranty",£429.97,£150,0
1844605,Dell OptiPlex 7010 Micro Core i5-13500T 8GB 256GB SSD Windows 11 Pro Desktop PC,"Intel Core i5 13500T Processor
UHD Graphics 770 Graphics card
8GB RAM
256GB SSD
1 year warranty",£579.97,£40,0
1860432,Refurbished HP EliteDesk 800 G5 Core i7 9th gen 16GB 256GB Windows 11 Professional Mini Desktop,"Intel Core i7 Processor
16GB RAM
256GB SSD
1 year warranty
Windows 11 Pro",£399.97,£30,0
1860131,Refurbished HP EliteDesk 800 G4 Core i7 8th Gen 32GB 512GB Windows 11 Professional Mini Desktop,"Intel Core i7 Processor
32GB RAM
512GB SSD
1 year warranty
Windows 11",£429.97,£50,0
1853488,Refurbished HP EliteDesk 800 G4 SFF Core i7 8th gen 16GB 256GB Windows 11 Professional Desktop,"Intel Core i7 Processor
16GB RAM
256GB SSD
1 year warranty
Windows 11 Pro",£349.97,£30,0
1853490,Refurbished HP EliteDesk 800 G4 SFF Core i7 8th gen 32GB 1TB SSD Windows 11 Professional Desktop,"Intel Core i7 Processor
32GB RAM
1TB SSD
1 year warranty
Windows 11 Pro",£489.97,£60,0
1853493,Refurbished Lenovo ThinkCentre M720 SFF Core i7 8th gen 32GB 1TB SSD Windows 11 Professional Desktop,"Intel Core i7 Processor
32GB RAM
1TB SSD
1 year warranty
Windows 11 Pro",£479.97,£70,0
1860384,"Refurbished HP EliteDesk 800 G3 SFF Windows 10 Pro Desktop with electriQ Eiq-24FHD75IS - 23.8"" FHD Monitor","Intel Core i5 Processor
16GB RAM
256GB SSD
1 year warranty
Windows 10 Pro",£269.97,£27,0
1849272,Mac Studio Apple M2 Ultra Chip 64GB RAM 1TB SSD Desktop PC,"M2 Ultra Processor
Apple M2 Ultra 60-core Graphics card
64GB RAM
1TB SSD
1 year warranty",£3799.97,£399,0
1835731,Refurbished HP EliteDesk 800 G2 SFF Core i7 6th gen 16GB 1TB SSD Windows 10 Professional Desktop,"Intel Core i7 Processor
16GB RAM
1TB SSD
1 year warranty
Windows 10 Pro",£299.97,£50,0
1844277,Acer C24-1800 Core i5-1335U 8GB 512GB SSD 23.8 Inch All-in-One PC,"Intel Core i5 1335U Processor
Intel Iris Xe Graphics Graphics card
23.8 Inch Screen Size
8GB RAM
512GB SSD",£647.97,£81,0
1831034,Lenovo ThinkCentre M70q Intel Core i5-12400T 8GB 256GB SSD Windows 11 Pro Tiny Desktop PC,"Intel Core i5 12400T Processor
Intel UHD Graphics 730 Graphics card
8GB RAM
256GB SSD
3 year warranty",£577.97,£147,0
1831438,Refurbished HP EliteDesk 800 G2 SFF Core i7 6th gen 32GB 1TB SSD Windows 10 Professional Desktop,"Intel Core i7 Processor
32GB RAM
1TB SSD
1 year warranty
Windows 10 Pro",£349.97,£70,0
1796641,Refurbished Acer Predator Orion 3000 PO3-640 Core i7-12700F 16GB 1TB & 512GB RTX 3060 Windows 11 Gaming Desktop,"Intel Core i7 12700F Processor
GeForce RTX 3060 12GB Graphics card
16GB RAM
1TB Hard Drive + 512GB SSD
3 Month Warranty",£899.97,£160,0
1781433,HP Elite 800 G9 Intel Core i7-12700T 16GB 512GB Windows 10 Pro Desktop PC,"Intel Core i7 12700T Processor
UHD Graphics 770 Graphics card
16GB RAM
512GB SSD
3 year warranty",£832.97,£243,0
1796155,Punch Technology GDT Ryzen 5 4500 GTX 1650 8GB RAM 500GB SSD No OS Gaming PC,"AMD Ryzen 5 4500 Processor
GTX 1650 Graphics card
8GB RAM
500GB SSD
3 year warranty",£349.97,£120,0
1852339,Asus Vivo Ryzen 7 5700U 8GB 512GB SSD 27 Inch Windows 11 All-in-One PC,"AMD Ryzen 7 5700U Processor
27 Inch Screen Size
8GB RAM
256GB SSD
1 year warranty",£849.97,0,0
1851948,CyberPowerPC OE718 Intel Core i7-12700KF GeForce RTX 4060 Ti 16GB RAM 1TB SSD Windows 11 Home Gaming PC,"Intel Core i7 12700KF Processor
GeForce RTX 4060 Ti Graphics card
16GB RAM
1TB SSD
2 year warranty",£1199.97,0,0
1860480,Refurbished HP EliteDesk 800 G4 SFF Core i5 8th gen 32GB 1TB NVMe Windows 11 Professional Desktop,"Intel Core i5 Processor
32GB RAM
1TB SSD
1 year warranty
Windows 11",£379.97,£20,0
1862275,Refurbished Lenovo ThinkCentre M910 SFF Core i5 7th gen 16GB 512GB Windows 10 Professional Desktop,"Intel Core i5 Processor
16GB RAM
512GB SSD
1 year warranty
Windows 10 Pro",£219.97,£40,0
1863828,Refurbished Dell Optiplex 7050 Core i5 7th gen 8GB 256GB Windows 10 Professional Mini Desktop,"Intel Core i5 Processor
1 year warranty
Windows 10 Pro",£189.97,£10,0
1869032,Dell Vostro 3710 Intel Core i3-12100 8GB 256GB Windows 11 Pro Desktop PC,"Intel Core i3 i3-12100 Processor
Intel UHD Graphics 730 Graphics card
8GB RAM
256GB Hard drive
Windows 11 Pro",£413.97,0,0
1870597,AWD IT MSI M100R AMD Ryzen 7 5700X RTX 4070 32GB RAM 1TB SSD Windows 11 Gaming PC,"AMD Ryzen 7 5700X Processor
GeForce RTX 4070 12GB Graphics card
32GB RAM
1TB SSD
Windows 11",£1199.97,0,0
1870580,AWD IT Volt AMD Ryzen 5 5600G 16GB RAM 1TB SSD Windows 11 Gaming PC,"AMD Ryzen 5 5600G Processor
Radeon Graphics 2GB Graphics card
16GB RAM
1TB SSD
Windows 11",£399.97,0,0
1866916,HP Pro 400 G9 Mini Intel Core i5 16GB RAM 512GB SSD Windows 11 Pro Desktop PC,"Intel Core i5 13500T Processor
UHD Graphics 770 Graphics card
16GB RAM
512GB SSD
1 year warranty",£654.97,£63,0
1860377,"Acer Veriton X X2690G SFF Windows 11 ProDesktop PC with Acer KA242YA 23.8"" FHD Monitor","Intel Core i5 I5-12400 Processor
8GB RAM
512GB SSD
1 year warranty
Windows 11 Pro",£559.97,£56,0
1844287,Acer C27-1800 Core i5-1335U 8GB 32GB SSD 27 Inch All-in-One PC,"Intel Core i5 1335U Processor
UHD Graphics Graphics card
27 Inch Screen Size
8GB RAM
1TB SSD",£748.97,£81,0
1836298,Refurbished Acer Aspire XC-1760 Core i3-12100 8GB 1TB Windows 11 Desktop - Black,"Intel Core i3 12100 Processor
8GB RAM
1TB Hard drive
3 Month Warranty
Windows 11",£319.97,0,0
1844604,Dell OptiPlex 7010 SFF Intel Core i5-13500 16GB 256GB SSD Windows 11 Pro Desktop PC,"Intel Core i5 13500 Processor
UHD Graphics 770 Graphics card
16GB RAM
256GB SSD
1 year warranty",£629.97,£100,0
1794722,Refurbished Acer Predator Orion 3000 PO3-640 Core i7-12700 16GB 1TB & 512GB RTX 3070 Windows 11 Gaming Desktop,"Intel Core i7 12700 Processor
GeForce RTX 3070 8GB Graphics card
16GB RAM
1TB Hard Drive + 512GB SSD
3 Month Warranty",£919.97,£230,0
1795214,HP Pro 400 G9 Intel Core i5 16GB RAM 256GB SSD Windows 10 Pro SFF Desktop PC,"Intel Core i5 12500 Processor
Intel UHD Graphics 770 Graphics card
16GB RAM
256GB SSD
1 year warranty",£609.97,£347,0
1782390,HP Pro 400 G9 Intel Core i5-12500 8GB RAM 256GB SSD Windows 10 Pro Desktop PC,"Intel Core i5 12500 Processor
UHD Graphics 770 Graphics card
8GB RAM
256GB SSD
1 year warranty",£609.97,£126,0
1814142,Punch Technology Core i7-12700F 16GB RAM 1TB SSD RTX 3060 Ti Gaming Desktop,"Intel Core i7 12700F Processor
GeForce RTX 3060 Ti Graphics card
16GB RAM
1TB SSD
3 year warranty",£919.97,£169,0
1816494,Apple Mac Mini 2023 M2 8GB 256GB SSD 10-Core GPU - Silver,"M2 Processor
Apple M2 10-core Graphics card
8GB RAM
256GB SSD
1 year warranty",£619.97,0,5
1816495,Apple Mac Mini 2023 M2 8GB 512GB SSD 16-Core GPU - Silver,"M2 Processor
Apple M2 10-core Graphics card
8GB RAM
512GB SSD
1 year warranty",£774.97,£74,0
1818989,Lenovo ThinkStation P360 Intel Core i7-12700T 16GB 512GB SSD NVIDIA Quadro T400 Windows 11 Pro Desktop,"Intel Core i7 12700T Processor
T400 4GB Graphics card
16GB RAM
512GB SSD
3 year warranty",£1314.97,£119,0
1828036,Refurbished HP Omen 25L AMD Ryzen 5 5600G 16GB 1TB SSD RX 6600 XT Windows 11 Gaming Desktop,"AMD Ryzen 5 5600G Processor
Radeon RX 6600XT 8GB Graphics card
16GB RAM
1TB SSD
3 Month Warranty",£659.97,£180,0
1573967,Apple iMac 2021 M1 8 Core CPU 7 Core GPU 8GB 256GB SSD 24 Inch 4.5K All-in-One - Silver,"M1 Processor
M1 Graphics card
24 Inch Screen Size
8GB RAM
256GB SSD",£1164.97,£265,95
1573968,Apple iMac 2021 M1 8 Core CPU 7 Core GPU 8GB 256GB SSD 24 Inch 4.5K All-in-One - Blue,"M1 Processor
M1 Graphics card
24 Inch Screen Size
8GB RAM
256GB SSD",£1272.97,£126,0
1557332,Lenovo ThinkStation P520 Tower Intel Xeon W-2275 16GB 512GB SSD Windows 10 Pro Workstation PC,"Intel Xeon 2275 Processor
16GB RAM
512GB SSD
3 year warranty
Windows 10 Pro",£749.97,£550,0
1692549,"MEDION X31 Erazer Core i5-12400 16GB 512GB SSD GeForce RTX 3060 Ti Windows 11 Gaming Desktop
","Intel Core i5 12400 Processor
GeForce RTX 3060 Ti 8GB Graphics card
16GB RAM
512GB SSD
2 year warranty",£899.97,£149,0
1696091,Fierce Knightmare AMD Ryzen 7 5800X 32GB 1TB SSD + 2TB HDD GeForce RTX 3090 Windows 10 Desktop Gaming PC,"AMD Ryzen 7 5800X Processor
GeForce RTX 3090 Graphics card
32GB RAM
2TB Hard Drive + 1TB SSD
3 year warranty",£2199.97,£500,0
1733867,Dell OptiPlex 3000 Thin Client TPM Pentium N6005 8GB RAM 256GB SSD Integrated 65W Verti Stand Mouse Windows 10 IoT Ent 3Y ProSpt,"Pentium Silver N6005 Processor
Intel UHD Graphics Graphics card
8GB RAM
256GB SSD
5 Year Warranty",£403.97,£29,0
1729609,Medion Erazer Engineer P10 Core i7-12700 16 GB 1TB SSD GeForce RTX 3060 Ti  Windows 11 Gaming Desktop,"Intel Core i7 12700 Processor
GeForce RTX 3060 Ti Graphics card
16GB RAM
1TB SSD
2 year warranty",£1149.97,£140,1
1827659,Refurbished Acer Aspire XC-840 Intel Celeron N4505 4GB 256GB Windows 11 Desktop,"Intel Celeron N4505 Processor
4GB RAM
256GB SSD
3 Month Warranty
Windows 11",£134.97,£85,0
1818718,Refurbished Acer Nitro N50-640 Core i5-12400F 8GB 1TB & 256GB RTX 3060 Windows 11 Gaming Desktop,"Intel Core i5 12400F Processor
GeForce RTX 3060 6GB Graphics card
8GB RAM
1TB Hard Drive + 256GB SSD
3 Month Warranty",£569.97,£280,0
1832415,ASUS ExpertCenter E5 AiO 22 Core i5 8GB 256GB 21.5 Inch Win 11 Pro All-in-One Desktop,"Intel Core i5 11500B Processor
UHD Graphics Graphics card
21.5 Inch Screen Size
8GB RAM
256GB SSD",£749.97,0,0
1816757,Lenovo ThinkStation P360 Intel Core i7 16GB RAM 1TB SSD Windows 11 Pro Tower Workstation,"Intel Core i7 12700 Processor
Intel UHD Graphics 770 Graphics card
16GB RAM
1TB SSD
3 year warranty",£1397.97,0,0
1803290,Lenovo Legion T5 AMD Ryzen 5 5600G 16GB 512GB SSD RTX 3060 Windows 11 Gaming Desktop,"AMD Ryzen 5 5600G Processor
GeForce RTX 3060 Graphics card
16GB RAM
512GB SSD
1 year warranty",£749.97,£289,0
1787331,Refurbished Acer Predator Orion 3000 P03-640 Core i7-12700F 16GB 1TB & 512GB RTX 3070 Windows 11 Gaming Desktop,"Intel Core i7 12700F Processor
GeForce RTX 3070 8GB Graphics card
16GB RAM
1TB Hard Drive + 512GB SSD
3 Month Warranty",£1099.97,£400,0
1844608,Dell OptiPlex MT Intel Core i5-13500 8GB 256GB SSD Windows 11 Pro Desktop PC,"Intel Core i5 13500 Processor
Intel UHD Graphics 770 Graphics card
8GB RAM
256GB SSD
1 year warranty",£559.97,£140,0
1849521,Refurbished HP Pavilion 24-k0043na AMD Ryzen 7 4800H 16GB 512GB SSD 23.8 Inch Windows 11 All in One PC,"AMD Ryzen 7 4800H Processor
23.8 Inch Screen Size
16GB RAM
512GB SSD
3 Month Warranty",£559.97,£240,0
1860481,Refurbished HP EliteDesk 800 G4 SFF Core i5 8th gen 16GB 1TB NVMe Windows 11 Professional Desktop,"Intel Core i5 Processor
16GB RAM
1TB SSD
1 year warranty
Windows 11",£329.97,£40,0
1857793,Lenovo IdeaCentre Gaming 5 Intel Core i5-12400F 16GB RAM 512GB SSD GeForce RTX 3050 Windows 11 Gaming PC,"Intel Core i5 12400F Processor
GeForce RTX 3050 Graphics card
16GB RAM
512GB SSD
1 year warranty",£999.97,0,0
1856857,Refurbished HP Omen GT13-1050na AMD Ryzen 7 5700G 16GB 2TB & 512GB RTX 3070 Windows 11 Gaming Desktop,"AMD Ryzen 7 5700G Processor
GeForce RTX 3070 16GB Graphics card
16GB RAM
2TB Hard Drive + 512GB SSD
3 Month Warranty",£1049.97,0,0
1856859,Refurbished HP S01-aF2000na Intel Pentium J5040 4GB 128GB Windows 11 Desktop,"Intel Pentium J5040 Processor
4GB RAM
128GB SSD
3 Month Warranty
Windows 11",£179.97,£20,0
1860693,Refurbished HP Elitedesk 800 G5 SFF Core i7 8th Gen 32GB 512GB SSD Windows 11 Professional Desktop,"Intel Core i7 Processor
32GB RAM
512GB SSD
1 year warranty
Windows 11",£449.97,£50,0
1860720,Refurbished Dell OptiPlex 3000 Core i5-12500 16GB 256GB Windows 10 Professional Desktop,"Intel Core i5 12500 Processor
UHD Graphics 770 Graphics card
16GB RAM
256GB SSD
3 Month Warranty",£446.17,£159,0
1863302,Lenovo ThinkStation P360 Ultra Core i5 16GB RAM 512GB SSD Windows 11 Pro Workstation PC,"Intel Core i5 i5-12600 Processor
NVIDIA T400 / Intel UHD Graphics 770 Graphics card
16GB RAM
512GB Hard drive
3years",£669.97,£427,0
1865019,Refurbished HP Pavilion 24-ca1001na AMD Ryzen 5 5625U 8GB 512GB 23.8 Inch Windows 11 All in One PC,"AMD Ryzen 5 5625U Processor
23.8 Inch Screen Size
8GB RAM
512GB SSD
3 Month Warranty",£499.97,£30,0
1865863,Medion Engineer X31 Core i7-12700 16GB RAM 1TB SSD RTX 4060Ti Windows 11 Home Advanced Gaming Desktop,"Intel Core i7 12700 Processor
RTX 4060 Ti Graphics card
16GB RAM
1TB SSD
Windows 11",£1379.97,0,0
1866815,Refurbished Dell Inspiron 7700 Core i5-1135G7 8GB 256GB SSD 27 Inch Windows 11 All in One PC - Silver,"Intel Core i5 1135G7 Processor
27 Inch Screen Size
8GB RAM
256GB SSD
3 Month Warranty",£479.97,£170,0
1869017,HP Elite Mini 600 G9 Intel Core i5 8GB RAM 256GB SSD Windows 11 Pro Desktop PC,"Intel Core i5 13500T Processor
UHD Graphics 770 Graphics card
8GB RAM
256GB SSD
1 year warranty",£672.97,0,0
1869337,HP Elite 800 G9 Intel Core i7 16GB RAM 512GB SSD Windows 11 Pro Desktop PC,"Intel Core i7 13700 Processor
UHD Graphics 770 Graphics card
16GB RAM
512GB SSD
1 year warranty",£1077.97,0,0
1870589,AWD IT MSI M100R AMD Ryzen 5 5500 RTX 3060 16GB RAM 1TB SSD Windows 11 Gaming PC,"AMD Ryzen 5 5500 Processor
RTX 3060 12GB Graphics card
16GB RAM
1TB SSD
Windows 11 Home",£699.97,0,0
1870617,AWD IT Phanteks G360A Core i9 11900K RTX 4070 32GB RAM 2TB SSD Windows 11 Gaming PC,"Intel Core i9 11900K Processor
RTX 4070 12GB Graphics card
32GB RAM
2TB SSD
Windows 11",£1479.97,0,0
1856956,HP Pro 400 G9 - SFF - Core i5 12500 3 GHz - 8 GB - SSD 256 GB,"Intel Core i5 12500 Processor
Intel UHD Graphics 770 Graphics card
8GB RAM
256GB SSD
Windows 11 Pro",£623.97,0,0
1849265,Mac Studio Apple M2 Max Chip 32GB RAM 512GB SSD Desktop PC,"M2 Max Processor
Apple M2 Max 30-core Graphics card
32GB RAM
512GB SSD
1 year warranty",£1937.97,£371,0
1851726,Acer Veriton N4 VN4690GT Intel Core i5 8GB RAM 256GB SSD Windows 11 Pro Desktop,"Intel Core i5 12400T Processor
UHD Graphics 730 Graphics card
8GB RAM
256GB SSD
1 year warranty",£619.97,0,0
1860376,"Lenovo ThinkCentre M60e Windows 11 Pro Tiny Desktop PC with Lenovo ThinkVision C27-40 27"" FHD Monitor","Intel Core i5 1035G1 Processor
UHD Graphics Graphics card
8GB RAM
256GB SSD
1 year warranty",£519.97,£52,0
1859089,Dell Precision 3660 Intel Core i9-13900K 32GB 1TB SSD Windows 11 Pro Desktop PC,"Intel Core i9 13900K Processor
Intel UHD Graphics 770 Graphics card
32GB RAM
1TB Hard Drive + SSDGB SSD
3 year warranty",£1582.97,£385,0
1860381,"Lenovo ThinkCentre Neo 50s Windows 11 Pro Desktop with Lenovo S24e-20 23.8"" FHD Monitor","Intel Core i5 12400 Processor
8GB RAM
256GB SSD
1 year warranty
Windows 11 Professional",£669.97,£67,0
1851074,HP Pro 400 G9 Intel Core i5-12500T 16GB 256GB SSD Windows 10 Pro Mini Desktop PC,"Intel Core i5 12500T Processor
Intel UHD Graphics 770 Graphics card
16GB RAM
256GB Hard Drive + 256GB SSD
1 year warranty",£579.97,£250,0
1838994,Refurbished Lenovo IdeaCentre 5 Core i3-10105 4GB 256GB Windows 11 Desktop,"Intel Core i3 10105 Processor
4GB RAM
256GB SSD
3 Month Warranty
Windows 11",£249.97,£130,0
1839073,Refurbished Lenovo IdeaCentre 3i Intel Pentium G7400 4GB 256GB Windows 11 Desktop,"Intel Pentium G7400 Processor
4GB RAM
256GB SSD
3 Month Warranty
Windows 11",£179.97,£20,0
1844282,Acer C24-1800 Core i7 8GB 1TB SSD 23.8 Inch Windows 11 All In One PC,"Intel Core i7 1360P Processor
UHD Graphics Graphics card
23.8 Inch Screen Size
8GB RAM
1TB SSD",£927.97,0,0
1844353,Dell OptiPlex 7010 Plus SFF Intel Core i7-13700 16GB 512GB SSD Windows 11 Pro Desktop PC,"Intel Core i7 13700 Processor
UHD Graphics 770 Graphics card
16GB RAM
512GB SSD
3 year warranty",£1029.97,£70,0
1781824,HP EliteOne 840 G9 Intel Core i5 8GB RAM 512GB SSD Windows 11 Pro 23.8 Inch Full HD All-in-One PC,"Intel Core i5 12500 Processor
UHD Graphics 770 Graphics card
23.8 Inch Screen Size
8GB RAM
512GB SSD",£1609.97,0,0
1795942,Fujitsu ESPRIMO D6012 Intel Core i5-12500 8GB 256GB SSD Windows 11 Pro Desktop PC,"Intel Core i5 12500 Processor
UHD 770 Graphics Graphics card
8GB RAM
256GB SSD
1 year warranty",£719.97,£105,0
1802610,CyberpowerPC Corsair 4000D Intel Core i9-11900KF NVIDIA GeForce RTX 4080 16GB RAM 1TB SSD Windows 11 Home Gaming PC ,"Intel Core i9 11900KF Processor
RTX 4080 Graphics card
16GB RAM
1TB SSD
2 year warranty",£1929.97,£444,0
1817431,Apple Mac Mini 2023 M2 16GB 512GB SSD 16-Core GPU - Silver,"M2 Pro Processor
Apple M2 Pro 16-core Graphics card
16GB RAM
512GB SSD
1 year warranty",£1272.97,£126,0
1814139,Punch Technology Intel Core i5-12400F 16GB RAM 512GB RTX 3050 SSD Desktop PC,"Intel Core i5 12400F Processor
GeForce RTX 3050 Graphics card
16GB RAM
512GB SSD
3 year warranty",£629.97,£110,0
1814166,Punch Technology Ryzen 9-5900X 32GB 1TB SSD RTX 4070 Ti Windows 11 Gaming Desktop,"Ryzen 9 5900X Processor
GeForce RTX 4070Ti Graphics card
32GB RAM
1TB SSD
3 year warranty",£1829.97,£124,0
1704891,Dell Precision 5820 Xeon W-2225 32 GB 512 GB SSD Windows 10 Pro Desktop PC,"Intel Xeon W-2225 Processor
No graphics Graphics card
32GB RAM
512GB SSD
5 Year Warranty",£1889.97,£114,0
1728889,Acer Predator PO3-640 Intel Core i7-12700F 16GB 1TB SSD Nvidia RTX 3070 Windows 11 Home Gaming PC,"Intel Core i7 12700F Processor
NVIDIA GeForce RTX 3070 8GB Graphics card
16GB RAM
1TB SSD
1 year warranty",£1528.97,0,0
1748865,HP Elite Mini 600 G9 Intel Core i5 8GB RAM 256GB SSD Windows 10 Pro Desktop PC,"Intel Core i5 i5-12100T Processor
UHD Graphics 770 Graphics card
8GB RAM
256GB SSD
1 year warranty",£579.97,£150,0
1700533,HP EliteOne 800 G6 Intel Core i5 8GB RAM 256GB SSD 23.8 Inch FHD All-in-One PC,"Intel Core i5 10500 Processor
UHD Graphics 630 Graphics card
23.8 Inch Screen Size
8GB RAM
256GB SSD",£1199.97,0,0
1692553,Medion Erazer Engineer X10 Core i7-12700 16GB 512GB GeForce RTX 3060 Ti Windows 11 Gaming Desktop  ,"Intel Core i7 12700 Processor
GeForce RTX 3060 Ti Graphics card
16GB RAM
512GB SSD
2 year warranty",£1099.97,£70,5
1677845,Refurbished Acer Predator Orion 3000 PO3-630 Core i7-11700F 16GB 1TB & 512GB RTX 3070 Windows 11 Gaming Desktop,"Intel Core i7 11700F Processor
GeForce RTX 3070 8GB Graphics card
16GB RAM
1TB Hard Drive + 512GB SSD
3 Month Warranty",£899.97,£400,0
1556646,Lenovo ThinkStation P520 Tower Intel Xeon W-2255 16GB 512GB SSD Windows 10 Pro Workstation PC,"Intel Xeon 2255 Processor
16GB RAM
512GB SSD
3 year warranty
Windows 10 Pro",£729.97,£470,0
1573974,Apple iMac 2021 M1 8 Core CPU 8 Core GPU 8GB 256GB SSD 24 Inch 4.5K All-in-One - Pink,"M1 Processor
M1 Graphics card
24 Inch Screen Size
8GB RAM
256GB SSD",£1449.97,£149,0
1573979,Apple iMac 2021 M1 8 Core CPU 8 Core GPU 8GB 512GB SSD 24 Inch 4.5K All-in-One - Blue,"M1 Processor
M1 Graphics card
24 Inch Screen Size
8GB RAM
512GB SSD",£1699.97,£99,0
1573980,Apple iMac 2021 M1 8 Core CPU 8 Core GPU 8GB 512GB SSD 24 Inch 4.5K All-in-One - Green,"M1 Processor
M1 Graphics card
24 Inch Screen Size
8GB RAM
512GB SSD",£1699.97,£99,0
1573981,Apple iMac 2021 M1 8 Core CPU 8 Core GPU 8GB 512GB SSD 24 Inch 4.5K All-in-One - Pink,"M1 Processor
M1 Graphics card
24 Inch Screen Size
8GB RAM
512GB SSD",£1699.97,£99,0
1573969,Apple iMac 2021 M1 8 Core CPU 7 Core GPU 8GB 256GB SSD 24 Inch 4.5K All-in-One - Green,"M1 Processor
M1 Graphics card
24 Inch Screen Size
8GB RAM
256GB SSD",£1329.97,0,47
1573970,Apple iMac 2021 M1 8 Core CPU 7 Core GPU 8GB 256GB SSD 24 Inch 4.5K All-in-One - Pink,"M1 Processor
M1 Graphics card
24 Inch Screen Size
8GB RAM
256GB SSD",£1349.97,0,0
1573972,Apple iMac 2021 M1 8 Core CPU 8 Core GPU 8GB 256GB SSD 24 Inch 4.5K All-in-One - Blue,"M1 Processor
M1 Graphics card
24 Inch Screen Size
8GB RAM
256GB SSD",£1529.97,0,23
1573973,Apple iMac 2021 M1 8 Core CPU 8 Core GPU 8GB 256GB SSD 24 Inch 4.5K All-in-One - Green,"M1 Processor
M1 Graphics card
24 Inch Screen Size
8GB RAM
256GB SSD",£1449.97,£149,0
1518203,Refurbished HP M01-F0027na AMD Ryzen 5 3400G 8GB 1TB & 256GB Windows 11 Desktop,"AMD Ryzen 5 3400G Processor
8GB RAM
1TB Hard Drive + 256GB SSD
3 Month Warranty
Windows 11",£349.97,0,0
1556645,Lenovo ThinkStation P520 Tower Intel Xeon W-2245 16GB 512GB SSD Windows 10 Pro Workstation PC,"Intel Xeon 2245 Processor
16GB RAM
512GB SSD
3 year warranty
Windows 10 Pro",£719.97,£380,0
1664168,Refurbished Acer Predator Orion 5000 PO5-615s Core i7-10700K 16GB 2TB & 512GB SSD RTX 3080 Windows 11 Gaming Desktop,"Intel Core i7 10700K Processor
GeForce RTX 3080 10GB Graphics card
16GB RAM
2TB Hard Drive + 512GB SSD
3 Month Warranty",£1249.97,£270,0
1673550,MSI Modern AM242 Intel Pentium 4GB 128GB Windows 11 Pro All-In-One PC - White,"Intel Pentium 7505 Processor
UHD Graphics Graphics card
23.8 Inch Screen Size
4GB RAM
128GB SSD",£489.97,£60,0
1700830,Refurbished Dell Wyse 5470 Intel Celeron J4005 4GB 16GB eMMC 23.8 Inch FHD Wyse Thin OS All in One PC,"Intel Celeron J4005 Processor
UHD Graphics 600 Graphics card
23.8 Inch Screen Size
4GB RAM
16GB SSD",£189.08,£341,0
1704447,Dell Precision 5820 Intel Core i9-10920X 32GB 1TB SSD Windows 10 Pro Desktop PC,"Intel Core i9 10920X Processor
32GB RAM
1TB SSD
3 year warranty
Windows 10 Pro",£2299.97,0,0
1709093,Refurbished PC Specialist Tornado R5 AMD Ryzen 5 5600X 16GB & 2TB & 512GB RTX 3060 Windows 11 Gaming Desktop,"AMD Ryzen 5 5600X Processor
GeForce RTX 3060 6GB Graphics card
16GB RAM
2TB Hard Drive + 512GB SSD
3 Month Warranty",£869.97,0,0
1751342,Lenovo ThinkCentre M70q Gen 3 Intel Core i5-12400T 8GB 256GB SSD Windows 11 Pro Desktop PC,"Intel Core i5 12400T Processor
Intel UHD Graphics 730 Graphics card
8GB RAM
256GB SSD
3 year warranty",£599.97,£36,5
1755763,Lenovo ThinkStation P620 AMD Ryzen ThreadRipper PRO 3975WX 16GB 512GB SSD Windows 10 Pro Workstation PC,"Ryzen ThreadRipper PRO 3975WX Processor
No graphics Graphics card
16GB RAM
512GB SSD
3 year warranty",£5474.97,£371,0
1755768,HP t540 - USFF - Ryzen Embedded R1305G 1.5 GHz - 4 GB - flash 32 GB - UK - TAA Compliant,"Ryzen Embedded R1305G Processor
AMD Radeon Vega 3 Graphics card
4GB RAM
32GB Hard drive
3 year warranty",£279.97,£189,0
1758209,Lenovo ThinkStation P620 Tower Ryzen ThreadRipper PRO 5945WX 64GB 1TB SSD Windows 11 Pro Workstation PC,"Ryzen ThreadRipper PRO 5945WX Processor
No graphics Graphics card
64GB RAM
1TB SSD
3 year warranty",£3032.97,£279,0
1779035,Refurbished Acer Predator Orion 7000 Core i9-12900K 32GB 2TB & 1TB SSD RTX 3090 Windows 11 Gaming Desktop,"Intel Core i9 12900K Processor
GeForce RTX 3090 24GB Graphics card
32GB RAM
2TB Hard Drive + 1TB SSD
3 Month Warranty",£2549.97,£250,0
1780227,Lenovo ThinkCentre M90q Gen 3 11U5 - Tiny - Core i5 12500 / 3 GHz - vPro Enterprise - RAM 16 GB - SSD 256 GB - TCG Opal Encryption NVMe Value - UHD Graphics 770 - GigE Bluetooth,"Intel Core i5 I5-12500 Processor
Intel UHD Graphics 770 Graphics card
16GB RAM
256GB SSD
3-year warranty",£999.97,£118,0
1781151,HP EliteOne 840 G9 Intel Core i5 8GB RAM 512GB SSD Windows 11 Pro 23.8 Inch Full HD All-in-One PC,"Intel Core i5 12500 Processor
UHD Graphics 730 Graphics card
23.8 Inch Screen Size
8GB RAM
512GB SSD",£1434.97,0,0
1781432,HP Elite Mini 800 G9 Intel Core i5 8GB RAM 256GB SSD Windows 10 Pro Desktop PC,"Intel Core i5 12500T Processor
UHD Graphics 770 Graphics card
8GB RAM
256GB SSD
3 year warranty",£689.97,£134,0
1745402,Lenovo ThinkCentre M70t Gen 3 tower - Core i5 12500 3 GHz - 8 GB - SSD 256 GB - Windows 11 Pro,"Intel Core i5 I5-12500 Processor
Intel UHD Graphics 770 Graphics card
8GB RAM
256GB SSD
3 year warranty",£714.97,£48,0
1745750,Lenovo ThinkCentre M70q Gen 3 Intel Core i5-12400T 8GB 256GB SSD Windows 11 Pro Desktop PC,"Intel Core i5 12400T Processor
Intel UHD Graphics 730 Graphics card
8GB RAM
256GB SSD
3 year warranty",£688.97,0,1
1745971,Lenovo ThinkCentre Neo 50t Intel Core i5-12400 8GB 256GB SSD Windows 11 Pro Desktop PC,"Intel Core i5 12400 Processor
UHD Graphics 730 Graphics card
8GB RAM
256GB SSD
1 year warranty",£599.97,£80,0
1728887,Acer Predator PO3-640 Intel Core i5-12400F 16GB 1TB SSD Nvidia RTX 3060 Windows 11 Home Gaming PC,"Intel Core i5 12400F Processor
NVIDIA GeForce RTX 3060 12GB Graphics card
16GB RAM
1TB SSD
1 year warranty",£1189.97,£182,0
1735027,Dell OptiPlex 7000 Core i7-12700T 16 GB 256 GB  SSD Windows 10 Pro Desktop PC,"Intel Core i7 12700T Processor
16GB RAM
256GB SSD
1 year warranty
Windows 10 Pro",£924.97,0,0
1738111,HP Workstation Z2 G9 Intel Core i7-12700 16GB 512GB SSSD Windows 10 Pro Desktop,"Intel Core i7 12700 Processor
UHD Graphics 770 Graphics card
16GB RAM
512GB SSD
3 year warranty",£1429.97,0,0
1739522,Refurbished HP Pavilion 27-d1007na Core i7-11700T 8GB 1TB SSD 27 Inch Windows 11 All in One PC,"Intel Core i7 11700T Processor
27 Inch Screen Size
8GB RAM
1TB SSD
3 Month Warranty",£829.97,0,0
1741054,HP Workstation Z2 G9 Intel Core i7-12700 16GB 512GB SSD - NVIDIA T1000 / Intel UHD Graphics 770 - Windows 11 Pro Destkop PC,"Intel Core i7 12700 Processor
T1000 4GB Graphics card
16GB RAM
512GB SSD
3 year warranty",£1454.97,£328,0
1741139,HP Z2 G9 Workstation Intel Core i7-12700 16GB 512GB SSD Windows 11 Pro Desktop PC,"Intel Core i7 I7-12700 Processor
UHD Graphics 770 Graphics card
16GB RAM
512GB SSD
3 year warranty",£1064.97,£90,0
1741173,Lenovo ThinkCentre M60e Core i3-1005G1 8GB 256GB SSD Windows 11 Pro Desktop PC,"Intel Core i3 1005G1 Processor
UHD Graphics Graphics card
8GB RAM
256GB SSD
1 year warranty",£409.97,£149,0
1742928,Lenovo ThinkStation P360 Tiny Core i5 16GB RAM 512GB SSD Windows 11 Pro Workstation PC,"Intel Core i5 12400 Processor
UHD Graphics 730 Graphics card
16GB RAM
512GB SSD
3years",£899.97,0,0
1828927,Refurbished Lenovo IdeaCentre 3i Core i7-12700 8GB 1TB & 256GB Windows 11 Desktop - Grey,"Intel Core i7 12700 Processor
8GB RAM
1TB Hard Drive + 256GB SSD
3 Month Warranty
Windows 11",£499.97,0,0
1831035,Lenovo ThinkCentre M70q Intel Core i3-12100T 8GB 256GB SSD Windows 11 Pro Tiny Desktop PC,"Intel Core i3 12100T Processor
Intel UHD Graphics 730 Graphics card
8GB RAM
256GB SSD
3 year warranty",£559.97,£52,0
1833066,Refurbished Acer Predator Orion 5000 PO5-640 Core i7-12700 16GB 2TB & 1TB SSD RTX 3070 Windows 11 Gaming Desktop,"Intel Core i7 12700 Processor
GeForce RTX 3070 10GB Graphics card
16GB RAM
2TB Hard Drive + 1TB SSD
3 Month Warranty",£1279.97,£270,0
1834918,Lenovo ThinkCentre M70a Gen 3 11VL - All-in-one - with Full Function Monitor stand - Core i5 12500 / 3 GHz - RAM 8 GB - SSD 256 GB - TCG Opal Encryption NVMe Value - DVD-Writer -,"Intel Core i5 I5-12500 Processor
Intel UHD Graphics 770 Graphics card
8GB RAM
256GB SSD
3-year warranty",£933.97,£72,0
1835120,Lenovo ThinkCentre M75s Ryzen 5 8GB RAM 256GB SSD Windows 11 Pro Desktop PC,"AMD Ryzen 5 5600G Processor
AMD Radeon Graphics Graphics card
8GB RAM
256GB Hard drive
3years",£498.97,£230,0
1814143,Punch Technology Core i5-12400F 8GB RAM 512GB SSD GTX 1650 Windows 11 Gaming Desktop,"Intel Core i5 12400F Processor
GeForce GTX 1650 Graphics card
8GB RAM
512GB SSD
3 year warranty",£589.97,£75,0
1802690,Refurbished HP EliteDesk 800 G3 SFF Core i7-7700 16GB 256GB Windows 10 Professional Desktop,"Intel Core i7 Processor
16GB RAM
256GB SSD
1 year warranty
Windows 10 Pro",£309.97,£80,0
1798106,Refurbished Acer Predator Orion 5000 PO5-640 Core i7-12700F 16GB 2TB & 1TB SSD RTX 3080 Windows 11 Gaming Desktop,"Intel Core i7 12700F Processor
GeForce RTX 3080 8GB Graphics card
16GB RAM
2TB Hard Drive + 1TB SSD
3 Month Warranty",£1349.97,£90,0
1813603,HP Pro MinI 400 G9 Intel Core i5 16GB 256GB SSD Windows 11 Pro Desktop,"Intel Core i5 12500T Processor
UHD Graphics 770 Graphics card
16GB RAM
256GB SSD
Windows 10 Pro",£619.97,£188,0
1795943,Fujitsu D6012 Intel Core i7-12700 16GB 512GB SSD Windows 11 Pro Desktop PC,"Intel Core i7 12700 Processor
UHD Graphics 770 Graphics card
16GB RAM
512GB SSD
1-year warranty",£884.97,£118,0
1795944,Fujitsu ESPRIMO G6012 Intel Core i5-12500T 8GB 256GB Windows 11 Pro Desktop PC,"Intel Core i5 12500T Processor
UHD Graphics 770 Graphics card
8GB RAM
256GB SSD
1 year warranty",£774.97,0,0
1795945,Fujitsu ESPRIMO G6012 Intel Core i7-12700T 16GB 512GB SSD Windows 11 Pro Desktop PC,"Intel Core i7 12700T Processor
UHD Graphics 770 Graphics card
16GB RAM
512GB SSD
1 year warranty",£878.97,£142,0
1795946,Fujitsu ESPRIMO P6012 Intel Core i5-12500 8GB 256GB SSD Windows 11 Pro Desktop PC,"Intel Core i5 12500 Processor
UHD Graphics 770 Graphics card
8GB RAM
256GB SSD
1 year warranty",£837.97,0,0
1795947,Fujitsu ESPRIMO P6012 Intel Core i7-12700 16GB 512GB Windows 11 Pro Desktop PC,"Intel Core i7 12700 Processor
UHD Graphics 770 Graphics card
16GB RAM
512GB SSD
1 year warranty",£1009.97,£68,0
1796153,Punch Technology GDT Ryzen 5 5500 RTX 3050 16GB RAM 500GB SSD No OS Gaming PC,"AMD Ryzen 5 5500 Processor
RTX 3050 Graphics card
16GB RAM
500GB SSD
3 year warranty",£619.97,0,0
1796154,Punch Technology GDT Ryzen 5 5500 RTX 3060 16GB RAM 1tb SSD No OS Gaming PC,"AMD Ryzen 5 5500 Processor
RTX 3060 Graphics card
16GB RAM
1TB SSD
3 year warranty",£729.97,0,0
1795297,Refurbished Dell Optiplex 7050 SFF Core i7-6700 16GB 512GB Windows 10 Professional Desktop,"Intel Core i7 6700 Processor
16GB RAM
512GB SSD
1 year warranty
Windows 10 Pro",£279.97,£70,0
1795681,HP Presence Small Space Solution Intel Core i5 8GB 256GB SSD Windows 10 Desktop,"Core i5-10500T 10th Gen 10500T Processor
UHD Graphics 630 Graphics card
8GB RAM
256GB SSD
3 year warranty",£377.97,0,0
1796609,Lenovo ThinkCentre M90Q Core i5-12500 16GB RAM 512GB SSD Windows 11 Pro Mini PC,"Intel Core i5 I5-12500 Processor
Intel UHD Graphics 770 Graphics card
16GB RAM
512GB SSD
3-year warranty",£929.97,0,0
1778092,HP Pro Mini 400 G9 Intel Core i5 16GB RAM 512GB SSD Windows 10 Pro Desktop PC,"Intel Core i5 12100T Processor
UHD Graphics 770 Graphics card
16GB RAM
512GB SSD
1 year warranty",£649.97,0,0
1790522,Refurbished Punch Technology L12 SFF Intel Pentium G6400 4GB 120GB Windows 10 Professional Desktop,"Intel Pentium G6400 Processor
4GB RAM
120GB SSD
3 Month Warranty
Windows 10 Pro",£92.66,£137,0
1793353,Punch Technology Ryzen 7 5800X RTX 4080 32GB RAM 1TB SSD Windows 11 Gaming Desktop,"AMD Ryzen 7 5800X Processor
GeForce RTX 4080 16GB Graphics card
32GB RAM
1TB SSD
3 year warranty",£2179.97,£141,0
1793354,Punch Technology Ryzen 9 5900X RTX 4080 32GB RAM 2TB SSD Windows 11 Gaming Desktop,"Ryzen 9 5900X Processor
RTX 4080 16GB Graphics card
16GB RAM
2TB SSD
3 year warranty",£2419.97,£224,0
1793356,Punch Technology AMD Ryzen 7 7700X RTX 4080 32GB 2TB SSD RTX 4080 Windows 11 Gaming Desktop,"AMD Ryzen 7 7700X Processor
RTX 4080 Graphics card
32GB RAM
2TB SSD
3 year warranty",£2399.97,£366,0
1844362,Dell OptiPlex 7010 Plus Core i5-13500 16GB 512GB SSD Windows 11 Pro Desktop PC,"Intel Core i5 13500 Processor
Intel UHD Graphics 770 Graphics card
16GB RAM
256GB SSD
3 year warranty",£879.97,0,0
1844485,Dell OptiPlex - Micro Intel Core i3-13100T 8GB RAM 256GB SSD Windows 11 Pro Desktop PC,"Intel Core i3 13100T Processor
UHD Graphics 730 Graphics card
8GB RAM
256GB SSD
1 year warranty",£459.97,£70,0
1844486,Dell OptiPlex Micro Plus MFF Intel Core i7-13700T 16GB 256GB SSD Windows 11 Pro Desktop PC,"Intel Core i7 13700T Processor
UHD Graphics 770 Graphics card
16GB RAM
256GB SSD
3 year warranty",£1019.97,0,0
1844312,Acer S27-1755 Core i7-1260P 16GB 512GB SSD 27 Inch  All-in-One PC,"Intel Core i7 1260P Processor
Iris Xe Graphics Graphics card
27 Inch Screen Size
8GB RAM
1TB Hard Drive + 512GB SSD",£1297.97,0,0
1836972,Dell Precision 3260 Intel Core i7-13700 16GB 512GB SSD Windows 11 Pro Desktop PC,"Intel Core i7 13700 Processor
NVIDIA T1000 4GB Graphics card
16GB RAM
512GB Hard Drive + SSDGB SSD
3 year warranty",£1249.97,£74,0
1838458,Lenovo DT M70s G3 i7-12700 16G 512G W11P,"Intel Core i7 I7-12700 Processor
Intel UHD Graphics 770 Graphics card
16GB RAM
512GB SSD
3-year warranty",£993.97,£69,0
1846641,Dell Precision 3660 Intel Core i7-13700 32GB 1TB SSD Windows 11 Pro Desktop PC,"Intel Core i7 13700 Processor
Intel UHD Graphics 770 4GB Graphics card
32GB RAM
1TB Hard Drive + SSDGB SSD
3 year warranty",£1687.97,£408,0
1846644,Dell Precision 3460 Intel Core i7-13700 16GB 512GB SSD Windows 11 Pro Deskstop PC,"Intel Core i7 13700 Processor
Intel UHD Graphics 770 4GB Graphics card
16GB RAM
512GB Hard Drive + SSDGB SSD
3 year warranty",£1319.97,£359,0
1844606,DELL OptiPlex Micro Plus MFF Intel Core i5-13500T 16GB 256GB SSD Windows 11 Pro Desktop PC,"Intel Core i5 13500T Processor
UHD Graphics 770 Graphics card
16GB RAM
256GB SSD
3 year warranty",£808.97,£51,0
1849680,ASUS Chromebox 5 Intel Core i3 8GB RAM 128GB SSD Chrome OS Mini PC,"Intel Core i3 Processor
8GB RAM
128GB
1-year warranty
Google Chrome OS",£599.97,0,0
1849792,ASUS ExpertCenter PN52 AMD Ryzen 7 16GB RAM 512GB SSD Windows 11 Pro Mini PC,"AMD Ryzen 7 5800H Processor
Radeon Graphics Graphics card
16GB RAM
256GB SSD
1  year warranty",£749.97,0,0
1849827,ASUS Chromebox 5 Intel Celeron 4GB RAM 128GB SSD Chrome OS Mini PC,"Intel Celeron Processor
4GB RAM
128GB
1-year warranty
Google Chrome OS",£389.97,0,0
1849867,ASUS Chromebox 5 Intel Core i5 8GB RAM 128GB SSD Chrome OS Mini PC,"Intel Core i5 Processor
8GB RAM
128GB
1-year warranty
Google Chrome OS",£779.97,0,0
1849868,ASUS Chromebox 5 Intel Core i7 16GB RAM 256GB SSD Chrome OS Mini PC,"Intel Core i7 Processor
16GB RAM
256GB
1-year warranty
Google Chrome OS",£929.97,0,0
1860379,"HP Pro 290 G9 Windows 11 Pro SFF Desktop PC with HP E24U G4 23.8"" FHD Monitor","Intel Core i5 12400 Processor
UHD Graphics 730 Graphics card
8GB RAM
512GB SSD
1-year warranty",£709.97,£71,0
1860490,"Lenovo ThinkStation P520 Tower Intel Xeon W-2255 with Lenovo ThinkVision C27-40 27"" FHD Monitor","Intel Xeon 2255 Processor
16GB RAM
512GB SSD
3 year warranty
Windows 10 Pro",£899.97,£90,0
1860492,"Lenovo ThinkStation P520 Tower Intel Xeon W-2275 with Lenovo ThinkVision C27-40 27"" FHD Monitor","Intel Xeon 2275 Processor
16GB RAM
512GB SSD
3 year warranty
Windows 10 Pro",£899.97,£90,0
1860493,"Lenovo ThinkStation P520 Tower Intel Xeon W-2245 with Lenovo ThinkVision C27-40 27"" FHD Monitor","Intel Xeon 2245 Processor
16GB RAM
512GB SSD
3 year warranty
Windows 10 Pro",£869.97,£197,0
1859156,Refurbished Acer Predator Orion 5000 PO5-650 Core i7-13700F 16GB 2TB & 1TB SSD RTX 3070 Windows 11 Gaming Desktop,"Intel Core i7 13700F Processor
GeForce RTX 3070 8GB Graphics card
16GB RAM
2TB Hard Drive + 1TB SSD
3 Month Warranty",£1359.97,£239,0
1859892,HP Elite 800 G9 Intel Core i7 16GB RAM 512GB SSD Windows 11 Pro Mini Desktop,"Intel Core i7 13700 Processor
UHD Graphics 770 Graphics card
16GB RAM
512GB SSD
1 year warranty",£999.97,£380,0
1858226,Lenovo IdeaCentre Gaming 5 Intel Core i5-12400F GeForce RTX 3060 16GB RAM 512GB SSD Windows 11 Gaming PC,"Intel Core i5 12400F Processor
GeForce RTX 3060 Graphics card
16GB RAM
512GB SSD
1 year warranty",£1099.97,0,0
1858244,Lenovo Legion T7i Intel Core i9- 13900KF GeForce RTX 4080 32GB RAM 1TB SSD Windows 11 Gaming PC,"Intel Core i9 13900KF Processor
GeForce RTX 4080 Graphics card
32GB RAM
1TB SSD
1 year warranty",£3349.97,0,0
1858300,Lenovo Legion T7 Intel Core i7-12700KF GeForce RTX 3070 32GB RAM 1TB SSD Windows 11 Gaming PC,"Intel Core i7 12700KF Processor
GeForce RTX 3070 8GB Graphics card
32GB RAM
1TB SSD
1 year warranty",£2399.97,0,0
1859086,Dell Precision 3660 Intel  Core i7-13700K 32GB 1TB SSD Windows 11 Pro Desktop PC,"Intel Core i7 13700K Processor
Intel UHD Graphics 770 Graphics card
32GB RAM
1TB Hard Drive + SSDGB SSD
3 year warranty",£1394.97,£340,0
1851727,Acer Veriton N4 VN4690GT Intel Core i7 16GB RAM 512GB SSD Windows 11 Pro Desktop,"Intel Core i7 12700T Processor
UHD Graphics 770 Graphics card
16GB RAM
512GB SSD
1 year warranty",£879.97,0,0
1851728,Acer Veriton S2 VS2690G Intel Core i3 8GB RAM 256GB SSD Windows 11 Pro Desktop,"Intel Core i3 12100 Processor
UHD Graphics 730 Graphics card
8GB RAM
256GB SSD
1 year warranty",£539.97,0,0
1851730,Acer Veriton X2 VX2690G Intel Core i7 16GB RAM 1TB SSD Windows 11 Pro Desktop,"Intel Core i7 12700 Processor
UHD Graphics 770 Graphics card
16GB RAM
1TB SSD
1 year warranty",£949.97,0,0
1851826,Refurbished Lenovo Legion T7 Core i7-12700KF 32GB 1TB SSD RTX 3080Ti Windows 11 Gaming Desktop,"Intel Core i7 12700KF Processor
GeForce RTX 3080 Ti 12GB Graphics card
32GB RAM
1TB SSD
3 Month Warranty",£2049.97,£890,0
1852670,Refurbished HP Omen 25L GT15-0017na AMD Ryzen 7 5700G 16GB 1TB SSD RTX 3070Ti Windows 11 Gaming Desktop,"AMD Ryzen 7 5700G Processor
GeForce RTX 3070 Ti 8GB Graphics card
16GB RAM
1TB SSD
3 Month Warranty",£949.97,£50,0
1871658,"Refurbished Zoostorm SFF Core i7-11700 16GB 480GB No OS
 Desktop","Intel Core i7 11700 Processor
UHD Graphics 630 Graphics card
16GB RAM
480GB SSD
3 Month Warranty",£512.46,£87,1
1870591,AWD IT MSI M100R AMD Ryzen 5 5500 RTX 4060Ti 16GB RAM 1TB SSD Windows 11 Gaming PC,"AMD Ryzen 5 5500 Processor
RTX 4060 Ti 8GB Graphics card
16GB RAM
1TB SSD
Windows 11 Home",£849.97,0,0
1869585,Refurbished HP ProDesk 600 G4 Micro Tower Core i5 8th gen 16GB 512GB AMD Radeon RX 550 4 GB Windows 11 Professional Desktop,"Intel Core i5 Processor
16GB RAM
512GB SSD
1 year warranty
Windows 11 Pro",£369.97,£37,0
1870170,Refurbished Lenovo IdeaCentre 5i Core i5-12500H 8GB 512GB SSD 23.8 Inch Windows 11 All in One PC Grey,"Intel Core i5 12500H Processor
23.8 Inch Screen Size
8GB RAM
512GB SSD
3 Month Warranty",£499.97,0,0
1870255,Refurbished Dell Alienware Aurora 0TYR0X AMD Ryzen 7 5800X 16GB 512GB SSD RX 6700XT Windows 10 Gaming Desktop,"AMD Ryzen 7 5800X Processor
RX 6700XT Graphics card
16GB RAM
1TB Hard Drive + 512GB SSD
3 Month Warranty",£1064.97,0,0
1869338,HP ProOne 440 G9 Intel Core i5 8GB RAM 512GB SSD Windows 11 Pro All-In-One Desktop PC,"Intel Core i5 13500T Processor
UHD Graphics 770 Graphics card
23.8 Inch Screen Size
8GB RAM
512GB SSD",£874.97,0,0
1869339,HP ProOne 440 G9 Intel Core i5 16GB RAM 512GB SSD Windows 11 Pro All-In-One Desktop PC,"Intel Core i5 13500T Processor
UHD Graphics 770 Graphics card
23.8 Inch Screen Size
16GB RAM
512GB SSD",£914.97,0,0
1869406,HP Pro 400 G9 Intel Core i5 16GB RAM 512GB SSD Windows 11 Desktop PC,"Intel Core i5 13500 Processor
UHD Graphics 770 Graphics card
16GB RAM
512GB SSD
1 year warranty",£749.00,0,0
1869454,Dell Vostro 3020 Intel Core i3-13100 8GB 256GB Windows 11 Pro Desktop PC,,£449.97,£45,0
1869456,Dell Vostro 3020 Intel Core i5-13400 8GB 256GB Windows 11 Pro Desktop PC,"Intel Core i5 I5-13400 Processor
Intel UHD Graphics 730 Graphics card
8GB RAM
256GB SSD
Windows 11 Pro",£549.97,£55,0
1869336,HP Pro 400 G9 Intel Core i5 8GB RAM 256GB SSD Windows 11 Pro Desktop PC,"Intel Core i5 13500 Processor
UHD Graphics 770 Graphics card
8GB RAM
256GB SSD
1 year warranty",£729.97,0,0
1865874,Medion Engineer X32 Core i7-13700 16GB Ram 1TB SSD RTX 4070 Windows 11 Home Advanced Gaming Desktop,"Intel Core i7 13700 Processor
RTX 4070 Graphics card
16GB RAM
1TB SSD
2 year warranty",£1679.97,0,0
1866272,Lenovo THINKCENTRE NEO 50Q G4 I3-1215U,"Intel Core i3 I3-1215U Processor
Intel UHD Graphics Graphics card
8GB RAM
256GB SSD
1-year warranty",£529.97,0,0
1866401,Refurbished Acer Aspire TC-1760 Core i3-12100 8GB 2TB Windows 11 Desktop,"Intel Core i3 12100 Processor
8GB RAM
2TB Hard drive
3 Month Warranty
Windows 11 Home",£350.90,£129,0
1866684,ASUS ExpertCenter PN52 AMD Ryzen 9 16GB RAM 512GB SSD Windows 11 Pro Mini PC,"Ryzen 9 Processor
16GB RAM
512GB Hard drive
1  year warranty
Windows 11 Pro",£849.97,0,0
1866810,Refurbished Acer Predator Orion 3000 PO3-640 Core i7-12700F 16GB 1TB SSD RTX 3060Ti Windows 11 Gaming Desktop,"Intel Core i7 12700F Processor
RTX 3060 TI 8GB Graphics card
16GB RAM
1.024TB SSD
3 Month Warranty",£1121.06,£329,0
1867483,HP Pro 400 G9 Intel Core i5 8GB RAM 256GB SSD Windows 11 Pro Desktop PC,"Intel Core i5 13500 Processor
UHD Graphics 770 Graphics card
8GB RAM
256GB SSD
1 year warranty",£594.97,0,0
1868056,Refurbished HP Elitedesk 800 G4 Core i7 8th Gen 32GB 512GB Windows 11 Professional SFF Desktop  ,"Intel Core i7 Processor
32GB RAM
512GB SSD
1 year warranty
Windows 11 Pro",£479.97,0,0
1868108,HP Pro 400 G9 Mini Intel Core i5 8GB RAM 256GB SSD Windows 11 Desktop PC,"Intel Core i5 13500T Processor
UHD Graphics 770 Graphics card
8GB RAM
256GB SSD
1 year warranty",£568.97,0,0
1868300,Refurbished HP EliteDesk 800 G4 SFF Core i5 8th gen 32GB 1TB NVMe Windows 11 Professional Desktop,"Intel Core i5 Processor
1 year warranty
Windows 11 Pro",£349.97,0,0
1865470,Refurbished Acer ConceptD 100 Core i5-12400F 8GB 1TB & 256GB Quadro T400 Windows 11 Professional Desktop,"Intel Core i5 12400F Processor
8GB RAM
1TB Hard Drive + 256GB SSD
3 Month Warranty
Windows 11",£699.97,0,0
1865492,Refurbished Dell OptiPlex 3000 Core i5-12500 8GB 256GB SSD Windows 10 Professional Desktop,"Intel Core i5 12500 Processor
UHD Graphics 770 Graphics card
8GB RAM
256GB SSD
3 Month Warranty",£469.45,£121,0
1865862,Medion Desktop PC Engineer X31 Core i5-12400 16GB 512GB RTX 4060Ti Windows 11 Home Gaming PC,"Intel Core i5 12400 Processor
RTX 4060 Ti Graphics card
16GB RAM
512GB SSD
Windows 11",£1179.97,0,0
1863468,Refurbished Acer Nitro N50-650 Core i5-13400F 8GB 1TB & 256GB GTX 1650 Windows 11 Gaming Desktop,"Intel Core i5 13400F Processor
GeForce GTX 1650 4GB Graphics card
8GB RAM
1TB Hard Drive + 256GB SSD
3 Month Warranty",£569.97,0,0
1863714,Lenovo Neo 50q G4 i5 8GB 256GB W11P,"Intel Core i5 I5-13420H Processor
Intel UHD Graphics Graphics card
8GB RAM
256GB SSD
1-year warranty",£588.97,£39,0
1860385,Refurbished Dell Optiplex 7050 SFF Windows 10 Professional Desktop with eiQ-30CVWF200VAFSGH UltraWide FHD Gaming Monitor,"Intel Core i7 Processor
16GB RAM
512GB SSD
1 year warranty
Windows 10 Pro",£479.97,£48,0
1732220,CyberpowerPC Eurus Intel  Core i7-11700F GeForce RTX 3060 16GB RAM 1TB SSD Windows 11 Home Gaming PC  ,"Intel Core i7 11700F Processor
GeForce RTX 3060 Graphics card
16GB RAM
1TB SSD
2 year warranty",£879.97,£60,2
1781523,CyberPowerPC Blaze AMD Ryzen 5 NVIDIA GeForce RTX 3060 16GB RAM 1TB SSD Windows 11 Home Gaming PC,"AMD Ryzen 5 4500 Processor
RTX 3060 Graphics card
16GB RAM
500GB SSD
2 year warranty",£679.97,£150,0
1851940,CyberPowerPC LC216 Intel Core i5-12400F GeForce RTX 4060 Ti 16GB RAM 1TB SSD Windows 11 Home Gaming PC,"Intel Core i5 12400F Processor
GeForce RTX 4060 Ti Graphics card
16GB RAM
1TB SSD
2 year warranty",£949.97,0,0
1835370,CyberpowerPC Eurus Intel Core i5-12400F RTX 4070 16GB RAM 1TB SSD Windows 11 Home Gaming PC,"Intel Core i5 12400F Processor
RTX 4070 Graphics card
16GB RAM
1TB SSD
2 year warranty",£1099.98,£104,0
1822605,DELL OptiPlex 5000 Core i5-12500 16GB 512GB SSD Windows 11 Pro Desktop PC,,£592.97,£45,0
1869557,CyberPowerPC Kira Intel Core i5 12400F NVIDIA GeForce RTX 4060 16GB RAM 1TB M.2 SSD Windows 11 Home Gaming PC,"Intel Core i5 12400F Processor
GeForce RTX 4060 Graphics card
16GB RAM
1TB SSD
2 Years Parts, 5 Years Labour, Lifetime Technical Support",£799.97,0,0
1869556,CyberPowerPC Kira AMD Ryzen 5 4500 NVIDIA GeForce RTX 4060 16GB RAM 500GB M.2 SSD Windows 11 Home Gaming PC,"AMD Ryzen 5 4500 Processor
GeForce RTX 4060 Graphics card
16GB RAM
500GB SSD
2 Years Parts, 5 Years Labour, Lifetime Technical Support",£719.97,0,0
1812864,CyberPowerPC Corsair 4000D Intel Core i9-11900KF NVIDIA GeForce RTX 4070 Ti 16GB RAM 1TB SSD Windows 11 Home Gaming PC  ,"Intel Core i9 11900KF Processor
RTX 4070 Ti Graphics card
16GB RAM
1TB SSD
2 year warranty",£1729.97,£188,0
1664662,Medion E27401 Core i7-1065G7 8GB 1TB 256GB SSD 27 Inch Windows 11 All-In-One PC,"Intel Core i7 1065G7 Processor
Intel Plus Graphics Graphics card
27 Inch Screen Size
8GB RAM
1TB Hard Drive + 256GB SSD",£739.97,£159,0
1710997,Dell Precision 5820 Tower Xeon W-2223 16GB 512GB SSD Windows 10 Pro Workstation PC,"Intel Xeon W-2223 Processor
No graphics Graphics card
16GB RAM
512GB SSD
3 year warranty",£1662.97,0,0
1712913,Dell Precision 5820 Xeon W-2235 32 GB 512 GB SSD Windows 10 Pro Desktop PC,"Intel Xeon W-2235 Processor
NVIDIA RTX A5000 24GB Graphics card
32GB RAM
512GB SSD
3 year warranty",£4149.97,0,0
1714702,Dell Precision 5820 Xeon W-2235 32 GB 512 GB SSD Windows 10 Pro Desktop PC,"Intel Xeon W-2235 Processor
No graphics Graphics card
32GB RAM
512GB SSD
1 year warranty",£2074.97,0,0
1294413,HP T630 AMD GX-420GI Radeon R7E 8GB 32GB Windows 10 IOT Thin Client  Desktop PC,"Gx 420GI Processor
Radeon R7E Graphics card
8GB RAM
32GB Hard drive
3 year warranty",£449.97,0,0
1527387,Dell Precision 3240 USFF Intel Xeon W-1250 32GB 512GB SSD Quadro P1000 4GB Windows 10 Pro Workstation PC,"Intel Xeon W-1250 Processor
Quadro P1000 4GB Graphics card
32GB RAM
512GB SSD
1 year warranty",£1647.97,0,0
1528532,Apple Mac Mini 2020 M1 8GB 512GB SSD 8-Core GPU - Silver,"M1 Processor
8GB RAM
512GB
1 year warranty
MacOS",£814.97,0,0
1653756,Dell Precision 3650 Core i7-10700K 16GB 512GB SSD Windows 10 Pro Desktop PC,"Intel Core i7 10700K Processor
UHD Graphics 630 8GB Graphics card
16GB RAM
512GB SSD
3 year warranty",£1749.00,0,0
1730746,Dell Precision 3660 Core i7-12700 16 GB 512 GB SSD Windows 10 Pro Desktop PC,"Intel Core i7 12700 Processor
T1000 4GB Graphics card
16GB RAM
512GB SSD
1 year warranty",£1753.97,0,0
1729173,Dell Precision 3660 Core i7-12700K 16 GB 512 GB SSD Windows 10 Pro Desktop PC,"Intel Core i7 12700K Processor
RTX A2000 6GB Graphics card
16GB RAM
512GB SSD
1 year warranty",£2193.97,0,0
1835386,CyberPowerPC Eurus Intel Core i7-12700KF RTX 4070 16GB RAM 1TB SSD Windows 11 Home Gaming PC,"Intel Core i7 12700KF Processor
RTX 4070 Graphics card
16GB RAM
1TB SSD
2 year warranty",£1429.97,£130,0
1832416,ASUS ExpertCenter E5 AiO 22 Core i3 8GB 256GB SSD 21.5 Inch Windows 11 Pro All-in-One Desktop,"Intel Core i3 11100B Processor
UHD Graphics Graphics card
21.5 Inch Screen Size
8GB RAM
256GB SSD",£707.97,0,0
1860782,Acer Predator Orion 3000 PO3-650 Intel Core i7 16GB RAM 1TB SSD RTX 3070 Windows 11 Gaming Desktop PC,"Intel Core i7 13700F Processor
GeForce RTX 3070 8GB Graphics card
16GB RAM
1TB SSD
1 year warranty",£1712.97,£130,0
1863282,Acer Predator Orion 3000 PO3-650 Intel Core i5 16GB RAM 1TB SSD RTX 3060 Windows 11 Gaming Desktop PC,"Intel Core i5 13400F Processor
GeForce RTX 3060 12GB Graphics card
16GB RAM
1TB SSD
1 year warranty",£1333.97,0,0
1870229,Lenovo ThinkCentre M75s Ryzen 5 16GB RAM 512GB SSD Windows 11 Pro Desktop PC,"AMD Ryzen 5 5600G Processor
Integrated AMD Radeon Graphics Graphics card
16GB RAM
512GB SSD
3 year on-site warranty",£758.97,0,0
1870586,AWD IT Mesh White AMD Ryzen 5 5500 RTX 3050 16GB RAM 1TB SSD Windows 11 Gaming PC,"AMD Ryzen 5 5500 Processor
RTX 3050 8GB Graphics card
16GB RAM
1TB SSD
Windows 11 Home",£629.97,0,0
1870605,AWD IT Mesh White Intel Core i5-12400F RTX 4060 16GB RAM 1TB SSD Windows 11 Gaming PC,"Intel Core i5 12400F Processor
RTX 4060 8GB Graphics card
16GB RAM
1TB SSD
Windows 11",£799.97,0,0
1851729,Acer Veriton X2 VX2690G Intel Core i5 8GB RAM 512GB SSD Windows 11 Pro Desktop,"Intel Core i5 12400 Processor
UHD Graphics 730 Graphics card
8GB RAM
512GB SSD
1 year warranty",£649.97,0,0
1849877,ASUS PN64 Barebone Intel Core i3 Mini PC,"Intel Core i3 Processor
Small",£379.97,£20,0
1849879,ASUS PN64 Barebone Intel Core i7 Mini PC,"Intel Core i7 Processor
Small",£599.97,0,0
1851166,Acer Veriton S2 VS2690G Intel Core i5 8GB RAM 512 GB SSD Windows 11 Pro Desktop,"Intel Core i5 12400 Processor
UHD Graphics 730 Graphics card
8GB RAM
512GB SSD
1 year warranty",£629.97,0,0
