Code,Name,Product Information,Price,Saving Price,Review Count
1450007,HPE ProLiant DL360 Gen10 Intel Xeon-S 4208 8-Core 2.10GHz 11MB 16GB 1 x 16GB PC4-2933Y-R RDIMM 8 x Hot Plug 2.5in Small Form Factor Smart Carrier Smart Array P408i-a NC 500W 3yr Next Business Day warr,"Processor: Intel
RAM: 16GB
Hard drive: 0GB
Internal Bays Qty: 8
Raid Level: RAID 0, RAID 1, RAID 5, RAID 6, RAID 10, RAID 50, RAID 60, RAID 1 ADM, RAID 10 ADM",£2479.97,0,0
1729182,PowerEdge R450 Chassis 8 x 2.5in Hot-Plug Intel Xeon Silver 4314 32GB 480GB SSD Rails Bezel Quad-Port 1GbE BASE-T PERC H755 iDRAC9 Enterprise 800W 3Y Basic NBD,"Processor: Intel
RAM: 32GB
Internal Bays Qty: 8",£3084.97,£383,0
1731477,"dell EMC PowerEdge R650xs Xeon Silver 4314  - 2.4 GHz 32GB 480GB Rack Server
","Processor: Intel
RAM: 32GB
Internal Bays Qty: 8",£3177.97,£197,0
1729168,Hewlett Packard HPE ProLiant DL20 2.8 GHz 16GB No HDD  - Rack Server,"Processor: Intel
RAM: 16GB
Hard drive: 0GB
Internal Bays Qty: 2
Raid Level: RAID 0, RAID 1, RAID 5, RAID 10",£1049.97,£288,0
1729177,dell R250 4x3.5 INCH E-2314 1x8GB 1x2TB HDD Emb.SATA 3Yr ChBasic NBD,"Processor: Intel
RAM: 8GB",£1183.97,£85,0
1729179,Dell PowerEdge R750xs Xeon Silver 4314  - 2.4 GHz 32GB 480GB Rack Server,"Processor: Intel
RAM: 32GB
Internal Bays Qty: 8",£3267.97,£257,0
1695091,PowerEdge R350 Chassis 8 x 2.5in Hot Plug Intel Xeon E-2334 16GB 600GB Dual-Port 1GbE PERC H355 iDRAC9 Express 2 x 600W 3 Year Basic NBD,"Processor: Intel
RAM: 16GB
Internal Bays Qty: 8",£1587.97,£310,0
1695092,Dell PowerEdge R350 Xeon E-2314 16GB 600GB - Rack Server,"Processor: Intel
RAM: 16GB
Internal Bays Qty: 8",£1688.97,£391,0
1694715,Dell EMC PowerEdge R250 Xeon E-2314 - 2.8GHz 8GB 1TB - Rack Server,"Processor: Intel
RAM: 8GB
Internal Bays Qty: 4",£1500.00,0,0
1729180,dell R250 4x3.5 INCH E-2314 1x16GB 1x2TB HDD H355 3Yr ChBasic NBD,"Processor: Intel
RAM: 16GB
Internal Bays Qty: 4",£1449.97,£170,0
1729181,dell R750xs 8x3.5 INCH 4310 1x32GB 1x480GB SSD H755 3Yr Basic NBD,"Processor: Intel
RAM: 32GB
Internal Bays Qty: 8",£2788.97,£421,0
1731478,Dell EMC PowerEdge R250 Xeon E-2334  - 3.4 GHz 16GB 2TB Rack Server,"Processor: Intel
RAM: 16GB
Internal Bays Qty: 4",£1569.97,£290,0
1731517,"dell EMC PowerEdge R750xs - Server - rack-mountable - 2U - 2-way - 1 x Xeon Gold 5318Y / 2.1 GHz - RAM 32 GB - SAS - hot-swap 3.5"" bays - SSD 480 GB - Matrox G200 - GigE 10 GigE","Processor: Intel
RAM: 32GB
Internal Bays Qty: 8",£4329.00,0,0
1731520,Dell EMC PowerEdge R350 Xeon E-2336  - 2.9 GHz 16GB 480GB Rack Server,"Processor: Intel
RAM: 16GB
Internal Bays Qty: 8",£2032.97,£481,0
1736365,Hewlett Packard HPE ProLiant DL380 Xeon Silver 4314 2.4 GHz 32GB No HDD - Rack Server,"Processor: Intel
RAM: 32GB
Hard drive: 0GB
Internal Bays Qty: 8",£3318.97,£1108,0
1739062,HPE ProLiant DL360 Gen10 Plus Intel Xeon Silver 4309Y - 2.8GHz 32GB No HDD - Rack Server,"Processor: Intel
RAM: 32GB
Hard drive: 0GB
Internal Bays Qty: 8",£2364.97,0,0
1742360,HPE ProLiant DL380 Gen10 Plus Xeon Silver 4309Y - 2.8GHz 32GB No HDD - Rack Server,"Processor: Intel
RAM: 32GB
Hard drive: 0GB
Internal Bays Qty: 8",£2817.97,£722,0
1743627,HPE ProLiant DL380 Gen10 Plus  Xeon Silver 4310 - 2.1GHz 32GB RAM No HDD - Rack Server,"Processor: Intel
RAM: 32GB
Hard drive: 0GB
Internal Bays Qty: 8",£2924.97,£769,0
1744532,HPE ProLiant DL380 Gen10 Xeon Silver 4309Y - 2.8GHz 32GB No HDD- Rack Server,"Processor: Intel
RAM: 32GB
Hard drive: 0GB
Internal Bays Qty: 8",£2282.97,£242,0
1745118,"Hewlett Packard HPE ProLiant DL380 Gen10 Network Choice - Server - rack-mountable - 2U - 2-way - 1 x Xeon Silver 4210R / 2.4 GHz - RAM 32 GB - SAS - hot-swap 2.5"" bays - no HDD - GigE - monitor_","Processor: Intel
RAM: 32GB
Hard drive: 0GB
Internal Bays Qty: 8
Raid Level: RAID 0, RAID 1, RAID 5, RAID 6, RAID 10, RAID 50, RAID 60, RAID 1 ADM, RAID 10 ADM",£2496.00,£153,0
1746239,HPE ProLiant DL380 Gen10 Plus Xeon Gold 5315Y - 3.2GHz 32GB No HDD - Rack Server,"Processor: Intel
RAM: 32GB
Hard drive: 0GB
Internal Bays Qty: 8",£2979.97,£999,0
1749155,HPE ProLiant DL360 Gen10 Xeon Silver 4314 - 2.4GHz 32GB no HDD - Rack Server,"Processor: Intel
RAM: 32GB
Hard drive: 0GB
Internal Bays Qty: 8",£3087.97,£182,0
1749156,HPE ProLiant DL360 Gen10 Xeon-S 4215R - 3.20GHz 32GB RAM No HDD - Rack Server,"Processor: Intel
RAM: 32GB
Hard drive: 0GB
Internal Bays Qty: 8",£2498.97,£757,0
1759505,HPE ProLiant DL360 Gen10 Intel Xeon-S 4208 8-Core 2.10GHz 11MB 32GB 1 x 32GB PC4-2933Y-R RDIMM 8 x Hot Plug 2.5in Small Form Factor SAS/SATA Basic Carrier MR416i-a No Optical 800W 3yr Next Business Da,"Processor: Intel
RAM: 32GB
Hard drive: 0GB
Internal Bays Qty: 8",£2313.97,£253,0
1787379,HPE ProLiant DL360 Gen10 Plus Xeon Silver 4309Y - 2.8GHz 32GB No HDD - Rack Server,"Processor: Intel
RAM: 32GB
Hard drive: 0GB
Internal Bays Qty: 8",£3229.00,£256,0
1858468,HPE Proliant G2 Kitted Advanced Shock Rack - Rack Server,,£5929.97,0,0
1858596,"Lenovo ThinkSystem SR650 V2 7Z73 - Server - rack-mountable - 2U - 2-way - 1 x Xeon Silver 4310 / 2.1 GHz - RAM 32 GB - SAS - hot-swap 2.5"" bays - no HDD - Matrox G200 - no OS ","Processor: Intel
RAM: 32GB
Hard drive: 0GB
Internal Bays Qty: 8
Raid Level: RAID 60",£2052.97,0,0
1858615,"Lenovo ThinkSystem SR630 V2 7Z71 - Server - rack-mountable - 1U - 2-way - 1 x Xeon Silver 4309Y / 2.8 GHz - RAM 32 GB - SAS - hot-swap 2.5"" bays - no HDD - Matrox G200 - no OS -","Processor: Intel
RAM: 32GB
Hard drive: 0GB
Internal Bays Qty: 8
Raid Level: RAID 60",£2002.97,0,0
1858651,"Lenovo ThinkSystem SR630 V2 7Z71 - Server - rack-mountable - 1U - 2-way - 1 x Xeon Silver 4310 / 2.1 GHz - RAM 32 GB - SAS - hot-swap 2.5"" bays - no HDD -  ","Processor: Intel
RAM: 32GB
Hard drive: 0GB
Internal Bays Qty: 8
Raid Level: RAID 60",£2002.97,0,0
1858736,"Lenovo Thinksystem SR630 7X02 - Server - rack -mountable -1U -2-way - 1 x Xeon Silver 4210R / 2.4 GHz - RAM 32 GB - SAS - hot-swap 2.5"" bays - no HDD - G200e - no OS ","Processor: Intel
RAM: 32GB
Hard drive: 0GB
Internal Bays Qty: 8
Raid Level: RAID 60",£1677.97,0,0
1729183,Dell EMC PowerEdge R450 Xeon Silver 4310 - 2.1GHz 16GB 480GB - Rack Server,"Processor: Intel
RAM: 16GB
Internal Bays Qty: 8
Raid Level: 0, 1",£2759.97,£348,0
1730298,Hewlett Packard HPE ProLiant DL20 Gen10 Xeon E-2314 2.8 GHz 8GB No HDD  - Rack Server,"Processor: Intel
RAM: 8GB
Hard drive: 0GB
Internal Bays Qty: 2
Raid Level: RAID 0, RAID 1, RAID 5, RAID 10",£939.97,£173,0
1730744,Dell PowerEdge R550 Xeon Silver 4310  - 2.1 GHz 16GB 480GB Rack Server,"Processor: Intel
RAM: 16GB
Internal Bays Qty: 8",£3088.97,0,0
1730749,Dell PowerEdge R550 Xeon Silver 4309Y - 2.8 GHz 16GB 480GB - Rack Server,"Processor: Intel
RAM: 16GB
Internal Bays Qty: 8",£2833.97,0,0
1730750,Dell PowerEdge R450 Xeon Silver 4309Y  - 2.8 GHz 16GB 480GB Rack Server,"Processor: Intel
RAM: 16GB
Internal Bays Qty: 8",£2622.97,£325,0
1731475,Dell EMC PowerEdge R550 Xeon Silver 4309Y - 2.8 GHz 16GB 480GB Rack Server,"Processor: Intel
RAM: 16GB
Internal Bays Qty: 8",£2973.97,£203,0
1731476,Dell EMC PowerEdge R650xs Xeon Silver 4310  - 2.1 GHz 32GB 480GB Rack Server,"Processor: Intel
RAM: 32GB
Internal Bays Qty: 8",£2599.97,£435,0
1479010,HPE ProLiant DL160 Gen10 Xeon Silver - 2.4GHz 16GB No HDD - Rack Server,"Processor: Intel
RAM: 16GB
Hard drive: 0GB
Internal Bays Qty: 8
Raid Level: RAID 10",£1618.97,£236,0
1481972,"HPE ProLiant DL380 Gen10 Xeon-S 4214R-2.4GHz 32GB 2.5"" No HDD - Rack Server","Processor: Intel
RAM: 32GB
Hard drive: 0GB
Internal Bays Qty: 8
Raid Level: RAID 60",£2314.97,£479,0
1484200,HPE ProLiant DL360 Gen10 Xeon Silver 4210R - 2.4 GHz 16GB No HDD - Rack Server,"Processor: Intel
RAM: 16GB
Hard drive: 0GB
Internal Bays Qty: 8
Raid Level: RAID 10",£2069.97,£316,0
1485438,Fujitsu Primergy RX2540 M5 Xeon Silver 4208 - 2.1GHz 16GB No HDD - Rack Server,"Processor: Intel
RAM: 16GB
Hard drive: 0GB
Internal Bays Qty: 8
Raid Level: RAID 1",£3538.97,0,0
1486173,HPE ProLiant DL360 Gen10 Xeon Silver 4214R - 2.4GHz 32GB No HDD - Rack Server,"Processor: Intel
RAM: 32GB
Hard drive: 0GB
Internal Bays Qty: 8
Raid Level: RAID 10",£2404.97,0,0
1487178,PE ProLiant DL380 Gen10 Intel Xeon-S 4210R 10-Core 2.40GHz 13.75MB 32GB 1 x 32GB PC4-2933Y RDIMM 8 x Hot Plug 2.5in Small Form Factor Smart Carrier Smart Array P408i-a SR NC No Optical 800W 3yr Next B,"Processor: Intel
RAM: 32GB
Hard drive: 0GB
Internal Bays Qty: 8
Raid Level: RAID 0, RAID 1, RAID 5, RAID 6, RAID 10, RAID 50, RAID 60, RAID 1 ADM, RAID 10 ADM",£2108.97,£901,0
1500134,"Hewlett Packard 
HPE ProLiant DL380 Gen10 Intel Xeon-S 4208 8-Core 2.10GHz 11MB 32GB 1 x 32GB PC4-2933Y RDIMM 8 x Hot Plug 2.5in Small Form Factor Smart Carrier Smart Array P408i-a SR NC No Optical 5","Processor: Intel
RAM: 32GB
Hard drive: 0GB
Internal Bays Qty: 8
Raid Level: RAID 60",£2080.00,0,0
1500623,Hewlett Packard HPE ProLiant DL380 Gen10 Intel Xeon-B 3204 6-Core 1.90GHz 8.25MB 16GB 1 x 16GB PC4-2933Y DDR4 RDIMM 8 x Hot Plug 3.5in Large Form Factor Smart Carrier Smart Array S100i NC SATA No Opti,"Processor: Intel
RAM: 16GB
Hard drive: 0GB
Internal Bays Qty: 8
Raid Level: RAID 0, RAID 1, RAID 5, RAID 10",£1613.97,£741,0
1452540,HPE ProLiant DL380 Gen10 Xeon Silver 4210 - 2.2GHz 32GB No HDD - Rack Server,"Processor: Intel
RAM: 32GB
Hard drive: 0GB
Internal Bays Qty: 8
Raid Level: 0,1,5,10",£2849.97,0,0
1460834,HPE ProLiant DL360 Gen10 Xeon Gold 5218 - 2.3GHz 32GB No HDD - Rack Server,"Processor: Intel
RAM: 32GB
Hard drive: 0GB
Internal Bays Qty: 8
Raid Level: RAID 60",£3889.97,0,0
1462094,Hewlett Packard DL380 GEN10 4208 1P 32G NC,"Processor: Intel
RAM: 32GB
Hard drive: 0GB
Internal Bays Qty: 12
Raid Level: RAID 0, RAID 1, RAID 5, RAID 6, RAID 10, RAID 50, RAID 60, RAID 1 ADM, RAID 10 ADM",£2554.97,£1750,0
1428818,HPE ProLiant DL380 Gen10 Xeon Silver 4214 - 2.2GHz 16GB No HDD - Rack Server,"Processor: Intel
RAM: 16GB
Hard drive: 0GB
Internal Bays Qty: 12
Raid Level: 0,1,5,6,10,50,60",£4860.00,0,0
1449171,HPE ProLiant DL360 Gen10 Xeon 4210 - 2.2GHz 16GB No HDD - Rack Server,"Processor: Intel
RAM: 16GB
Hard drive: 0GB
Internal Bays Qty: 8
Raid Level: 0,1,5,6,10,50,60",£2077.97,£262,0
1112958,HPE ProLiant DL360 Gen9 Base Xeon E5-2640v4 - 2.4GHz 16GB No HDD - Rack Server,"Processor: Intel
RAM: 16GB
Hard drive: 0GB
Internal Bays Qty: 8
Raid Level: 0,1,5,6,10,50,60",£2074.97,0,0
1218270,HPE ProLiant DL360 Gen10 Xeon Gold 6130 -  2.1GHz 64GB No HDD - Rack Server,"Processor: Intel
RAM: 64GB
Hard drive: 0GB
Internal Bays Qty: 10
Raid Level: 0,1,5,6,10,50,60",£5734.97,0,0
1524439,Hewlett Packard HPE ProLiant DL380 Xeon Silver 4215R 3.2 GHz 32GB No HDD - Rack Server,"Processor: Intel
RAM: 32GB
Hard drive: 0GB
Internal Bays Qty: 8
Raid Level: RAID 0, RAID 1, RAID 5, RAID 10",£2367.97,£662,0
1527694,HPE DL160 Gen10 Xeon Bronze 3206R - 1.9GHz 16GB No HDD - Rack Server,"Processor: Intel
RAM: 16GB
Hard drive: 0GB
Internal Bays Qty: 4
Raid Level: RAID 5",£1534.97,£173,0
1527695,HPE DL160 Gen10 Xeon 4210R - 2.4GHz 16GB No HDD - Rack Server,"Processor: Intel
RAM: 16GB
Hard drive: 0GB
Internal Bays Qty: 4
Raid Level: 0, 1, 5, 10",£1864.97,£204,0
1527696,HPE DL160 Gen10 Xeon 4210R - 2.4GHz 16GB No HDD - Rack Server,"Processor: Intel
RAM: 16GB
Hard drive: 0GB
Internal Bays Qty: 8
Raid Level: 0, 1, 5, 10",£1799.97,£248,0
1527697,HPE DL160 Gen10 Xeon Gold 5218 2.3GHz 16GB No HDD - Rack Server,"Processor: Intel
RAM: 16GB
Hard drive: 0GB
Internal Bays Qty: 8
Raid Level: RAID 10",£2607.97,£657,0
1527699,Hewlett Packard HPE DL160 Gen10 4214R 1P 16G 8SFF Svr,"Processor: Intel
RAM: 16GB
Hard drive: 0GB
Internal Bays Qty: 8
Raid Level: RAID 5",£2044.97,0,0
1527702,HPE DL180 Gen10 Xeon Silver 4210R - 2.4 GHz 16GB No HDD - Rack Server,"Processor: Intel
RAM: 16GB
Hard drive: 0GB
Internal Bays Qty: 8
Raid Level: RAID 5",£1874.97,£211,0
1527703,HPE DL180 Gen10 Xeon Gold 5218 - 2.3GHz 16GB No HDD - Rack Server,"Processor: Intel
RAM: 16GB
Hard drive: 0GB
Internal Bays Qty: 8",£2779.97,0,0
1527712,HPE DL380 Gen10 5218R 1P 32G NC 8SFF Svr,"Processor: Intel
RAM: 32GB
Hard drive: 0GB
Internal Bays Qty: 8
Raid Level: RAID 0, RAID 1, RAID 5, RAID 10",£2999.97,£474,0
1658237,Dell PowerEdge R450 Xeon Silver 4310 16GB 480GB - Rack Server,"Processor: Intel
RAM: 16GB
Internal Bays Qty: 8
Raid Level: RAID 1",£2200.00,0,0
1449289,HPE ProLiant DL380 Gen10 Xeon Gold 5218 - 2.3GHz 32GB No HDD - Rack Server,"Processor: Intel
RAM: 32GB
Hard drive: 0GB
Internal Bays Qty: 8
Raid Level: 0,1,5,6,10,50,60",£3800.00,0,0
1436300,HPE ProLiant DL160 Gen10 Xeon-S 4110 - 2.1GHz 16GB No HDD - Rack Server,"Processor: Intel
RAM: 16GB
Hard drive: 0GB
Internal Bays Qty: 8
Raid Level: 0,1,5,10",£2702.97,0,0
1445764,HPE ProLiant DL360 Gen10 Xeon-G 5218 - 2.3GHz 32GB No HDD - Rack Server,"Processor: Intel
RAM: 32GB
Hard drive: 0GB
Internal Bays Qty: 8
Raid Level: 0,1,5,6,10,50,60",£2639.97,0,0
1471923,Fujitsu Primergy RX2520 M5 Xeon Silver 4208 - 2.1GHz 16GB No HDD - Rack Server,"Processor: Intel
RAM: 16GB
Hard drive: 0GB
Internal Bays Qty: 8
Raid Level: RAID 1",£2093.97,£1101,0
1241914,HPE DL380 ProLiant Gen10 - No CPU No RAM No HDD - Rack Server ,"RAM: 0GB
Hard drive: 0GB
Internal Bays Qty: 8",£1117.97,0,0
1248216,HPE ProLiant DL360 Gen10 - No CPU No RAM No HDD - Rack Server,"RAM: 0GB
Hard drive: 0GB
Internal Bays Qty: 8",£1139.97,0,0
1323029,HPE DL380 Gen10 - No CPU No RAM No HDD - Rack Server,"RAM: 0GB
Hard drive: 0GB
Internal Bays Qty: 8",£1917.97,0,0
1333206,HPE ProLiant DL325 Gen10 Performance EPYC 7401P - 2GHz 32GB No HDD - Rack Server,"Processor: AMD
RAM: 32GB
Hard drive: 0GB
Internal Bays Qty: 8
Raid Level: 1",£2064.97,0,0
1348599,HPE DL360 Gen10 Xeon Silver 4110 - 2.1GHz 16GB No HDD - Rack Server,"Processor: Intel
RAM: 16GB
Hard drive: 0GB
Internal Bays Qty: 8
Raid Level: RAID 60",£2274.97,0,0
1410829,HPE ProLiant DL180 Gen10 Xeon Bronze 3106 - 1.7GHz 16GB No HDD - Rack Server,"Processor: Intel
RAM: 16GB
Hard drive: 0GB
Internal Bays Qty: 8",£1174.97,0,0
1412865,HPE ProLiant DL360 Gen10 Xeon Bronze 3204 - 1.9GHz 16GB No HDD - Rack Server,"Processor: Intel
RAM: 16GB
Hard drive: 0GB
Internal Bays Qty: 8",£1204.97,0,0
1658240,Dell EMC PowerEdge R450 Xeon Silver 4314 - 2.4GHz 32GB 480GB - Rack Server,"Processor: Intel
RAM: 32GB
Internal Bays Qty: 8",£2729.97,0,0
1658241,Dell EMC PowerEdge R650XS 4314 - 2.4GHz 32GB 480GB - Rack Server,"Processor: Intel
RAM: 32GB
Internal Bays Qty: 8",£2662.97,0,0
1658242,Dell PowerEdge R650XS Xeon Silver 4310 - 2.1GHz 32GB 480GB - Rack Server,"Processor: Intel
RAM: 32GB
Internal Bays Qty: 8",£2704.97,0,0
1658244,Dell PowerEdge R750XS Xeon Gold 5318Y - 2.1GHz 32GB 960GB - Rack Server,"Processor: Intel
RAM: 32GB
Internal Bays Qty: 8",£3477.97,0,0
1658245,Dell EMC PowerEdge R750XS Xeon Silver 4314 - 2.4GHz 32GB 480GB - Rack Server,"Processor: Intel
RAM: 32GB
Internal Bays Qty: 8",£2964.97,0,0
1658247,Dell EMC PowerEdge R750XS 4310 - 2.1GHz 32GB 960GB - Rack Server,"Processor: Intel
RAM: 32GB
Internal Bays Qty: 8",£2824.97,£524,0
1694713,Dell EMC PowerEdge R250 Xeon E-2314 - 2.8GHz 8GB 1TB - Rack Server,"Processor: Intel
RAM: 16GB",£1233.97,0,0
1520283,HPE ProLiant DL380 Gen10  - No CPU 9GB No HDD - Rack Server,"RAM: 0GB
Hard drive: 0GB
Internal Bays Qty: 8",£2672.97,0,0
1694701,Dell EMC PowerEdge T150 Xeon E-2314 - 2.8GHz 8GB 1TB HDD - Tower Server,"Processor: Intel
RAM: 8GB
Hard drive: 1
Internal Bays Qty: 4",£799.97,£129,
1739227,HPE ProLiant ML30 Gen10 Plus Intel Xeon E-2314 Quad-Core 2.80GHz 8MB 16GB 1 x 16GB DDR4 3200AA-E UDIMM 8 x Hot Plug 2.5in Small Form Factor Intel VROC RAID No Optical 500W 3yr Parts 1yr Onsite warrant,"Processor: Intel
RAM: 16GB
Raid Level: RAID 0, RAID 1, RAID 5, RAID 10",£944.97,£325,
1524489,HPE ProLiant ML350 Gen10 Xeon Silver 4208 2.1 GHz 16GB No HDD  - Tower Server,"Processor: Intel
RAM: 16GB
Raid Level: RAID 0, RAID 1, RAID 5, RAID 6, RAID 10, RAID 50, RAID 60, RAID 1 ADM, RAID 10 ADM",£2304.00,£631,
1729169,HPE ProLiant ML30 Gen10 Plus Intel Xeon E-2314 Quad-Core 2.80GHz 8MB 16GB 1 x 16GB DDR4 3200AA-E UDIMM 4 x Non-Hot Plug 3.5in Large Form Factor Intel VROC RAID No Optical 350W 3yr Parts 1yr Onsite war,"Processor: Intel
RAM: 16GB
Raid Level: RAID 10",£759.97,£485,
1836960,HPE ProLiant MicroServer Gen10 Plus v2 Performance 1 Intel Xeon E-2314 2.8GHz 16GB No HDD Ultra Micro Tower,"Processor: Intel
RAM: 16GB
Internal Bays Qty: 4
Raid Level: RAID 0, RAID 1, RAID 5, RAID 10",£844.97,£229,
1522013,HPE ProLiant ML350 Gen10 Xeon-S 4214R 12-Core 2.4GHz 32GB Tower Server,"Processor: Intel
RAM: 32GB
Raid Level: RAID 60",£2769.97,£298,
1729407,HPE ProLiant ML30 Gen10 Plus Intel Xeon E-2314 Quad-Core 2.80GHz 8MB 16GB 1 x 16GB DDR4 3200AA-E UDIMM 4 x Hot Plug 3.5in Large Form Factor Intel VROC RAID No Optical 350W 3yr Parts 1yr Onsite warrant,"Processor: Intel
RAM: 16GB
Raid Level: RAID 0, RAID 1, RAID 5, RAID 10",£789.97,£265,
1730282,Dell PowerEdge T350 Intel Xeon E-2314 2.8GHz 16GB 600GB HDD Tower Server ,"Processor: Intel
RAM: 16GB
Hard drive: 600",£1480.00,0,
1522765,HPE ProLiant ML350 Gen10 Tower Intel Xeon-S 4210R 10-Core 2.40GHz 13.75MB 16GB 1 x 16GB PC4-2933Y-R DDR4 RDIMM 8 x Hot Plug 2.5in Small Form Factor Smart Carrier Smart Array P408i-a SR 800W 3yr Next B,"Processor: Intel
RAM: 16GB
Raid Level: RAID 0, RAID 1, RAID 5, RAID 6, RAID 10, RAID 50, RAID 60, RAID 1 ADM, RAID 10 ADM",£2029.97,£1105,
1509559,HPE ProLiant ML110 Gen10 Xeon Bronze 3206R - 1.9GHz 16GB No HDD - Tower Server,"Processor: Intel
RAM: 16GB
Raid Level: RAID 10",£1144.97,£197,
1694702,Dell EMC PowerEdge T150 Xeon E-2314 - 2.8GHz 16GB 2TB HDD - Tower Server,"Processor: Intel
RAM: 16GB
Hard drive: 2
Internal Bays Qty: 4",£1260.00,0,
1694704,Dell EMC PowerEdge T150 Xeon E-2334 - 3.4GHz 16GB 2TB - Tower Server,"Processor: Intel
RAM: 16GB
Hard drive: 2
Internal Bays Qty: 4",£1269.97,£135,1
1430595,HPE ProLiant ML110 Gen 10 Xeon Silver 4208 - 2.1GHz 16GB No HDD - Tower Server,"Processor: Intel
RAM: 16GB
Raid Level: RAID 10",£1234.97,£183,1
1430850,HPE ProLiant ML350 Gen10 Xeon Silver 4208 - 2.1GHz 16GB No HDD - Tower Server,"Processor: Intel
RAM: 16GB
Raid Level: 0,1,5,10",£1754.97,£450,
1447305,Fujitsu Primergy TX2550 M5 Xeon Silver 4208 - 2.1GHz 16GB No HDD - Tower Server,"Processor: Intel
RAM: 16GB
Raid Level: RAID 10",£2499.97,0,
1464193,HPE ProLiant ML350 Scalable Tower Server Bundle with Windows Server Standard 2019,"Processor: Intel
RAM: 64GB
Hard drive: 3 x 1.2TB HDD & 2 x 240GB SSD
Raid Level: 0,1,5,6,10,50,60",£5749.88,0,
1507594,HPE ProLiant ML110 Gen10 Intel Xeon-S 4210R 10-Core 2.40GHz 13.75MB 16GB 1 x 16GB PC4-2933Y-R DDR4 RDIMM 8 x Hot Plug 2.5in Small Form Factor Smart Array P408i-p SR No Optical 800W 3yr Next Business D,"Processor: Intel
RAM: 16GB
Raid Level: RAID 0, RAID 1, RAID 5, RAID 6, RAID 10, RAID 50, RAID 60, RAID 1 ADM, RAID 10 ADM",£2399.97,£535,
1509555,"Hewlett Packard 
HPE ProLiant ML110 Gen10 Intel Xeon-S 4208 8-Core 2.10GHz 11MB 16GB 1 x 16GB PC4-2933Y-R DDR4 RDIMM 8 x Hot Plug 2.5in Small Form Factor Dynamic Smart Array S100i No Optical 800W 3yr","Processor: Intel
RAM: 16GB
Raid Level: RAID 10",£1474.97,£206,
1694707,Dell EMC PowerEdge T550 Intel Xeon Silver 4309Y - 2.8GHz 16GB 480GB - Tower Server,"Processor: Intel
RAM: 16GB
Raid Level: RAID 1",£2714.97,£392,
1694708,Dell EMC PowerEdge T550 Xeon Silver 4309Y - 2.8GHz 16GB 480GB - Tower Server,"Processor: Intel
RAM: 16GB
Hard drive: 480
Raid Level: RAID 1",£2664.97,£591,
1694709,Dell EMC PowerEdge T550 Xeon Silver 4314 - 2.4GHz 32GB 480GB - Tower Server,"Processor: Intel
RAM: 32GB
Raid Level: RAID 1",£3354.97,£353,
1730319,Dell OptiPlex 3000 Thin Client Pentium Silver N6005 8GB 32GB Tower Server,"Processor: Intel
RAM: 8GB",£449.97,£50,
1730624,Dell PowerEdge T350 Xeon E-2336 - 2.9 GHz 16GB 600GB Tower Server,"Processor: Intel
RAM: 16GB",£1714.97,£319,
1730959,Dell PowerEdge T350 Xeon E-2336 - 2.9 GHz 16GB 480GB Tower Server,"Processor: Intel
RAM: 16GB",£1949.00,0,
1732152,Dell OptiPlex 3000 Thin Client Celeron N5105 8GB 256GB SSD Windows 10 Tower Server,"Processor: Intel
RAM: 8GB",£368.97,£80,
1732153,Dell OptiPlex 3000 Thin Client Celeron N5105 2 GHz 4GB 32GB HDD Tower Server,"Processor: Intel
RAM: 4GB",£429.97,£23,
1860422,LENOVO ThinkSystem ST550 Tower Server ,"Processor: Intel
RAM: 16GB",£1704.97,0,
1527722,HPE ML350 Gen10 Xeon Bronze 3206R - 1.9GHz 16GB No HDD - Tower Server,"Processor: Intel
RAM: 16GB
Raid Level: RAID 10",£1669.97,£269,
1745998,Dell PowerEdge T350 Xeon E-2336  - 2.9 GHz 16GB 480GB Tower Server,"Processor: Intel
RAM: 16GB
Hard drive: 480",£2199.97,£311,
1784895,"Hewlett Packard HPE ProLiant DL20 Gen10 Plus Xeon E-2314 2.8GHz 16GB 2.5"" no HDD Rack-Mountable Server","Processor: Intel
RAM: 16GB
Raid Level: RAID 0, RAID 1, RAID 5, RAID 10",£1103.97,£426,
1818530,Lenovo ThinkSystem ST50 V2 7D8K Xeon E-2324G 3.1 GHz HDD - Tower Server,"Processor: Intel
RAM: 8GB
Internal Bays Qty: 3
Raid Level: JBOD",£469.97,£155,
1869829,"DELL PowerEdge T550 Server
","New chassis design offers higher performance technologies in a quieter, more management-friendly enclosure
Ideal for traditional corporate IT, virtualization, databases and analytics, and AI/ML and inferencing
Enterprise-class tower chassis that provides ease of management and expandability for growth and performance",£9218.40,0,
1520245,HPE ProLiant BL460c Gen10 No CPU 0GB No HDD ,RAM: 0GB,£2298.97,0,
1470528,HPE ProLiant ML30 Gen10 Xeon E-2234 - 3.6GHz 16GB No HDD - Tower Server,"Processor: Intel
RAM: 16GB
Raid Level: 0,1,5,10",£1139.97,£136,
1459981,Hewlett Packard HPE ProLiant ML350 Gen10 Tower Intel Xeon-G 5218 16-Core 2.30GHz 22MB 32GB 1 x 32GB PC4-2933Y-R DDR4 2933MHz RDIMM 8 x Hot Plug 2.5in Small Form Factor Smart Carrier Smart Array P408i-,"Processor: Intel
RAM: 32GB
Raid Level: RAID 1 ADM",£3054.97,0,
1461747,Lenovo ThinkSystem ST50 Xeon E-2144G - 3.6GHz 8GB 2TB - Tower Server,"Processor: Intel
RAM: 8GB
Hard drive: 2
Internal Bays Qty: 4",£1369.97,0,
