Code,Name,Product Information,Price,Saving Price,Review Count
1653388,"Apple iPad 2021 10.2"" Space Grey 64GB Wi-Fi Tablet","Connectivity: WiFi
64GB Storage
3GB RAM
10 hours Run time
1 year warranty",£319.00,£50,0
1690400,"Samsung Galaxy Tab A8 10.5"" Grey 32GB Wi-Fi Tablet","Connectivity: WiFi
32GB Storage
3GB RAM
8 hours Run time
2 year warranty",£169.00,£50,40
1538659,"Alcatel 3T8 2020 8"" Black 32GB 4G Tablet","Connectivity: Wifi & Cellular
32GB Storage
2GB RAM
30hours Run time",£79.00,0,1
1590596,"Lenovo Tab K10 10.3"" Abyss Blue 64GB Wi-Fi Tablet","Connectivity: WiFi
64GB Storage
4GB RAM
22 Hours Run time
1 year warranty",£191.97,£18,0
1589947,"TCL 10 Tab Max 10.36"" Space Grey 32GB 4G Tablet","Connectivity: Wifi & Cellular
64GB Storage
4GB RAM
15 Hours Run time
1 year warranty",£149.00,0,0
1832407,HP Pro x2 612 G2 Core i5 4GB RAM 128GB SSD 12 Inch Windows 10 Pro Convertible Tablet,"Connectivity: Wifi & Cellular
Intel Core i5 I5-7Y54 Processor
Intel HD Graphics 615 Graphics card
128GB Storage
12 Inch 1920 x 1080pixels Screen",£219.97,£30,1
1579021,"Samsung Galaxy Tab A7 Lite 8.7"" Grey 32GB Wi-Fi Tablet","Connectivity: WiFi
32GB Storage
3GB RAM
10 hours Run time
2 year warranty",£112.97,£36,0
1863743,"Refurbished Samsung Galaxy Tab A7 Lite 8.7"" Silver 32GB 4G Wi-Fi Tablet","32GB Storage
3GB RAM
3 Month Warranty",£69.97,£10,0
1699864,"Samsung Galaxy Tab A8 10.5"" Pink Gold 32GB Wi-Fi Tablet","Connectivity: WiFi
32GB Storage
3GB RAM
2 year warranty",£165.97,£53,0
1653389,"Apple iPad 2021 10.2"" Silver 64GB Wi-Fi Tablet","Connectivity: WiFi
64GB Storage
64GB RAM
10 hours Run time
1 year warranty",£324.97,£44,6
1690401,"Samsung Galaxy Tab A8 10.5"" Graphite 32GB 4G Tablet","Connectivity: Wifi & Cellular
32GB Storage
4GB RAM
8 hours Run time
2 year warranty",£219.56,£39,0
1793499,"Samsung Galaxy Tab Active4 Pro 10.1"" Black 128GB 5G Tablet","Connectivity: Wifi & Cellular
128GB Storage
6GB RAM
2 year warranty",£665.97,£83,0
1787294,"Apple iPad 2022 10.9"" Silver 64GB Wi-Fi Tablet","Connectivity: WiFi
64GB Storage
4GB RAM
10hours Run time
1 year warranty",£474.97,0,2
1861395,"Samsung Galaxy Tab S9 11"" Graphite 128GB WiFi Tablet","Connectivity: WiFi
128GB Storage
8GB RAM
10hours Run time
2 year warranty",£767.96,0,0
1731929,"Alcatel 1T7 7"" Black 32GB WiFi Tablet","Connectivity: WiFi
32GB Storage
7hours Run time
1 year warranty",£59.97,£10,0
1822519,"Alcatel 3T10 Smart 2020 10.1"" Black 32GB Cellular Tablet + Free Case ","Connectivity: Wifi & Cellular
32GB Storage
3GB RAM
36hours Run time
1 year warranty",£99.00,0,0
1579028,"Samsung Galaxy Tab A7 Lite 8.7"" Grey 32GB 4G Tablet","Connectivity: Wifi & Cellular
32GB Storage
3GB RAM
10 hours Run time
1 year warranty",£149.97,£62,0
1695732,"Samsung Galaxy Tab A8 10.5"" Graphite 64GB 4G Tablet","Connectivity: Wifi & Cellular
64GB Storage
4GB RAM
2 year warranty",£273.56,£20,0
1510600,"Lenovo Tab M10 FHD Plus 2nd Gen 10.3"" Iron Grey 128GB Cellular Tablet","Connectivity: WiFi
128GB Storage
4GB RAM
7 hours Run time
1 year warranty",£179.00,0,9
1835056,"Lenovo ThinkPad X1 Fold Gen 1 Intel Core i5-L16G7 8GB 512GB SSD 13.3"" OLED Touchsreen Win 10 Pro Tablet","512GB Storage
8GB RAM
10hours Run time
3 year warranty",£549.97,£100,0
1795233,"Microsoft Surface Pro 9 Intel Core i5-1245U 8GB 256GB 13"" Windows 11 Pro - Platinum","256GB Storage
8GB RAM
15.5hours Run time
1-year warranty",£1129.97,£395,0
1410055,"Samsung Galaxy Tab A 2019 10.1"" Black 32GB 4G Tablet ","32GB Storage
2GB RAM
13hours Run time
2 year warranty",£129.97,0,0
1589805,"Lenovo Tab P11 11"" Slate Grey  64GB WiFi Tablet","Connectivity: WiFi
64GB Storage
4GB RAM
15 Hours Run time
1 year warranty",£205.16,0,0
1596261,"Lenovo Tab K10 64GB 10.3"" 4G Tablet - Abyss Blue","Connectivity: Wifi & Cellular
64GB Storage
4GB RAM
22 Hours Run time
1 year warranty",£211.97,£30,1
1602287,"Refurbished Lenovo Tab M10+ 10.3"" Grey 32GB Wi-Fi Tablet","32GB Storage
2GB RAM
9hours Run time
3 Month Warranty",£99.97,£68,0
1653411,"Apple iPad Mini 6 2021 8.3"" Starlight 256GB Cellular Tablet","Connectivity: Wifi & Cellular
256GB Storage
4GB RAM
10 hours Run time
1 year warranty",£899.97,0,0
1714692,"Apple iPad Air 5th Gen 2022 10.9"" Space Grey 64GB Cellular Tablet","Connectivity: Wifi & Cellular
64GB Storage
8GB RAM
10hours Run time
1 year warranty",£782.97,£66,0
1653390,"Apple iPad 2021 10.2"" Space Grey 256GB Wi-Fi Tablet","Connectivity: WiFi
256GB Storage
3GB RAM
10 hours Run time
1 year warranty",£499.97,£49,12
1497649,"Lenovo Tab M10 FHD Plus 10.3"" Grey 128GB WiFi Tablet","Connectivity: Wifi & Cellular
128GB Storage
4GB RAM
9 hours Run time
1 year warranty",£199.16,£37,2
1579033,"Samsung Galaxy Tab A7 Lite 8.7"" Silver 32GB 4G Tablet","Connectivity: Wifi & Cellular
32GB Storage
3GB RAM
10 hours Run time
2 year warranty",£134.97,£59,0
1787274,"Apple iPad Pro 2022 12.9"" Space Grey 128GB Wi-Fi Tablet","Connectivity: WiFi
128GB Storage
8GB RAM
10hours Run time
1 year warranty",£1209.97,0,0
1863752,"Refurbished Samsung Galaxy Tab A8 10.5"" Grey 2021 32GB Wi-Fi Tablet","Connectivity: Wifi & Cellular
32GB Storage
3GB RAM
10hours Run time
3 Month Warranty",£129.97,£20,0
1863745,"Refurbished Samsung Galaxy Tab A8 10.5"" Silver 2021 32GB Wi-Fi Tablet","32GB Storage
3GB RAM
10hours Run time
3 Month Warranty",£149.97,£10,0
1861393,"Samsung Galaxy Tab S9 11"" Graphite 128GB 5G Tablet","Connectivity: Wifi & Cellular
128GB Storage
8GB RAM
10hours Run time
2 year warranty",£799.97,£150,0
1787268,"Apple iPad Pro 2022 11"" Space Grey 512GB Cellular Tablet","Connectivity: Wifi & Cellular
512GB Storage
8GB RAM
10hours Run time
1 year warranty",£1389.97,0,0
1787295,"Apple iPad 2022 10.9"" Blue 64GB Wi-Fi Tablet","Connectivity: WiFi
64GB Storage
4GB RAM
10hours Run time
1 year warranty",£484.97,0,1
1787302,"Apple iPad 2022 10.9"" Silver 64GB Cellular Tablet","Connectivity: Wifi & Cellular
64GB Storage
4GB RAM
10hours Run time
1 year warranty",£659.97,0,0
1795241,Microsoft Surface Pro 9 Intel Core i5-1245U 16GB 256GB 13 Inch Windows 11 Pro  - Platinum,"16GB RAM
15.5hours Run time
1-year warranty",£1149.97,£330,0
1795484,Microsoft Surface Pro 9 Intel Core i7-1265U 16GB 256GB 13 Inch Windows 11 Pro - Platinum,"16GB RAM
15.5hours Run time
1-year warranty",£1269.97,£420,0
1796460,"Doro Tablet 10.4"" Graphite 32GB WiFi Tablet","Connectivity: WiFi
32GB Storage
4GB RAM
2 year warranty",£227.97,£71,0
1574068,"Apple iPad Pro 2021 12.9"" Space Grey 128GB 12.9"" Cellular Tablet","Connectivity: Wifi & Cellular
128GB Storage
8GB RAM
10hours Run time
1 year warranty",£984.97,£140,13
1653396,"Apple iPad Mini 6 2021 8.3"" Space Grey 64GB Wi-Fi Tablet","Connectivity: WiFi
64GB Storage
4GB RAM
10 hours Run time
1 year warranty",£549.97,0,0
1714696,"Apple iPad Air 5th Gen 2022 10.9"" Purple 256GB Cellular Tablet","Connectivity: Wifi & Cellular
256GB Storage
8GB RAM
10hours Run time
1 year warranty",£979.97,0,0
1705487,"TCL TAB 10 10.1"" Dark Grey 32GB 4G Tablet","Connectivity: Wifi & Cellular
32GB Storage
2GB RAM
2 year warranty",£139.97,0,0
1653392,"Apple iPad 2021 10.2"" Space Grey 64GB Cellular Tablet","Connectivity: Wifi & Cellular
64GB Storage
3GB RAM
1 year warranty",£459.97,£59,0
1653393,"Apple iPad 2021 10.2"" Sliver 64GB Cellular Tablet","Connectivity: Wifi & Cellular
64GB Storage
3GB RAM
10 hours Run time
1 year warranty",£459.97,£59,0
1670167,Microsoft Surface Pro 8 Intel Core i5-1145G7 16GB 256GB 13'' Windows 11 Pro - Platinum,"Connectivity: Wifi & Cellular
256GB Storage
16GB RAM
16hours Run time
1-year warranty",£1422.97,£113,0
1787289,"Apple iPad Pro 2022 12.9"" Silver 512GB Cellular Tablet","Connectivity: Wifi & Cellular
512GB Storage
8GB RAM
10hours Run time
1-year warranty",£1724.97,0,0
1526987,"Samsung Galaxy Tab Active 3 8"" Black 64GB LTE Tablet","Connectivity: Wifi & Cellular
64GB Storage
4GB RAM
11 hours Run time
2 year warranty",£359.00,£120,0
1579022,"Samsung Galaxy Tab A7 Lite 8.7"" Silver 32GB Wi-Fi Tablet","Connectivity: WiFi
32GB Storage
3GB RAM
10 hours Run time
1 year warranty",£141.56,£10,0
1714694,"Apple iPad Air 5th Gen 2022 10.9"" Space Grey 256GB Cellular Tablet","Connectivity: Wifi & Cellular
256GB Storage
8GB RAM
10hours Run time
1 year warranty",£994.97,0,0
1701369,"Refurbished Samsung Galaxy Tab S7 FE 12.4"" Mystic Black 64GB Wi-Fi Tablet","Connectivity: WiFi
64GB Storage
4GB RAM
13hours Run time
3 Month Warranty",£419.97,£77,0
1705486,"TCL Tab 10L 10.1"" Black 32GB Wi-Fi Tablet","Connectivity: WiFi
32GB Storage
195hours Run time
1 year",£91.97,£8,0
1670167,Microsoft Surface Pro 8 Intel Core i5-1145G7 16GB 256GB 13'' Windows 11 Pro - Platinum,"Connectivity: Wifi & Cellular
256GB Storage
16GB RAM
16hours Run time
1-year warranty",£1422.97,£113,0
1851076,"Refurbished Microsoft Surface Pro X 13"" Black 256GB Wi-Fi Tablet","Connectivity: Wifi & Cellular
256GB Storage
16GB RAM
15hours Run time
3 Month Warranty",£499.97,£30,0
1861405,"Samsung Galaxy Tab S9 Ultra 14.6"" Beige 256GB 5G Tablet","Connectivity: Wifi & Cellular
256GB Storage
12GB RAM
16hours Run time
2 year warranty",£1339.97,0,0
1863744,"Refurbished Samsung Galaxy Tab A8 10.5"" Grey 2021 32GB Wi-Fi Tablet","Connectivity: WiFi
32GB Storage
3GB RAM
10hours Run time
3 Month Warranty",£149.97,£10,0
1861409,"Samsung Galaxy Tab S9 Ultra 14.6"" Graphite 256GB 5G Tablet","Connectivity: Wifi & Cellular
256GB Storage
12GB RAM
16hours Run time
2 year warranty",£1348.97,0,0
1868142,"Refurbished Microsoft Surface Pro 8 13"" Silver 128GB Wi-Fi Tablet","Connectivity: WiFi
128GB Storage
8GB RAM
16hours Run time
3 Month Warranty",£579.97,0,0
1865007,"Refurbished Microsoft Surface Pro 9 13"" Platinum 256GB Wi-Fi Tablet","Connectivity: WiFi & Bluetooth
256GB Storage
8GB RAM
3 Month Warranty",£859.97,0,0
1865446,"Refurbished Samsung Tab S7 FE 12.4"" Mystic Pink 128GB 5G Wi-Fi Tablet","Connectivity: WiFi
128GB Storage
4GB RAM
3 Month Warranty",£429.97,0,0
1866950,"Refurbished Samsung Galaxy Tab S6 Lite 10.4"" Oxford Grey 128GB Wi-Fi Tablet","Connectivity: WiFi
128GB Storage
4GB RAM
14hours Run time
3 Month Warranty",£334.97,£25,0
1867435,"Refurbished Microsoft Surface Pro 9 13"" Graphite 256GB WiFi Tablet","16GB RAM
15.5hours Run time
3 Month Warranty",£1452.57,£236,0
1867981,"Refurbished Lenovo Tab M7 3rd Gen 7"" Iron Grey 32GB Wi-Fi Tablet","Connectivity: WiFi & Bluetooth
128GB Storage
2GB RAM
10hours Run time
3 Month Warranty",£79.97,0,0
1863750,"Refurbished Samsung Galaxy Tab S8 Ultra 14.6"" Black 128GB 5G Wi-Fi Tablet","Connectivity: Wifi & Cellular
128GB Storage
8GB RAM
3 Month Warranty",£679.97,0,0
1861408,"Samsung Galaxy Tab S9 Ultra 14.6"" Beige 512GB WiFi Tablet","Connectivity: WiFi
512GB Storage
12GB RAM
16hours Run time
2 year warranty",£1247.97,0,0
1670180,Microsoft Surface Pro 8 256GB 13'' Tablet Platinum,"256GB Storage
8GB RAM
16hours Run time
1 year",£1269.97,0,0
1670182,Microsoft Surface Pro 8 256GB 13'' Tablet - Platinum,"8GB RAM
16hours Run time
1-year warranty",£1224.97,£107,0
1700055,"Samsung Galaxy Tab A8 10.5"" Pink Gold 32GB 4G Tablet","Connectivity: Wifi & Cellular
32GB Storage
3GB RAM
8 hours Run time
2 year warranty",£247.16,0,0
1694375,"Samsung Galaxy Tab A8 10.5"" Silver 32GB Wi-Fi Tablet","Connectivity: WiFi
32GB Storage
3GB RAM
8 hours Run time
2 year warranty",£208.76,0,0
1694670,"Refurbished Microsoft Surface Go 3 10.5"" Platinum 64GB Wi-Fi Tablet","Connectivity: WiFi
64GB Storage
4GB RAM
11hours Run time
3 Month Warranty",£229.97,0,0
1661588,"Microsoft Surface Go 3 128GB 10.5"" Tablet - Platinum","128GB Storage
8GB RAM
11 hours Run time
1 year warranty",£499.97,0,0
1666573,"Samsung Galaxy Tab S7 FE 12.4"" Silver 128GB Wi-Fi Tablet","Connectivity: WiFi
128GB Storage
6GB RAM
13hours Run time
2-year warranty",£624.97,0,0
1653405,"Apple iPad Mini 6 8.3"" 2021 Pink 64GB Cellular Tablet","Connectivity: Wifi & Cellular
64GB Storage
4GB RAM
10 hours Run time
1 year warranty",£724.97,£49,0
1653407,"Apple iPad Mini 6 2021 8.3"" Starlight 64GB Cellular Tablet","Connectivity: Wifi & Cellular
64GB Storage
4GB RAM
10 hours Run time
1 year warranty",£724.97,£44,0
1714693,"Apple iPad Air 5th Gen 2022 10.9"" Starlight 64GB Cellular Tablet","Connectivity: Wifi & Cellular
64GB Storage
8GB RAM
10hours Run time
1 year warranty",£819.97,0,0
1715673,"Apple iPad Air 5th Gen 2022 10.9"" Purple 64GB Cellular Tablet","Connectivity: Wifi & Cellular
64GB Storage
8GB RAM
10hours Run time
1 year warranty",£819.97,0,0
1716304,"Apple iPad Air 5th Gen 2022 10.9"" Starlight 256GB Cellular Tablet","Connectivity: Wifi & Cellular
256GB Storage
8GB RAM
10hours Run time
1 year warranty",£994.97,0,0
1717720,"Apple iPad Air 5th Gen 2022 10.9"" Pink 64GB Cellular Tablet","Connectivity: Wifi & Cellular
64GB Storage
8GB RAM
10hours Run time
1 year warranty",£819.97,0,0
1718453,"Apple iPad Air 5th Gen 2022 10.9"" Blue 64GB Cellular Tablet","Connectivity: Wifi & Cellular
64GB Storage
8GB RAM
10hours Run time
1 year warranty",£819.97,0,0
1287263,"Lenovo Miix 320 Atom x5-Z8350 4GB 128GB 10.1"" Tablet","Connectivity: WiFi
128GB Storage
4GB RAM
10hours Run time
1 year warranty",£269.97,0,0
1574048,"Apple iPad Pro 2021 11"" Space Grey 128GB Cellular Tablet","Connectivity: Wifi & Cellular
128GB Storage
8GB RAM
10 hours Run time
1 year warranty",£839.97,0,0
1435933,"Samsung Galaxy Tab A 2019 8"" Black 32GB 4G Tablet ","Connectivity: Wifi & Cellular
32GB Storage
2GB RAM
2 year warranty",£129.97,0,0
1488749,"Refurbished Lenovo Tab M8 MediaTek Helio A22 8"" Iron Grey 32GB Wifi Tablet","Connectivity: WiFi
32GB Storage
2GB RAM
18hours Run time
3 Month Warranty",£99.97,£19,0
1494278,"Huawei MatePad T8 8"" DeepSea Blue 16GB WiFi Tablet","Connectivity: WiFi
16GB Storage
2GB RAM
12hours Run time
1 year warranty",£89.00,£10,0
1653398,"Apple iPad Mini 6 2021 8.3"" Purple 64GB Wi-Fi Tablet","Connectivity: WiFi
64GB Storage
4GB RAM
10 hours Run time
1 year warranty",£549.97,£38,8
1653401,"Apple iPad Mini 6 2021 8.3"" Pink 256GB Wi-Fi Tablet","Connectivity: WiFi
256GB Storage
4GB RAM
10 hours Run time
1 year warranty",£724.97,£49,0
1653402,"Apple iPad Mini 6 2021 8.3"" Purple 256GB Wi-Fi Tablet","Connectivity: WiFi
256GB Storage
4GB RAM
10 hours Run time
1 year warranty",£724.97,£49,2
1653403,"Apple iPad Mini 6 2021 8.3"" Starlight 256GB Wi-Fi Tablet","Connectivity: WiFi
256GB Storage
4GB RAM
10 hours Run time
1 year warranty",£724.97,0,0
1783515,"Refurbished Samsung Galaxy Tab A8 10.5"" Pink Gold 64GB Wi-Fi Tablet","Connectivity: WiFi
64GB Storage
4GB RAM
3 Month Warranty",£169.97,£75,0
1783522,"Refurbished Samsung Galaxy Tab S8+ 12.4"" Graphite 128GB 5G Wi-Fi Tablet","Connectivity: Wifi & Cellular
128GB Storage
8GB RAM
3 Month Warranty",£599.97,£810,0
1783524,"Refurbished Samsung Galaxy Tab S8+ 12.4"" Graphite 256GB 5G Wi-Fi Tablet","Connectivity: WiFi
256GB Storage
8GB RAM
13hours Run time
3 Month Warranty",£699.97,£435,0
1780044,"Refurbished Samsung Galaxy Tab S8 11"" Pink Gold 128GB Wi-Fi Tablet","Connectivity: WiFi
128GB Storage
8GB RAM
15hours Run time
3 Month Warranty",£439.97,£270,0
1780046,"Refurbished Samsung Galaxy Tab S8 11"" Graphite 256GB Wi-Fi Tablet","Connectivity: WiFi
256GB Storage
8GB RAM
15hours Run time
3 Month Warranty",£469.97,£323,0
1780056,"Refurbished Samsung Galaxy S8 Ultra 14.6"" Graphite 128GB Wi-Fi Tablet","Connectivity: WiFi
128GB Storage
8GB RAM
14hours Run time
3 Month Warranty",£629.97,£485,0
1780058,"Refurbished Samsung Galaxy S8 Ultra 14.6"" Graphite 512GB 5G Wi-Fi Tablet","Connectivity: WiFi
512GB Storage
8GB RAM
14hours Run time
3 Month Warranty",£839.97,£602,0
1787267,"Apple iPad Pro 2022 11"" Silver 256GB Cellular Tablet","Connectivity: Wifi & Cellular
256GB Storage
8GB RAM
10hours Run time
1 year warranty",£1159.97,0,0
1732232,"Samsung Galaxy Tab A8 10.5"" Silver 64GB 4G Tablet","Connectivity: Wifi & Cellular
64GB Storage
4GB RAM
8 hours Run time
2 year warranty",£286.97,0,0
1780037,"Refurbished Samsung Galaxy S6 Lite 10.4"" Angora Blue 128GB Wi-Fi Tablet","Connectivity: WiFi
128GB Storage
4GB RAM
7hours Run time
3 Month Warranty",£249.97,£100,0
1787269,"Apple iPad Pro 2022 11"" Silver 512GB Cellular Tablet","Connectivity: Wifi & Cellular
512GB Storage
8GB RAM
10hours Run time
1 year warranty",£1384.97,0,0
1787273,"Apple iPad Pro 2022 11"" Silver 2TB Cellular Tablet","Connectivity: Wifi & Cellular
2TB Storage
16GB RAM
10hours Run time
1 year warranty",£2254.97,0,0
1787275,"Apple iPad Pro 2022 12.9"" Silver 128GB Wi-Fi Tablet","Connectivity: WiFi
128GB Storage
8GB RAM
10hours Run time
1-year warranty",£1209.97,0,0
1787276,"Apple iPad Pro 2022 12.9"" Space Grey 256GB Wi-Fi Tablet","Connectivity: WiFi
256GB Storage
8GB RAM
10hours Run time
1-year warranty",£1324.97,0,0
1787307,"Apple iPad 2022 10.9"" Blue 256GB Cellular Tablet","Connectivity: Wifi & Cellular
256GB Storage
4GB RAM
10hours Run time
1 year warranty",£834.97,0,0
1787308,"Apple iPad 2022 10.9"" Yellow 256GB Cellular Tablet","Connectivity: Wifi & Cellular
256GB Storage
4GB RAM
10hours Run time
1 year warranty",£829.97,0,0
1787309,"Apple iPad 2022 10.9"" Pink 256GB Cellular Tablet","Connectivity: Wifi & Cellular
256GB Storage
4GB RAM
10hours Run time
1 year warranty",£779.97,£80,0
1787299,"Apple iPad 2022 10.9"" Blue 256GB Wi-Fi Tablet","Connectivity: WiFi
256GB Storage
4GB RAM
10hours Run time
1 year warranty",£659.97,0,1
1787300,"Apple iPad 2022 10.9"" Yellow 256GB Wi-Fi Tablet","Connectivity: WiFi
256GB Storage
4GB RAM
10hours Run time
1 year warranty",£659.97,0,0
1787301,"Apple iPad 2022 10.9"" Pink 256GB Wi-Fi Tablet","Connectivity: WiFi
256GB Storage
4GB RAM
10hours Run time
1 year warranty",£659.97,0,0
1787278,"Apple iPad Pro 2022 12.9"" Space Grey 512GB Wi-Fi Tablet","Connectivity: WiFi
512GB Storage
8GB RAM
10hours Run time
1-year warranty",£1549.97,0,0
1787280,"Apple iPad Pro 2022 12.9"" Space Grey 1TB Wi-Fi Tablet","Connectivity: WiFi
1TB Storage
8GB RAM
10hours Run time
1-year warranty",£1989.97,0,0
1787285,"Apple iPad Pro 2022 12.9"" Silver 128GB Cellular Tablet","Connectivity: Wifi & Cellular
128GB Storage
8GB RAM
10hours Run time
1-year warranty",£1384.97,0,0
1787286,"Apple iPad Pro 2022 12.9"" Space Grey 256GB Cellular Tablet","Connectivity: Wifi & Cellular
256GB Storage
8GB RAM
10hours Run time
1-year warranty",£1499.97,£91,0
1787287,"Apple iPad Pro 2022 12.9"" Silver 256GB Cellular Tablet","Connectivity: Wifi & Cellular
256GB Storage
8GB RAM
10hours Run time
1-year warranty",£1499.97,0,0
1787296,"Apple iPad 2022 10.9"" Yellow 64GB Wi-Fi Tablet","Connectivity: WiFi
64GB Storage
4GB RAM
10hours Run time
1 year warranty",£484.97,0,1
1787297,"Apple iPad 2022 10.9"" Pink 64GB Wi-Fi Tablet","Connectivity: WiFi
64GB Storage
4GB RAM
10hours Run time
1 year warranty",£484.97,0,1
1795232,"Microsoft Surface Pro 9 Intel Core i5-1245U 8GB 128GB 13"" Windows 10 - Platinum","128GB Storage
8GB RAM
15.5hours Run time
1-year warranty",£1079.97,0,0
1787303,"Apple iPad 2022 10.9"" Blue 64GB Cellular Tablet","Connectivity: Wifi & Cellular
64GB Storage
4GB RAM
10hours Run time
1 year warranty",£659.97,0,0
1787305,"Apple iPad 2022 10.9"" Pink 64GB Cellular Tablet","Connectivity: Wifi & Cellular
64GB Storage
4GB RAM
10hours Run time
1 year warranty",£659.97,0,0
1795235,"Microsoft Surface Pro 9 Intel Core i5-1245U 8GB 256GB 13"" Windows 10 Pro - Platinum","8GB RAM
15.5hours Run time
1-year warranty",£1215.97,0,0
1795237,"Microsoft Surface Pro 9 Intel Core i5-1245U 8GB 512GB 13"" Windows 11 Pro - Platinum","8GB RAM
15.5hours Run time
1-year warranty",£1465.97,0,0
1795240,"Microsoft Surface Pro 9 Intel Core i5-1245U 8GB 512GB 13"" Windows 10 Pro  - Graphite","8GB RAM
15.5hours Run time
1-year warranty",£1528.97,0,0
1795493,"Microsoft Surface Pro 9 Intel Core i7-1255U 16GB 512GB 13"" Windows 10  - Platinum","16GB RAM
15.5hours Run time
1-year warranty",£1987.97,0,0
1795531,"Microsoft Surface Pro 9 Intel Core i7-1265U 16GB 1TB 13"" Windows 11 Pro  - Platinum","16GB RAM
15.5hours Run time
1-year warranty",£2290.97,0,0
1795541,"Microsoft Surface Pro 9 Intel Core i7-1265U 16GB 1TB 13"" Windows 10  - Platinum","16GB RAM
15.5hours Run time
1-year warranty",£2305.97,0,0
1795551,"Microsoft Surface Pro 9 Intel Core i7 1265U 32GB 1TB 13"" Windows 11 Pro - Platinum","32GB RAM
15.5hours Run time
1-year warranty",£2692.97,0,0
1795243,"Microsoft Surface Pro 9 Intel Core i5-1245U 16GB 256GB 13"" Windows 10  - Platinum","16GB RAM
15.5hours Run time
1-year warranty",£1530.97,0,0
1831470,"Refurbished Apple iPad Air 2022 10.9"" Pink 256GB 4G + Wi-Fi Tablet","Connectivity: Wifi & Cellular
256GB Storage
8GB RAM
10hours Run time
3 Month Warranty",£664.97,£330,0
1831476,"Refurbished Apple iPad 2021 10.2"" Silver 256GB 4G + Wi-Fi Tablet","Connectivity: Wifi & Cellular
64GB Storage
3GB RAM
9hours Run time
3 Month Warranty",£439.97,£130,0
1831497,"Refurbished Apple iPad Air 2022 10.9"" Blue 256GB 4G + Wi-Fi Tablet","Connectivity: Wifi & Cellular
256GB Storage
8GB RAM
10hours Run time
3 Month Warranty",£659.97,£340,0
1831508,"Refurbished Apple iPad Pro 2022 11"" Silver 1TB 4G + Wi-Fi Tablet","Connectivity: Wifi & Cellular
1TB Storage
16GB RAM
10hours Run time
3 Month Warranty",£1199.97,£620,0
1831644,"Refurbished Microsoft Surface Pro 9 13"" Graphite 512GB Wifi Tablet","Connectivity: WiFi
512GB Storage
8GB RAM
15.5hours Run time
3 Month Warranty",£955.46,£517,1
1795486,Microsoft Surface Pro 9 Intel Core i7-1265U 16GB 256GB 13 Inch Windows 10 Pro  - Platinum,"16GB RAM
15.5hours Run time
1-year warranty",£1569.97,£140,0
1795487,"Microsoft Surface Pro 9 Intel Core i7-1265U 16GB 256GB 13"" Windows 10 Pro  - Graphite","16GB RAM
15.5hours Run time
1-year warranty",£1712.97,0,0
1795567,"Microsoft Surface Pro 9 Qualcomm Adreno 8CX 8GB 128GB 13"" Windows 11 Home  - Platinum","8GB RAM
19hours Run time
1-year warranty",£1365.97,0,0
1795581,"MICROSOFT Surface Pro 9 Qualcomm Adreno 8CX 8GB 256GB 13"" Windows 11 Home  - Platinum
","8GB RAM
19hours Run time
1-year warranty",£1475.97,0,0
1796459,"Doro Tablet 10.4"" Forest 32GB WiFi Tablet","Connectivity: WiFi
32GB Storage
4GB RAM
2 year warranty",£239.97,£59,0
1800573,"Samsung Galaxy Tab S6 Lite 2022 10.4"" Oxford Grey 64GB 4G Tablet","4GB RAM
15hours Run time
2-year warranty",£339.97,£109,0
1817860,"Refurbished Microsoft Surface Pro 7 12.3"" Platinum 512GB WiFi Tablet","Connectivity: WiFi
512GB Storage
16GB RAM
10.5hours Run time
3 Month Warranty",£796.21,£704,0
1836768,"Refurbished Apple iPad Air 2022 10.9"" Blue 256GB 4G + Wi-Fi Tablet","Connectivity: Wifi & Cellular
256GB Storage
8GB RAM
10hours Run time
3 Month Warranty",£599.97,£400,0
1579054,"Samsung Galaxy Tab S7 FE 12.4"" Pink 64GB 5G Tablet","Connectivity: Wifi & Cellular
64GB Storage
4GB RAM
13 Hours Run time
2 year warranty",£614.97,£101,0
1287263,"Lenovo Miix 320 Atom x5-Z8350 4GB 128GB 10.1"" Tablet","Connectivity: WiFi
128GB Storage
4GB RAM
10hours Run time
1 year warranty",£269.97,0,0
