userComments
"Hi all, I want to buy a pixel 5 but never used android coming from iOS but love the size and spec however, I notice that most shops are completely out! Is it because there are problems with this device? Has it been recalled? Sorry for asking but wanted to double check as the 4a is still available in all shops. I’d be grateful if someone knows or could let me know if they have had any experience. Thank you in advance "
"Mm, 20 May 2021Because the storage bus lane can be fully dedicated to internal storage, increasing overall pe... moreWhat is a memory bus lane"
"--voltaire9, 26 Apr 2021What on earth does having no SD card compatibility have to do with performance???Because the storage bus lane can be fully dedicated to internal storage, increasing overall performance, and reducing battery consumption, "
"Third, 13 Jan 2021What does it mean on OS/ Software? 3 yrs of OS and security updates?It means the Pixel 5 will get updated until Android 14 in 2023."
"Anonymous, 22 Apr 2021For the guys wondering how’s pixel 5 performs well because no bloated skin, no sd card, no dua... moreWhat on earth does having no SD card compatibility have to do with performance???"
"For the guys wondering how’s pixel 5 performs well because no bloated skin, no sd card, no dual sim and no gimmicks features focus in performance even with mid range hardware."
"Anonymous, 29 Dec 2020Given the $700 price tag of the flagship google pixel 5
It's disappointing that it lacks... moreYou should stick with your Nokia phones lol."
"Pixel 5 are remain the best android phone when it comes to symmetric even better than latest S21s, but build quality and hardware wise meh."
"flagshipper, 09 Mar 2021wow... so small device with wireless charging and also some screen freq boost..easily rootable... morethe CPU is a lower-end one than the 800 family, but it most definitely is NOT ""ultraslow"". I know, I have the Pixel 5, and the CPU (and RAM) are quite speedy. More than I thought."
"wow... so small device with wireless charging and also some screen freq boost..easily rootable, quite decent battery, super LIGHT? sounds great! but then it goes downhill: ultraslow cpu taking you many flagship iterations back, no sd card, older usb, older ufs, fingerprint in the worst location possible, no jack, no notif light, slow charging, no wifi 6, no dual sim............ and this goes for a sky high price:/ this should cost "
Where can i find the blue wallpaper used in the software and performance section
"Google also needs to bring back HDR+ enhanced. Night Sight takes up to approximately 6.5 seconds (without counting the processing time) (proof: see Engadget's Pixel 5 youtube review at 11:45 , I have measured the duration), by the way, that's also the case with the Pixel 3a. 
HDR+ enhanced is a fast Night Sight mode and only takes up to 2.5 seconds, if you don't zoom. Instead of an exposure time of 1/2-1s per frame, it chooses 1/5s per frame, so you get nearly always sharp photos with HDR+ enhanced whereas Night Sight often leads to slightly blurry = worse photos or you need to take the photo again, then it's basically 13s vs 2.5s (actually even more than 2x6.5s=13s because you have to check whether the image is blurry). So Google really needs to bring back HDR+ enhanced, which can nearly always produce as bright photos as Night Sight, if you use exposure compensation. Apple's night mode only takes 1-3s."
"I hope that when the Pixel 6 is released, Google finally stops to spread lies. When the Pixel 3 was released, they said that their super resolution zoom was comparable with 2x optical zoom. It was a lie. In perfect light conditions without shadows it's even not as good as 1.1x optical zoom because there is basically no advantage at all (I have a Pixel 3a). 
When the Pixel 4 was released, they said that their zoom was comparable with 3x optical zoom. Again a lie. One can even show (mathematically and based on tests with Bayer cameras) that due to diffraction, that's physically impossible, if ""optical zoom"" is meant to be a sharp optical zoom."
The dual sim (with e-sim) would be preferred 
"mnov5534, 05 Jan 2021Are you kidding? The headphone jack is gone, yes I'd love to have it also, but let's... moreYes, let's all take this guys sole experience on using microsd cards in regards to using them or not."
"Help I have been going crazy the last few days youtubing googling night and day.  I currently have the huawei p20 pro which in good lighting takes very good pics.  Now I love the pics im seeing from the pixel 5: the depth and contrast of colours.(I did notice the selfie is a abit of a let down compared to its rear camera. However from looking at video's of pixel look 50/50 some look grainy/and loss of quality.  I do take pics more, but I still want the option to take good videos too.  Now i did narrow my choice to pixel 5 vs iphone 12pro.  i prefer pics taken by pixel but videos am i going to regret having poor quality videos?? or can the pixel match the iphone. Im tired of youtubing there's so many reviews that are blantenly biased.  Now to confuse things furthermore i don't mind considering the oppo x2find pro.  
I'm after a wow camera if there is a thing i mainly take pics of the kids and my cat (if that helps)-with google play services.  Out of the three I have mentioned has anyone outthere tested all 3?  
It don't help during lockdown that I cant go out and test a handet.   
Any suggestions will be appreciated!"
"Third, 13 Jan 2021What does it mean on OS/ Software? 3 yrs of OS and security updates?Infact i want to ask same question"
What does it mean on OS/ Software? 3 yrs of OS and security updates?
Is it a good enough phone to play free fire or PUBG? want to take this phone for photography and office mail follow up
"Anonymous, 29 Dec 2020Given the $700 price tag of the flagship google pixel 5
It's disappointing that it lacks... moreAre you kidding? The headphone jack is gone, yes I'd love to have it also, but let's face it, you won't be seeing many phones with it any more.
 
Expandable storage? No Pixel had ever had it. Honestly microSD cards are slow and prone to failure. Last time I used one was with my S5 which had 16GB storage. 
 
And you want a bigger battery? Pixel 5 had the biggest battery of any pixel and as a heavy user I'm happy with the battery life / size weight of the device.
 
Some people just want miracles and no matter what they put in a phone, someone will always want more and for a lower price. If anything I would say they got the features right, would be nice if they spent a bit more on build quality and refinement. "
"Given the $700 price tag of the flagship google pixel 5 
It's disappointing that it lacks a headphone jack and 
A micro SD slot to increase storage and also it's 
4080mAH battery should have been at least 5500 mAH 
Given it's $700 price tag."
"Austin, 29 Nov 2020Can someone please comment on the phone's primary speaker to make phone calls? Is it good... moreNo worries it's fine! I was really scared about this cause people write all sorts of things online but in reality it just works and I didn't feel annoyed or felt the quality of my calls was suffering whatsoever. It's different, yes, but it certainly isn't the worst thing that happened on planet earth as people tend to write. People exaggerate and create drama for no reason. "
"Is  this a step forward or backwards? But I do like the new design. And with the 765g the 🔋 power has vastly improved. In a world of HUGE phones the 6.0in is a bit refreshing, compact & lightweight. The only downside is that under display 🔊. Block the bottom one and the other sounds tinny, muffled & hollow? The price 699.00 USD plus tax, too much? Should have been 550.00 to 600.00 MAX!"
"Austin, 29 Nov 2020Can someone please comment on the phone's primary speaker to make phone calls? Is it good... moreI find that the earpiece is just fine for calls, I don't turn it up past halfway when calling in normal conditions."
"Can someone please comment on the phone's primary speaker to make phone calls? Is it good enough to make calls in noisy areas?
 
Does anyone how does the Google USB-C earbuds compare with Samsung AKG headphones?"
"Still got legacy issue on my P5. Mic is not working. 
Contact Google but unluckily from Malaysia so warranty is invalid 
+ When done have receipt copy"
"ppczouz, 12 Nov 2020We are seeing the beginning of a trend change.
Just like desktops did, phones will start to d... moreGoogle and apple don't compete because google hand in hand has the most reliable workers working on the system daily to make ìt better wile apple sets back and collects our data from 3 parties it's no wonder there systems are noncompairable. 5g that apple has is not the rough we are heading so in time google will still be the number one studied system out there because we started the change for motor compartment in the only way apple leaks our product's then slightly tweaks it and bam Microsoft and google team up with UI for the run of the sentry for technology like never before leaving apple to rot in there own bug crumbs. 
Visions are too be shown. I give u my word on that so mark it down in you're cloud data (dillion key )"
"Anonymous, 09 Nov 2020Bro, you use your phone to browse porn and Tiktok, why do you act like you need anything flags... moreWe are seeing the beginning of a trend change. 
Just like desktops did, phones will start to diverge in processing power as per user needs. 
We started seeing the ""G"" branded processors, and soon that would extend to things beyond a boost in GPU clock speed: 
Think of having an Intel i7 with a integrated graphics and Intel i7 with a discrete RTX3080. 
Both are flagship chipsets, but gaming on them (for those requiring it) is a night-and-day difference. System price is quite different as well. 
Today, the SD765 is closer to an i5 with a 1050Ti, for example, and the SD865 is an i7 with RTX3080...  
Can you really say that everyone needs an i7 with RTX3080? I don't think so 
Can you not play pretty much every game out there on an i5 with GTC 1050i? of you course you could at various degrees of resolution/quality degradations.
 
Also, are there not premium laptops with i5s? sure thing 
And thus, we are now heading into this trend, and I guess we will start seeing SD8x5 and SD8x5G processors as well as SD7x5 and SD 7x5G processors powering up phones, probably even the same phone model with just the processor/memory variations.
 
Apple so far is doing the opposite with keeping the same flagship chipset and downgrading the design on its various tiers, but that too I believe will soon change; but Apple will always be Apple, they will do whatever they feel like waking up in the morning and everybody will applaud and follow :D
"
"Anonymous, 09 Nov 2020Bro, you use your phone to browse porn and Tiktok, why do you act like you need anything flags... moreI laughed, but I definitely use my phone for lots of things that aren't that. "
"Android--Master, 02 Nov 2020Lol okay man, it's clear you have never used a phone with flagship chipset.
Why would I ... moreBro, you use your phone to browse porn and Tiktok, why do you act like you need anything flagship? Other than an innate desire to sell out to companies ofc. "
"Android--Master, 02 Nov 2020Lol okay man, it's clear you have never used a phone with flagship chipset.
Why would I ... moreHe is talking about the actual experience of Google Pixel phones and you are talking about chipset performance... and to be honest I agree with him, Pixel software is the best and having a bit weaker CPU won’t make a noticeable difference in performance. I personally check that and the only time when you will see a difference is in intensive  gaming, but even then there will not be a big difference."
Gcam turns a midrnger camera into taking flagship grade pictures. Imagine gcam with the flagship like hardware like galaxy s20 ultras camera or the mi 10 ultra 
"Hell, 01 Nov 2020You probably never used one. Because if you did there is no going back to another android phonouLol okay man, it's clear you have never used a phone with flagship chipset. 
Why would I downgrade from a phone with a flagship processor to a phone with mid range processor?"
"Android.Master, 28 Oct 2020It's called buyers remorse.
Keep justifying that the 765 at sub 800$ is a good deal.
Me... moreYou probably never used one. Because if you did there is no going back to another android phonou"
This is my favorite phone from Google. Might as well get one!
"S70ERD, 29 Oct 2020Don't forget the suprise of 2020: the Xperia 5 ii. If have this phone for two weeks now a... moreI agree, great phone. I chose to import the S20 from USA though, it has a better look for a girl, in my opinion. I find the Sony a bit too masculine / business. For men, a great phone :)"
"AnonD-945200, 28 Oct 2020well I'm fed up with custom uis and big phones.
so pixels are just perfect for me
pixel... moreStock ROM skips practically all the useful features that are more likely to be present on other Android skins (irrespective of whether they are light or heavy skins).
 
People who brag about stock ROM being better usually lack experience of using different Android skins (especially skins from 2020).
 
I have used All type of phones as daily driver in the past decade. 
About 30-40 phones over a period of time, mostly flagships.  
In 2020, I'll rather use one ui, miui, zen ui based Androids over stock OS which lacks latest features and is basically playing catchup."
At least they still gave us chargers.
"Jeon5108, 29 Oct 2020Take a look at the iphone 12 mini and the Pixel 5. Like come'on google. The iphone has a ... moreDid you really noted a mag safe as pro why to pick up an iPhone?  
Magnetic charger that does defeat any convenience standard Qi chargers offer, that does seriously overheat the device and restricts the charging to 80%?"
"Despite having a pixel 3 which runs like new, I took a look at the 5 yesterday in best buy. All I can say is Wow, it was such a clean bright, classy, feel good unit."
"My favorite feature of the Google Pixel device is its look. Other than that, I am not sure about the performance."
"Don't forget the suprise of 2020: the Xperia 5 ii. If have this phone for two weeks now and it ticks all the boxes. 120hz refresh rate, oled display, good camera, wide angle and zoom lens, dedicated pro camera settings like their pro camera line up, 3.5 mm jack, no punch or notch, fingerprint reader is integrated in onoff button like an airpad, 5g of course, 128gb and expandable to 1tb, Dolby Atmos, enhanced gaming experience and Snapdragon 865 / 8 RAM, and a sturdy build quality with no plastics (glass and aluminium). Not one phone on the market has this combo (that I know of). Maybe the S20 comes close but in Europe it has an exynos processor, and it lacks a 3.5 jack. The only thing it's lacking is a wireless charging option, but I personally don't care for that. All in all, the most complete phone on the market right now?"
"Take a look at the iphone 12 mini and the Pixel 5. Like come'on google. The iphone has a the fastest chip, better cameras, better screen, better water proofing and mag safe. I am starting to consider switching to the iphone. And remember this is coming from a user that has never used an iphone in his life."
"With the Snapdragon 765G chipset, Google ended up increasing the price of the phone while also putting in a below average battery which wouldn't really go well with the whole over heating issue of the SD chipset. "
This phn is dual sim or single sim ??
"Anonymous, 27 Oct 2020Why would you do something like that?  Water damage is not covered by warranty despite the IP ... moreHe literally said ""accidently ""."
"GaushikTECH Nerd, 26 Oct 2020Midrange performance, Same old main sensor from the pixel 2.....Stock android is a joke coz sm... morewell I'm fed up with custom uis and big phones. 
so pixels are just perfect for me 
pixels has pretty much everything i need "
"GaushikTECH Nerd, 26 Oct 2020Midrange performance, Same old main sensor from the pixel 2.....Stock android is a joke coz sm... morewell I'm a stock android guy 
and pixel has everything i need , its just perfect for me. 
I'm fed up with those fancy custom uis"
"Anonymous, 27 Oct 2020I'm not on par with your ""alternatives""! 

Also does the Oneplus Nord have mo... more""Samsung S20FE, which misses out the 5G and comes with a worse SOC at 600$"" 
What on earth are you even saying? Exynos 990, despite its spotty reputation, is still powerful enough to absolutely annihilate SD765G in every single way you could imagine. It's nearly 40% faster under multi-threaded workload and packs double the graphics performance. All right, 765G is more battery friendly, sure - but that's due to the simple fact that it's FAR less powerful having 2 less performance cores that are also clocked lower than those on Exynos 990. You just can't say a midrange SoC is more powerful than a high end SoC, end of story.
 
""pixel 5 still creates beter photos by software"" 
It depends on scenes though I do agree that Pixel 5 has an upper hand in general.
 
""iphone 12.. but is also 100-200$ more expensive"" 
Well that's an extra money you should be paying for the most performant phone SoC to date, one of the highest water resistance rating (6m for 30 mins) you can get on a phone, and possibly a more durable body, a higher quality display and better sounding speakers.
 
""you only get a plastic back"" 
I mean, you're only touching the thick plastic layer when you hold Pixel 5 as well, so..
 
""most phones will operate in 60hz anyways to save battery"" 
""No game right now runs on more than 60hz on android"" 
So not true, but it's up to you whether you want to hold onto that belief."
"Anonymous, 27 Oct 2020Superb battery?

Bwahaha what a home, that battery life is terrible when looking at the batt... moreReviewers all all saying battery is very good 4080bmilliamps in a small phone with large screen. Oh such nehativity. . Well you can't please all people all the time. . It's a fantastic little handset and if the Pixel 3 flagship with smaller is anything to go by it's refreshingly uncomplicated, lasts all day and is an absolute delight to use. mine feels like new all the time.  Powerful little thing it is.. perfect"
"Nick Tagataka, 28 Oct 2020Some Chinese high end phones still have a comparable texture rendition to Pixel during the day... moreAlso the pixel 5 does takes a bit of time to click images (given its always on hdr mode paired with SD765) compared to phones with bigger sensor and SD865. 
The phone will age poorly coz of the processor.
"
"Anonymous, 27 Oct 2020I'm not on par with your ""alternatives""! 

Also does the Oneplus Nord have mo... moreIt's called buyers remorse. 
Keep justifying that the 765 at sub 800$ is a good deal. 
Me personally would never touch a pixel phone ever (given their track record of ""meh"" type of devices) "
 low specs low specs low  why why why google flagship
 low specs low specs low  why why why google flagship
"About the battery test... wasn't the web browser test done in 90hz then? I understand if the video test ends up in 60hz and the call time... well, I guess the display isn't even on then."
"Anonymous, 27 Oct 2020No, the Chinese flagships do not have a better color balance.  Just look at the grass shots in... moreSome Chinese high end phones still have a comparable texture rendition to Pixel during the day and usually a lot better at night because of the large sensor size (unless you use Night Sight on Pixel). Google's mix of aggressive contrast enhancement and dehaze filter in the post processing has never been my cup of tea, and they certainly managed to make it a lot more artificial than back in Nexus 6P/OG Pixel era.. Good lord that they added the option to shoot in RAW. There is still a room for improvements in the way Oppo/Vivo/OnePlus handles the images, but Xiaomi is getting there and Huawei is definitely the best in terms of the detail rendering/noise reduction, though the digital crop they apply by default hurts the per-pixel sharpness quite a bit. As for colours, you can turn off the AI to make it look a lot more natural, as I already said before.
 
iPhones have nice colours (if a bit too cold and greenish in many scenario) and their night mode is easily one of the best, but the amount of compression, sharpening and local contrast boost they apply during the day are hilariously excessive and on top of that photos still look like they have come out of a small sensor like those from Pixel. As far as I could tell I don't see a whole lot of difference between 12 Pro and 11 Pro, but I guess the situation would be slightly better on 12 Pro Max that comes with the brand new 1/1.7"" sensor."
"Epic fail, no S865."
"Anonymous, 27 Oct 2020Superb battery?

Bwahaha what a home, that battery life is terrible when looking at the batt... moreYeah that was my reaction too.
 
93hr battery (while objectively good) seems pretty underwhelming, esp when Xperia 5 ii got over 100hr with a 120hz refresh and Snapdragon 865 processor"
"Superb battery?
 
Bwahaha what a home, that battery life is terrible when looking at the battery size and the capabilities of the chip being power efficient.
 
My phone with a 3500mah battery has roughly same endurance, the new snapdragon + that battery size can do ao much better.
 
For the rest... if you must have a Pixel phone get the 4a 5G instead, pretty much same phone for much less."
"Nick Tagataka, 27 Oct 2020The colour reproduction is nothing to do with the computational imaging itself as it's al... moreNo, the Chinese flagships do not have a better color balance.  Just look at the grass shots in the recent Xiaomi reviews and to a large extent, the Huawei reviews and the color is terrible, like a velvet painting.  The Chinese flagships also render grass and foliage texture poorly, with a feathered look and obvious overprocessing at 100%.  Google does a much better job, as does Apple. 
 
I have purchased a couple of the top-rated phones according to DxOMark during the last couple of years and have been disappointed and frustrated by both.  GCam helps, up to a point.  But I guess some people like velvet paintings."
"Anonymous, 27 Oct 2020I'm not on par with your ""alternatives""! 

Also does the Oneplus Nord have mo... moreMy man spitted facts right there ngl, Im gonna buy one when price drops"
"I'm not on par with your ""alternatives""! 
 
Also does the Oneplus Nord have more cameras, BUT yet NO Telephoto lense! You only get a telephoto lense + ultrawide + wide in the Samsung S20FE, which misses out the 5G and comes with a worse SOC at 600$ (the pixel 5 is 600$ outside the US because of the mmwave technology!)! 
Both the Nord and the FE been tested average, the nord even below average when it comes to photo quality (even if it offers a better main camera on paper). When comparing the OP 8t you also DONT get a telephoto lense and an ultra-wide with 16mp like the pixel 5 one. The OP8t with 5g is 50-100$ more expensive than the pixel 5 (matter of location). Though you get higher MP in the main camera, if you are up for that (pixel 5 still creates beter photos by software). The Nord also misses out on the Qi-charging front and has no USB 3.0 or 3.1, has gorilla glass 5 instead of 6, is made of plastic, BUT has an ultra-wide front cam.
 
You DON'T get more when choosing 400$ phones. Most phones at 400$, fake around their cameras. They are often below average but always don't offer more combinations than wide and Ultrawide, just like the Pixel 5. There is no need for 2MP Macro-Cameras or depth-cameras. Most 400$ phones offer 5g only when spending 100$ more (cept the Nord, which I already stated has bad cameras).
 
The only real alternative to the pixel 5 is the iphone 12 which is near the same size with 6,1"", better video qualities, Face unlock, mag safe accessoires, etc., but is also 100-200$ more expensive and YET does NOT offer a telephoto lense! Also the s20 FE is a true android alternative. Its also the only phone offering wide, ultrawide and telephoto in one phone sub 800$, but is much larger with 6,5"" AND it also plays around with prices. You won't get an SD865 (none +) and no 5g for 700$ - but only 4G and an much unloved Exynos chipset. And you only get a plastic back in the 700 and 800$ version.
 
Conclusion: Google packed its 5 with everything to expect from a phone sub 800$ (700$ inside US, 620$ outside US): 90hz, 5g, wireless charging, USB 3.1, bezelless design (not even a chin!), ultrawide/wide camera setup which is still one of the best, still the best night-mode, finally 4k videso at 60hz, 8GB RAM, no plastic back. Still it misses out on the front camera and the ROM offered. The missing 120hz and 6,5"" is up to you guys, most phones will operate in 60hz anyways to save battery. No game right now runs on more than 60hz on android.
 
I know why I bought the pixel 5. Google finally done most thigs right!
"
"As much as it's nice to see it compared to a one plus and a iPhone, it would be nice to see more direct comparison to the comparable tier Samsung, LG, Motorola, and other common phone brands the US carriers push. One Plus looks nice, but it's not something many Americans are likely to pick up at the mall... "
"Fearghast, 27 Oct 2020It's a customer protection ""thing"". You do not even have to give a reason why y... moreNo, our consumer protection laws do not extend to returning goods without a reason."
Better to buy mi 10t pro for this money then pixel 5 - _-
"Javierech, 27 Oct 2020I'm sorry but at least in my country is 250 usd more expensiveSame price in my country too and look what crap it is! Xperia 5II (1 and 5 also - cheaper and ultra faster) it's deluxe compared to this!"
The speaker is terrible. Makes it almost unbearable to use the phone for its primary purpose... To make calls!
"Nick Tagataka, 27 Oct 2020The colour reproduction is nothing to do with the computational imaging itself as it's al... morePixel 5 certainly boost saturation more than previous Pixel 4."
"Anonymous, 27 Oct 2020But if there is nothing wrong with it, how do you return it under the warranty?It's a customer protection ""thing"". You do not even have to give a reason why you return it - just send it back, not damaged ofc., and you get all your money back. 
It seems you do not have this law in your country, that's a huge bummer dude."
"Anonymous, 27 Oct 2020It's refreshing to see grass and foliage realistic color and detail after all the Chinese... moreThe colour reproduction is nothing to do with the computational imaging itself as it's all tweaked in post processing lol. I would also say many high end Chinese flagships nowadays have overall better balance between noise and details than Pixel mostly thanks to the sheer size of their sensors. This generation's offering from Google doesn't boost up the saturation level high but definitely applies a lot of dehaze filter and sharpening to achieve the typical ""GCam look"" which I'm not really a fan of."
"Just returned mine, totally underwhelmed and I'm a Google phone owner since the first Nexus. I'm going back to my 2XL for now, might consider the Oneplus 8 Pro, it would be my very first non Google phone ever. Bitterly disappointed. "
"Fearghast, 27 Oct 2020There is a standard ""warranty"" in the EU to return practically any goods you bought ... moreBut if there is nothing wrong with it, how do you return it under the warranty?"
"Fearghast, 27 Oct 2020There is a standard ""warranty"" in the EU to return practically any goods you bought ... moreWhat will the store do with the returned phone will they sell it as refurbished? Because they will lose money if they do so"
"Anonymous, 27 Oct 2020How do you return something you bought and used?There is a standard ""warranty"" in the EU to return practically any goods you bought in 14 days. 
There are certainly similar rules outside the EU as well + many stores have their own rules that often benefits a customer even more (some even extend it to 90 days for some products - usually sound equipment). "
"Anonymous, 27 Oct 2020I have just returned mine. Had it a week and found it wasn't worth the money. Technically... moreHow do you return something you bought and used?"
"Lead2XL, 26 Oct 2020I am buying the Pixel 5 partly for the size although it could have been a bit bigger but mainl... moreWhy not the 4a?"
"Javierech, 27 Oct 2020I'm sorry but at least in my country is 250 usd more expensiveOh, you are right. It's around €200 more expensive here as well + you do not get headphones any more (compared to Pixel 5)."
"Un, 26 Oct 2020You can get xperia 5 II for this price. Jesus... Is this some kind of a joke? Way overpriced f... moreI'm sorry but at least in my country is 250 usd more expensive"
"Un, 26 Oct 2020You can get xperia 5 II for this price. Jesus... Is this some kind of a joke? Way overpriced f... moreI know right? But I bought Pixel 5 instead.  
Night and day difference compared to my Xperia 5 - it actually works, imagine that - I take the photo, it's not underexposed - my dog is not a black blob, message comes in and the phone beeps (it does not kill the process), idle battery life is pretty great, connection to a PC via Whatsup or Google messages did not drop so far, my smartwatch syncs instantly - I do not have to force close the application, fingerprint sensor works every time.
 
IMHO Xperia 5 II is an excellent device - it takes incredible photos when you use proper app and settings, but I am fed up with Sony software bugs. I hope Xperia 5 II wins me back over time, so next year Xperia 5 III will be one of my candidates.  
+ TBH Pixel 5 is more compact. I know it the same 6"" screen, it could be the uncomfortable 21:9 (not sure)."
"I have just returned mine. Had it a week and found it wasn't worth the money. Technically it might be a great build etc, but it felt cheap, the speaker didn't resonate so well and when taking a call, the ear speaker was as loud to other people around me than myself.
 
Want to love this phone as I. Don't like apple but this one is a letdown. Gone back to my pixel 3 XL with a cracked screen rather than pay for this phone!!"
"765G will age very very badly. I assure you by seeing Quallcomm habits in the past 3 years. $1000 phone that will slow down heavily after one year of usage. Shame on you, google."
"Reefknot, 26 Oct 2020I can attest to the pixel 5 real world water resistance, having just accidentally swam 35m wit... moreWhy would you do something like that?  Water damage is not covered by warranty despite the IP rating."
"ANuttyMonkey, 26 Oct 2020I really hope Google is waiting to roll out a Flagship Pixel 5 XL with a new Snapdragon proces... moreiOS is the leader in the clubhouse.  Android for five years has thrown their best punch and made no inroads in the market share.  Always an update away, always a bug/flaw in design, always a flat rollout with little enthusiasm.  All of the cash and marketing power ....  and all we get are meh specs with meh design and good software.  At least Apple gives you premium power and build quality (same design/premium components) with that premium price.  I personally think Android had 2 more iterations left to start taking market share before they for up and leave in disgrace.  Stepping down from the premium smartphone market was step one ... Pretty soon it will be - we only do mid to low phones - to the hard goodbye.  Time to relaunch and revamp before you go under."
"Un, 26 Oct 2020You can get xperia 5 II for this price. Jesus... Is this some kind of a joke? Way overpriced f... moreYou really can't... In EU at least."
"It's refreshing to see grass and foliage realistic color and detail after all the Chinese flagship reviews with crazy greens and overprocessed watercolor texture.
 
Google really knows computational photography."
"Anonymous, 26 Oct 2020Stock ROM skips practically all the useful features that are more likely to be present on othe... moreAt Last some one with a brain✌️"
"Dear Author(s), 
Thx for review, but plz explain battery results.  Why were you able to run battery tests on two Hz settings for Galaxy s20 FE but not Pixel 5? 
Based on your reviews of both phones, how confident are you that s20 FE battery will last longer and age better? 
Plz let me know. Thx "
"ANuttyMonkey, 26 Oct 2020I really hope Google is waiting to roll out a Flagship Pixel 5 XL with a new Snapdragon proces... moreGoogle is a software company not hardware. Highly doubt they jump back into the hardware game. "
Google should bring back the Nexus strategy and brand… because the iphone like approach is a total fail.
You can get xperia 5 II for this price. Jesus... Is this some kind of a joke? Way overpriced for these specs.
I really hope Google is waiting to roll out a Flagship Pixel 5 XL with a new Snapdragon processor. Google needs to be on the cutting edge to drive android. If they wait for Samsung or LG to do it IOS is going to start taking back market share. 
"malikalamgirian, 26 Oct 2020The phone has a terrible speaker for calling and music playing. Don't buy it - especially... moreTook a few calls with regular and loudspeaker but the call quality was IHMO really good.  
The other site noted the mics are not as sensitive as Sony or LG, but on my site everything was good sound wise. 
I do like that the area that emits the sound is quite wide."
"One of the worst reviews I've ever seen. ""Speakers are loud"", that's it, with that said. It doesn't even say that you hear one speaker more than the other (really true are loud? I think not). Examples of zoom up to x2... And the x7 for example or x10? Let me see which blurry image is at x7! Don't be afraid to try it. I only see portraits of the guy who did the review. We already know that he must like to appear in the photos. It seems that a good score has been given yes or yes."
"I can attest to the pixel 5 real world water resistance, having just accidentally swam 35m with it in my pocket."
"What is best? 
Note 10 almost same small size,same decent battery life,no 5g, 500 eur 
Pixel 5 900 eur"
"i like the size, i definitely want to return to ""small"" phones, but i will wait for camera under display. Fingerprint in the back isn't really exciting, it's one of the first changes that i hated in recent years, besides disgusting punchholes and notches. It's already 3-4 years with no good mobile on the market (light, notchless, physical fingerprint) besides Xperia 1/5.2.."
The phone has a terrible speaker for calling and music playing. Don't buy it - especially if you use your phone for calling or multimedia consumption.
"Anonymous, 26 Oct 2020Stock ROM skips practically all the useful features that are more likely to be present on othe... moreI wholeheartedly agree with you."
"Dbmbh, 26 Oct 2020Great performance, 2xl camera ?!  kkk continues to be the best in the world, beating all iPhon... more..Huh?"
"Anonymous, 26 Oct 2020The Summary needs correcting:

Pixel-only features like Hold for Me and Robo Call-screening ... moreExactly.
 
I'm in HK and I have a Pixel 4 which I imported. No motion sense and none of those Duplex features etc either. 
 
Very annoying that Google can't roll out phones whose features are universal. "
Why not making a flat egde frame on coming Pixel 6
"The best Pixel since 3. Yeah, I'm biased because I own it and the OG. Three things I like about it.
 
- Longest battery life 
- Metal back  
- Cheaper
 
Wide-angle cam and maintaining a small size is just gravy. Google went back to the basics. I already own the 3 which has a stronger GPU, so I don't need it. But for folks who never own a Pixel, this is a good buy. I personally think the 4 is the worst Pixel of all-time. While the 5 is the best within the exception of stepping back on its SoC."
"Cons: 
-No XL Variant this year
 
IS THIS A CONS of PIXEL 5???"
"Great performance, 2xl camera ?!  kkk continues to be the best in the world, beating all iPhones and samsungs and xiaomis of life, it is no wonder that this whole group uses gcam, apart from pure Android, faster, more performance, and no trash installed uselessly, it comes clean,  you put what you want, pixel is too top, who is crying or doesn't have money for one or doesn't know anything."
"Anonymous, 26 Oct 2020I've listened to both and prefer the sound of QC II.  Yes, they are an excellent freebie ... moreCan hardly blame you - 700s are, for Bose, surprisingly flat sounding, BUT with very narrow soundstage. QC are mostly V shaped with decent soundstage. 
If I am not mistaken they even started manufacturing QC as a gaming headset :-D"
"I am buying the Pixel 5 partly for the size although it could have been a bit bigger but mainly for the rear fingerprint scanner, so much more convenient to use than the awkward under display scanners - which are a deal breaker for me. Too many new phones are crazy huge, no thanks."
"in the pros section you say speakers are loud,but you did not test them!and in relaity we all know that they aren't great at all!!how about that?"
"Fearghast, 26 Oct 2020It's older gen. It's still decent, but it's still typical Bose - their new line... moreI've listened to both and prefer the sound of QC II.  Yes, they are an excellent freebie despite being previous gen headphones."
"Anonymous, 26 Oct 2020Stock ROM skips practically all the useful features that are more likely to be present on othe... moreBlame MKBHD, he's always going on about stock android as if it's the best Android out there and thinks Pixels are the best Android phones."
"Socalteknique, 26 Oct 2020How come Gsmarena doesn't take pictures of the usual buildings like in other phone review... moreMaybe because to review the Pixel 5 they traveled to the other side of the globe as stated in the review?
"
"Anonymous, 26 Oct 2020Good job!  There are better ANC headsets now.  Don't need to be stuck with old Bose headsets.It's older gen. It's still decent, but it's still typical Bose - their new line like 700s are a lot different in terms of sound tuning, built quality, ANC was improved a lot + 700 mics are incredible for a headset without a boom mic. 
QC 35 II are a decent freebie, 700 or Shure Aonic 50 would be much better :D"
"sumdumguy, 26 Oct 2020Except the OG Pixel had not only flagship processor, but the most recent flagship processor at... moreYeah, the price received a decent boost compared to OG Pixel. 
But that is sadly common for many brands like Samsung, Apple, Sony etc. - they all are racing for that €1500 smartphone by 2022. 
Pixel 5 is certainly not a champ when it comes to price / value ration in any way."
"Socalteknique, 26 Oct 2020How come Gsmarena doesn't take pictures of the usual buildings like in other phone review... moreIt's like there is some pandemic going on or something ... :-/ 
It's really that hard to imagine not all activities can be done 100% same at this time? :D"
I rather buy a Huawei P40 Lite 5G or even cheaper non-5G variant... 
"GaushikTECH Nerd, 26 Oct 2020Midrange performance, Same old main sensor from the pixel 2.....Stock android is a joke coz sm... moreStock ROM skips practically all the useful features that are more likely to be present on other Android skins (irrespective of whether they are light or heavy skins).
 
People who brag about stock ROM being better usually lack experience of using different Android skins (especially skins from 2020)."
"Anonymous, 25 Oct 2020Man pixel is costly garbage.
Midrangers with premium price only good is android updates anyth... moreAgreed;)"
"AnonD-945200, 26 Oct 2020stock android , good Camera and good battery life ...
This is just perfect 😍
Midrange performance, Same old main sensor from the pixel 2.....Stock android is a joke coz smartphone manufacturers are increasingly developing better version of their respective android OS...Even MIUI 12 on my friend's MI 10 5G is smooth and but while there are still workarounds to disable ads, its worth the time....The only tempting thing on this phone for me is its compact screen and the camera software...But i know how to sideload GCAM for non pixel devices(my ASUS 6Z has one installed)..."
"Hi, can you please share details about the fingerprint sensor? Is it faster or more accurate then the one in the Galaxy S20FE or at least S10?"
"Fearghast, 25 Oct 2020It's big as my Pixel 1 that had 5"" screen ;)
Idle battery life so far is great, goo... moreExcept the OG Pixel had not only flagship processor, but the most recent flagship processor at the time and cost the same! "
Could be a good phone but batterylife. I own a m51 and even that battery life is just sufficient.  Get about 1.5 days. And half the price of this pixel phone. Batterylife is mostly all that matters for the average user. Fast processors and super camera is not that important for most. Maybe if you play games. Fast charging and huge battery life ...sorry no pixel for me. 
"SpiritWolf, 25 Oct 2020If we are talking about detail, lets say that 8 years old Nokia 808 blows this 'computati... moreIt is a step back. Nexus 5x in HDR+ On mode definitely takes sharper photos and is probably still the reference for daylight image quality. See anandtech's Nexus 5x camera review, the Nexus 5x camera (better daylight results than Pixel 3a, which I own, too) isn't very known because the default mode wasn't HDR+ On as a zero shutter lag HDR+ didn't exist back then. In the last years Google didn't find ways to improve the fantastic HDR+ daylight quality, but apparently they thought that they must change something, so things got worse, I guess that meanwhile the wrong people make the decisions and that's very critical as it's a matter of taste (and not science) whether a camera company wants to apply more noise reduction, "
"Surprised that Google chose a low quality ultra wide angle lens. I much prefer a tele lens, but then even just a low quality ultra wide angle? Ok, Apple uses a very bad ultra wide angle lens, too , but that's Apple's problem and I guess that Apple's ultra wide angle lens is sharper. The Pixel 4 already had a 21.5mm ultra wide angle camera, it was the selfie camera. It delivered decent results when it was used as a rear camera. Now they have a dedicated rear camera for ultra wide angle photos, but the quality is probably not really better than using the ultra wide selfie camera of the Pixel 4. So it's really a step back. Pixel 4 had ultra wide(if you used the selfie camera as a rear camera, it also supported Night Sight as far as I know) + 50mm + main camera."
"You are so biased @gsmarena,  
1. You didn't even mention astrophotography feature.  
2. In your pros, there is no mention of camera capability 
3. Your camera samples of night sight and portraits cannot be worst than this.  
4. Didn't see samples of night sight portrait. 
 
And I have waited for your review all this time! _/\_"
"Caybara, 25 Oct 2020The photos look absolutely stunning let be honest.  IMX 363 might be old, but as Marc Levoy po... moreNexus 5x/6p HDR+ On mode photos already looked stunning and even better in daylight. Look at https://photos.app.goo.gl/FIeuWX2OiIp9bpSE3  in order to see how images from older Google phones (codenames bullhead, angler) looked in HDR+ On mode or see the comparison at   https://www.anandtech.com/show/9742/the-google-nexus-5x-review/7.   The fantastic image quality of the Nexus 5x in HDR+ On mode was ignored by several reviewers as this wasn't the default mode because HDR+ could take up to 1s and back then Google had the philosophy that the default mode must be fast. In 2015/2016, if you took 3 HDR+ photos, you had to wait some seconds before you could take another HDR+ photo. But the quality of the default mode was much, much worse in all light conditions. From what I have seen, Google hasn't improved the daylight image quality since the Nexus 5x HDR+ On mode, rather worse. I also have a Pixel 3a, which produces worse daylight photos than the Nexus 5x."
no head phone  jack means do not buy
"Socalteknique, 26 Oct 2020How come Gsmarena doesn't take pictures of the usual buildings like in other phone review... moreYes, it's strange. Whenever a new Pixel phone is released, the camera is reviewed by someone else. This was already the case with the Pixel 4 and Pixel 3a."
"I have the impression that Google's camera got worse in daylight. In good light conditions it seems to use more noise reduction than every Google phone of the last 5 years. Nexus 5x HDR+ photos look much sharper. A reviewer showed that the Pixel 4 takes sharper photos than the Pixel 5. As the Pixel 5 is Google's first Pixel phone that combines different exposures, there can be less exposures available for the brightest parts of the image (sky, etc, previously Google only combined underexposed images), that's maybe the reason for the increase in noise reduction."
"Terrible battery life 
terrible camera 
terribly expensive 
no 
thanks"
How come Gsmarena doesn't take pictures of the usual buildings like in other phone reviews for the Pixel's? I like to compare the picture quality using the pictures of the Condo/apartments and the colorful building with the clock.
"stock android , good Camera and good battery life ... 
This is just perfect 😍
"
"The Summary needs correcting:
 
Pixel-only features like Hold for Me and Robo Call-screening **in North America only and nowhere else**

"
"Jollygreen, 25 Oct 2020Who gives a shit about speakers on a phone? Nobody. Google knows that. You either have headpho... moreLmfao nice joke."
"Anonymous, 25 Oct 2020Man pixel is costly garbage.
Midrangers with premium price only good is android updates anyth... moreYou clearly don't own the Pixel 5"
"Anonymous, 25 Oct 2020Bought the Pixel 5 for 599£ with the included Bose 35 ii . I've sold the headphones seale... moreGood job!  There are better ANC headsets now.  Don't need to be stuck with old Bose headsets."
"Really Annoyed Fello, 25 Oct 2020Ok so.  
This particular phone is wanted for two things : Stock experience and Camera.
So i ... moreLiterally my thoughts as well. So biased to the point where you feel bad about the review and kinda loose respect for the reviewer. Sorry not sorry. Get your sh*t together. "
"Anonymous, 25 Oct 2020It actually says that the pixel 5 has scored 96h...Read the last sentence."
"Anonymous, 25 Oct 2020But did you mention the price difference between the phones?  What does that have to do with its battery life in context of reviewers over egging the pudding?"
You can force apply a constant 90Hz refresh rate if you enable Developer Options and toggle-ON the appropriate setting in Developer Options. You can Google “How to enable Developer Options on a Pixel phone”.
"The pixel 4a didn't have a battery issue either. It last much longer than my s10+ using it the same way. And the biggest difference is that, if not using it and only have it stand by it lasts for days.. "
Why does hz drop to 60 while watching videos?
"Anonymous, 25 Oct 2020Bought the Pixel 5 for 599£ with the included Bose 35 ii . I've sold the headphones seale... moreBought the Pixel and sold the Bose ... isn't there some rule like you can claim the headphones after at least 14 days of purchase? O.o"
"Anonymous, 25 Oct 2020Man pixel is costly garbage.
Midrangers with premium price only good is android updates anyth... moreI want this but with the Snapdragon 8 series"
"Still the best software android experience of any phones, still the best still camera, but moving from 8 series to 7 series is bound to give some performance drops and the device won't be as good in long term. Also, I hope the main problem with the Pixels is taken care of, that is of the Quality Control which plagued all the Pixel devices released to date, but with the Pixel 5 display and chassis reports it seems the QC issues are still persisting. "
"Bought the Pixel 5 for 599£ with the included Bose 35 ii . I've sold the headphones sealed for 200£  so in the end the Pixel costed me 400£ , the right price for this phone."
Pin copied text snippets to stop them expiring after 1 hourText you copy will automatically show herePin copied text snippets to stop them expiring after 1 hour
$700 bucks for for 765G chipset what a joke. Better spend that money for a 865 chipset phone. Haha
"nikojas, 25 Oct 2020Battery will last you all day without charging again? Yes! I use the phone quite extremely and it lasts all day"
"Man pixel is costly garbage. 
Midrangers with premium price only good is android updates anything else is crap. 
"
"Anonymous, 25 Oct 2020Damn, the camera performance somehow feels worse than it used to be.Lol you must have a faulty device. Do return it. "
"R4vel, 25 Oct 2020LOL. Reviewers really overhyped this phone's battery life (38h), made me think it'd ... moreIt actually says that the pixel 5 has scored 96h..."
"R4vel, 25 Oct 2020LOL. Reviewers really overhyped this phone's battery life (38h), made me think it'd ... moreBut did you mention the price difference between the phones?  "
"Anonymous, 25 Oct 2020Frustated about the phone but kept for 1 year? 
Should have got rid of it in less than 1 week... moreSuspicious? Amuse me with your theory dear Sherlock."
"LOL. Reviewers really overhyped this phone's battery life (38h), made me think it'd be just as good as iPhone 11 (44h)/OnePlus 8 (45h)/LG V60 (47h)/Motorola Edge+ (43h)/Huawei P40 Pro (43h)/Xiaomi Mi 10 (45h)/Galaxy S20 FE (41h), but in reality it's worse than ALL of those LOL. Still getting it, but reviewers has got to stop feeding us shit telling us it's a Michelin Star dish. And for the record, I go by the custom rating of no call time, and 4 hours of both web browsing and video playback."
"Mr Peanut 72, 25 Oct 2020Had this phone a little over a week now. Good phone for the price £599, and none of the usual ... moreBattery will last you all day without charging again? "
"Fearghast, 25 Oct 2020It's big as my Pixel 1 that had 5"" screen ;)
Idle battery life so far is great, goo... moreFrustated about the phone but kept for 1 year?  
Should have got rid of it in less than 1 week then. 
 
Very suspicious ... "
"Had this phone a little over a week now. Good phone for the price £599, and none of the usual bloatware. Speaker under the screen is terrible, and although the other speakers at the bottom are good and loud, if you hold your phone in landscape while gaming or watching videos, your fingers cover the speaker and block the sound. Battery is lasting about double that of my old Pixel 2XL"
It’s too expensive for this price. Don’t know what Google was thinking. Looks like a half heartedly done job. A phone launched just for the sake of it. Galaxy S20 appears a better package hands down. Pixel 5 should be a below $500 phone. 
"It's big as my Pixel 1 that had 5"" screen ;) 
Idle battery life so far is great, good sound when taking call (a bit ""bassy"" due to the speaker being behind glass), it charges slowly when not using PD charger and the camera is good - especially when I am taking pics of my dog that is black (on a Pixel you can see fur, on Xperia it was just underexposed black painting no matter what I did ... well the only thing that fixed it was to turn on flashlight).  
I switched stereo speakers, dedicated camera button and faster SOC Xperia to Pixel, and I am perfectly OK with it, because the phone was not yet able to frustrate me as Sony often did.
 
So IMHO a good phone, not exceptional value or anything like my Realme 6 I use for work is, but the Bose headphones I will receive, will make it into even sweeter experience.
 
If they finally ditch the ancient camera sensors next year, I will be seriously interested in upgrading to Pixel 6. "
"You can buy S20+ for the same price, maybe even less"
"Damn, the camera performance somehow feels worse than it used to be."
"The photos look absolutely stunning let be honest.  IMX 363 might be old, but as Marc Levoy pointed out there has been no pivotal changes in sensor tech only incremental ones.  Camera is all about the software, in the Pixel 5 photos I see consistency.  Exposure, details, white balance and low light are the best I have seen.  Sure there are advantages to have a bigger sensor but there are also disadvantages like focusing.  Google has dramatically improved the battery life and video quality this year which is a big win for us.  "
"gybrush, 25 Oct 2020guys, where are my favourite photo compare tool photos. IMO you should't really bother re... more+1"
"Dometalican, 25 Oct 2020As others have said, nothing special. It's weird that it feels like the 4a 5G would tick ... moreIf A series uses 710, they are not going back to 6xx snapdragon "
Is the battery test based on 4g use or 5g? It's not mentioned. Presumably using 5g uses more battery but you haven't addressed that at all in the review. 
"Anonymous, 25 Oct 2020Pixel 4 = better design Can you please compare the fingerprint behavior between Pixel 5 and Samsung Galaxy S20FE? Which one works faster and more reliable? "
no test of google specific features either btw. like thr assistant taking calls for you/holds for you and so on.. it seems amazing
"JamoaSoe, 25 Oct 2020Again a half baked review. Where's the speaker test? Camera comparisons also not in line ... moresadly youre right"
"I remember GSMARENA posted ""Google Pixel 5 in for review"" weeks ago, I waited and waited, then here it is, half a review. At least I had the battery life test that I cared about."
"IMO it's a really decent phone, maybe not be the best bang for bucks but still a really good option but I think Google should also release an all out phone even if cost near $1000 and should really work on hardware their hardware usually has some kind issue"
"Anonymous, 25 Oct 2020Where's the audio test and performance? Just saying in summary ""loud speakers"" ... moreAgree, the telephone call quality is shocking. A phone that can't make good phone calls"
What is the battery endurance rating when the smooth display is turned off? (60hz)
Over rated and others have long caught up. Even LG Wing took better lowlight images in my eyes
"Anonymous, 25 Oct 2020Where's the audio test and performance? Just saying in summary ""loud speakers"" ... moreWho gives a shit about speakers on a phone? Nobody. Google knows that. You either have headphones on or it's on vibrate at work"
"As others have said, nothing special. It's weird that it feels like the 4a 5G would tick more boxes for someone who wants the basics (stereo speakers, headphone jack, dual cam, and solid-enough battery).
 
Google's going in the right direction. If they want to succeed next year, they should do:
 
Pixel 5a with Snapdragon 690 (makes no sense to give it the same processor as the 'flagship') 
Pixel 6 with a 775 and 6.0"" display 
Pixel 6 XL with the same as above but with a 6.7"" display
 
But the 'flagships' need to come with 3 cameras, some bezel to house dual selfie cams again, FRONT-FACING stereo speakers, and the return of unlimited cloud photos storage. Make them come with all that while pricing it well and I can see Pixel finally bringing in some solid devices."
I would really like that staff from GSMarena take pictures from standard locations from where they take pictures with all other smartphones. This way we really can not compare them side by side with Pixel device. Otherwise good and objective review as always.
"Ok so.   
This particular phone is wanted for two things : Stock experience and Camera. 
So i have 2 questions for GSMarena crew: 
1) Why Pixel shots in general are in a Different location? Presumably outside Europe (Following the vivid atmosphere there) 
- Other devices like Xiaomi's or Onepluses/ Samsungs are i believe in Sofia (Bulgaria) so we can easily compare ourselves with our amateur or proficient knowledge of photography? 
2) Why there is always an underline or a biased text when reviewing a Pixel or a Google phone of the late era towards IN A NEGATIVE WAY?  
-The Subtle ""Never settle"" shirt, passively aggressive |not being impressed by anything that this device offers"" which happened way to many times in recent years.
 
Pixel 5 is a Great phone, i mean great.  
Form factor, Simplicity, Saves time and money and will be More consistent and  More secure By A MILE then other android device.  
And You should emphasize that. That isn't a small feat. 
Improving software is important. Same or more then hardware."
I'd love to buy this but I only just got the 4a.
"Shriker, 25 Oct 2020""The level of resolved detail is generally good"". Not sure what photos the reviewer ... moreIf we are talking about detail, lets say that 8 years old Nokia 808 blows this 'computational photography' out of the window. Pretty poor pics, if you ask me. I'd rather hire a painter. "
"JamoaSoe, 25 Oct 2020Again a half baked review. Where's the speaker test? Camera comparisons also not in line ... moreI think review was done in USA, while their office is in Bulgaria.  
Probably the reason. "
Seems a bit passive aggressive for the reviewer to wear a OnePlus T shirt while taking Pixel review photos. Is it really an unbiased review that we love and expect from this site? 
Again a half baked review. Where's the speaker test? Camera comparisons also not in line with the other smartphone reviews. You guys did the same with the OP8 Pro. Please publish the full review else don't do it at all.
Still too expensive for what you are getting. Google fails again with mediocre hardware to impress. 
"Where's the audio test and performance? Just saying in summary ""loud speakers"" doesn't give much away. Come on GSMArena.  
Under screen speaker doesn't fill me with confidence at all! "
What's strange is that the 16 megapixel ultra wide angle photos are saved as 12 megapixel jpgs. Would be interesting to know the resolution of the ultra wide dng files.
"Google hasn't brought back the white balance presets, very poor decision. More than 240 support forum users voted for the white balance presets. They simply don't listen to feedback at all. 
Google hasn't brought back HDR+ enhanced, more than 170 support forum users voted for bringing back HDR+ options. HDR+ enhanced is better than Night Sight. When you use it with exposure compensation, it is nothing else than a fast Night Sight mode. While Night Sight takes up to 7s in extreme low-light conditions, HDR+ enhanced takes up to 2.5s (or 4s if you zoom), which is more similar to Apple's night mode, which takes up to 3s by default. Night Sight also often leads to slightly blurry photos, if you don't stop breathing for 7 seconds, that's another reason why HDR+ enhanced is much better.
 
It's disappointing that there is still no periscope camera and that they even replaced tele with an ultra wide angle camera, which doesn't even have autofocus for macro photos. 
Apparently you can still not edit HDR+ raw files with the Google Photos app. As far as I know Apple's photo app will support editing raw files.
 
And of course very disappointing that they still use the Imx 363, which suffers extremely from dead pixels (tested with multiple Pixel 3a) that can not be removed with 3rd party software as Google's image processing transforms the dead pixels."
Good phone but where is the sound review ? 
"""Since there's no longer a telephoto camera on the Pixel 5 and the ultra-wide doesn't feature an autofocus lens, the main camera no longer has this second eye to distinguish depth"" 
I doubt that the missing autofocus is relevant for non-macro photos. Such ultra wide angle cameras have a very high depth of field, so they don't need autofocus for sharp photos unless you want to take macro (portrait) photos."
"Google is doing fine with their phones. Some people may think Google is a bit behind in the cellphone game but this is the best 5th generation phone compared to all other companies previous release of their ""5"" model.  "
No word on speakers?
"I think the Pixel 5 is a solid phone. The price is friendly coupled with the IP rated smaller form factor. I do wish it was available in more countries. I also agree that the hardware would need a major upgrade. Let's see the Pixel 5a/6 next year hopefully. 
 
With that all said, give me your Pixel 5 unit rn 🔫"
"guys, where are my favourite photo compare tool photos. IMO you should't really bother releasing a review without those. The tool is what makes this site different from the dozens of other phone review sites. The rest is just specs that you can read anywhere. So emphasize on what makes you really different and provide photo compare tool shots. "
"Good review!
 
I am coming from a pixel 2xl and struggling to decide which phone to get.
 
I love Pixel phones, simplicity and all of the Google features. Yet I love to edit video on my phone, easier for me that way. I can do so on my pixel 2xl, but it is showing its age. Wondering how the 765 can handle that sort of stuff. 
 
I am tempted by the note 20 ultra, plenty of room to edit and shoot videos, but is the camera as good? And it's also so expensive.
 
One plus 8 pro is a good compromise in price, but the camera is not as good? Or on par?
 
Just wish there was an XL version of the Pixel 5 or a Pixel 5+ version with all the specs. "
"or even better sony 5 II, much better having a bezel than holes on the screen.. but it is missing wireless charging... :((("
"Anonymous, 25 Oct 2020I actually quite like this phone and it's the first Pixel phone I like.  

It has a mod... moreAgree. First time I'm considering a Pixel. But probably 4a 5G seems like a slightly better deal for 499."
"It seems like Google somewhat mitigated the issue from Pixel 4 where tons of noises are introduced to shadows and the corners when scenes have a wide dynamic range, even at the base ISO. I still find the output from Pixel 5 a bit too noisy and fuzzy for my liking, though.
 
Google should use a larger sensor for the next gen. product and bring telephoto lens back, otherwise Pixel lineup will lose all the advantages they had in camera department over its rivals for years. The competition has caught up and is surpassing it right now while Google is still stumbling with stupid hardware decisions, they seriously need to get their **** together."
Good phone but where is the sound review ? 
"Shriker, 25 Oct 2020""The level of resolved detail is generally good"". Not sure what photos the reviewer ... moreMi 10 Pro/Ultra, Galaxy S20 (in 64MP mode), Mate 30/P40 Pro, Mate 40 Pro+, etc.. To be honest it's not really hard for me to list them out. Pixel 5 does capture a lot of details for using such an inferiour set of hardware, but I've already seen many phones with significantly larger sensors outperforming it especially when it comes to texture retention and noiselessness."
noting special
The only thing I like about this phone is ugly yet minimalist design 
"Anonymous, 25 Oct 2020I actually quite like this phone and it's the first Pixel phone I like.  

It has a mod... morepunch hole is even worse than notch lol. and on p5 you can't even hide it.. on other phones like s20fe or op 8t you can hide it, think ill skip p5 and go for one of those.."
I don't think lack of headphone jack is a problem with phones besides why do you need an headphone jack where wireless connectivity is ruling
Nice phone but I don't like too much Google services
"I actually quite like this phone and it's the first Pixel phone I like.  
 
It has a modern design, nice display without large top bezel or hideous notch, decent battery life, sturdy build (not likely to break if I drop it), decent cameras, fast charging, wireless charging, decent processor, 5G and a fingerprint scanner (yes, you need it when you're out and about with a mask on).  And the price is not too bad.  
 
I actually think Google should just keep making these midrange phones and stop competing in the flagship space where they're being outcompeted in every way.  And if they do, they should think about getting rid of the lower tier ""a"" phones.  They don't really need another set of midrangers."
"Google should fire all cylinders and go full steam with high end phones irrespective of their sales. If they could deliver highend phones consistently every year with great camera, sure one day or the other it will be in the same league of iphones. Already pixels have a great software, the only thing stopping it in achieveing greatness is Googles inconsistent attitude. 
General Pixel cons are: 
Lack of headphone jack 
No FM Radio 
Compromise on Camera lens (this is INEXCUSABLE) 
Poor battery life 
Lack of S-pen like feature. "
Can you remove the Google search bar from the home screen?
"Missing headphones jack, SD card support are not considered as cons anymore? "
"Shriker, 25 Oct 2020""The level of resolved detail is generally good"". Not sure what photos the reviewer ... moreEasy trick. 
 
Boost colour contrast and details are easier to see.  
Exactly what Google has done since Pixel 1.  
Also apply tons of sharpening. "
"I'm in love with this device. I want to buy, but my country IDN only allow registered IMEI of device to use local network providers, google did not sell any phone in my country. "
"For the first time I skip new Pixels having had all previous models before (except budget 3a). $700 for THIS is damn too much Google, sorry. I'll probably take my old Pixel 3 (the best Pixel phone to my opinion) out of the drawer and start using it again rather than buy P5."
"""The level of resolved detail is generally good"". Not sure what photos the reviewer is looking at but, the ones in the review are outstanding and i challenge the author to find another phonecam that can take such detailed shots like that, consistently across the full frame, even if using manually downscaled 64/108mp images."
Pixel 4 = better design 
