userComments
good
No for that you have to spend $300 to buy a Galaxy watch :D
"So no heart rate reader, no Sp02 reader... ?"
"So no heart rate reader, no Sp02 reader... ?"
"Abs123, 24 Jul 2021I bought Samsung ultra s21 4 days ago and since day 1 its restarting on its own randomly, stuc... moreCheck a place you bought it"
"I bought Samsung ultra s21 4 days ago and since day 1 its restarting on its own randomly, stucks at android recovery - cause of recovery unknown plus forces you to reset your phone and doesn't starts until you reset and lose all your data😑😑  tried every hack troubleshooting everything nothing worked... Need help.... Anyone??? "
"""The Always On Display also works at 60Hz - we expected this to be the place where we'd see the promised 10Hz. Well, it is not. This could be a potential burn-in-related setting, though, which mandates refreshing those pixels every now and then.""
 
Why would I want 120Hz from AOD? It's only there to display notifications. I don't even slightly care about having ""smoother"" scrolling. I care a lot more about the content inside the app itself. HRR screens only pay dividends in gaming, that's it! You can't change that fact."
"Bob, 05 Jul 2021I'd be interested to see if they do the same thing that happened with the S6-S7
Take awa... moreWow"
"No SD card slot, no money from me. I have the note ultra and I love the pen. I can't see me getting another phone without it...if I ever do get another one...which I won't for a solid 6+ years. It has all I want. "
"I'm not a computer or technical savvy person, nor do I spell great.  I've had my new galaxy phone for a few days there's a lot of great stuff so far. I'm am  overwhelmed with driving fright to a big store chain so I drive.  4 different states maybe 5 in one week. Lots of mountain to take video and pictures and such. I needed a reliable phone 📱😩so here I go with the best phone and carrier Verizon with limited phone calls being lost.  I remember my first phone was a flip phone 😆🤣😂.  Today I have a what the heck in one phone
"
"Zollyzo, 09 Jun 2021Same here. They lost that right with a device without expandable storage. I wonder what they w... moreI'd be interested to see if they do the same thing that happened with the S6-S7 
Take away the SD Card slot and use the new design language as an excuse to fob off anyone that wanted it. 
Then next years model will add it back in as a brand new extra feature lol! "
"Hell dweller., 29 Jun 2021Wife lost the sim tray ejector tool/pin. I used a paper clip instead and inserted it into the ... moreDo the phone not come with warranty?"
"Anonymous, 30 Jun 2021Am I reading this correctly? Are you implying it's your wife's fault? Your mistake w... moreSome people just refuse to take responsibility for their own actions. I feel bad for his wife that has to put up with him. Must be a constant nightmare. "
"Hell dweller., 29 Jun 2021Wife lost the sim tray ejector tool/pin. I used a paper clip instead and inserted it into the ... moreAm I reading this correctly? Are you implying it's your wife's fault? Your mistake was pushing a pin in the wrong hole, which would have happened even if your wife didn't lose the original pin. Take accountability instead of blaming everyone but you. "
"Wife lost the sim tray ejector tool/pin. I used a paper clip instead and inserted it into the microphone hole right next to the sim tray which looks exactly like to hole on the sim tray.  The mic is dead. Completely ruined the brand new $1500 phone, not to mention the hell I will have to go thru with her.  
Thanks, Samsung for making the holes so they could be mistaken for one another, because people don't make mistakes and make a living out of starring at frame holes made in factories on random phones."
Nice.one I like it
"Lin, 21 Jun 2021Is there a pen in s21?SPEN is compatible in Samsung S21 Ultra only but not have space for putting it in, you can use it separately.  "
Is there a pen in s21?
I want to buy this phone....
"People complaining about the missing SD Card Slot never tried to incrementally sync an android phone with a computer... (Meaning: Plugging in to a computer and automatically detecting only new photos, syncing it to a library, and leaving the user the option to keep or remove on phone) 
It is almost impossible over cable, and if you achieve to do it, it get's even more a cramp if you have 2 storage locations (sd card and internal): I always find myself to have a full storage, fighting for some free internal storage to keep the phone working ... it. is. a. horror.
 
Again, people complaining about the missing sdcard, never exceeded the limit of their storage. :)"
"People complaining about the missing SD Card Slot never tried to incrementally sync an android phone with a computer... (Meaning: Plugging in to a computer and automatically detecting only new photos, syncing it to a library, and leaving the user the option to keep or remove on phone) 
It is almost impossible over cable, and if you achieve to do it, it get's even more a cramp if you have 2 storage locations (sd card and internal): I always find myself to have a full storage, fighting for some free internal storage to keep the phone working ... it. is. a. horror.
 
Again, people complaining about the missing sdcard, never exceeded the limit of their storage. :)"
"i wish they actually would stop using the 108mp sensor, in exchange for a much more usable 50mp sensor, however, since numbers can fool people, they'll keep increasing to numbers up to 1 gigapixel with some 100-in-1 pixel binning for 10mp image.
 
it's honestly pathetic that samsung keeps wanting to push the megapixel race, in exchange for only 12mp. (apple started this in 2015 with their 6s having 12mp, then after 2015, samsung copied apple with 12mp sensors up until to sony making a quad-bayer sensor for 12mp output, then samsung scammed people with 108mp number that only outputs 12mp. )
 
i don't get it. 
make a real 33mp or 40mp rgb bayer sensor with a big size for 8k recording, and a software with an option to output 20 or 25mp by downscaling the 33/40mp image to that resolution instead.
 
it had me expecting a lot on quad-bayers, 
so far the best quad-bayer/terapixel rn is the samsung isocell hmx, even though the 108mp number is a gimmick, it still gives me a lot of hope because it outputs 27mp which is quite a lot, and better than the ""industry standard"" 12mp."
"Nelson, 04 Jun 2021I'm amazed as nobody seems to be concerned with the removal of the Micro SD. To me it... moreSame here. They lost that right with a device without expandable storage. I wonder what they were thinking. It's my number reason why I am not a fun of iPhone. "
"I'm amazed as nobody seems to be concerned with the removal of the Micro SD. To me it's a matter of freedom and choices, I have been a long Samsung customer but they lost right there.... "
"AnonD-961600, 09 Feb 2021Absolutely agree. I THINK the S21 line up is awesome"
"Sham93, 22 Apr 2021Hi All..need some help with all awesome techies here.

Im about to buy Samsung S21 Ultra, 16... moreSM-G998B is the Exynos variant. SM-G9980 is the Snapdragon variant. In the SM-G9980 there are three different firmware options. Hong Kong CSC - TGY, Taiwan CSC - BRI and China - CSC - CHC. The South Korean variant SM-G998N used to have a Snapdragon SoC but it's now the Exynos variant. Of the three Asian Snapdragon variants your best option is the Hong Kong device, it has no carrier bloatware and is the closest to a pure android experience. The Taiwan device has issues with 5G and the China device has restrictions on Google, Facebook, Snapchat among others The Hong Kong 512 GB device is just about sold out and only available from a handful of retailers in Hong Kong. They have the TGY Hong Kong firmware but they've actualky manufactured in Vietnam. IMHO it's Samsung's best smartphone. "
"Anonymous, 27 May 2021Actually not having charger and usb cable somehow doesn't really much bother me, because ... moreIt didn't bother me at all a new Samsung 25w charger is only cheap here & I didn't need it anyways I have quite a collection nowdays"
"CapG, 26 May 2021I like Samsung phones but not having a charger or earphones in the box is enough to make me ch... moreActually not having charger and usb cable somehow doesn't really much bother me, because the cheaper cable and charger are everywhere, also with the higher build quality like nylon cable or flat thin cable, less tangled less damage
 
The most important is now you can resale the phone with unit only higher than before"
"I like Samsung phones but not having a charger or earphones in the box is enough to make me change my mind this time.  It's like buying car without seats.  
I'll buy a Xaiomi Mi 11 Ultra or Oppo Find X3 Pro instead. "
Im still waiting for my phone  how  long should i wait im tired of waiting  cause i don't know  whether  is  real its already 2moths
"I take two or more pictures then warning sign show on my screen,  your phone temperature is high please turn off your camera. 
Now I think better phone is Nokia 3310 then Samsung s21 ultra 5G.
"
"kookie, 07 May 2021You probably have a faulty device. Mine charges perfectly fine with 25w charger in warm condit... moreHow warm does it get where you live? Everyone in India where I live experience longer charging times in summer. "
"Sud, 26 Mar 2021Would I be better off getting s20 ultra over the S21? yes"
"farhanay999, 09 May 2021Dear Users,

Please let me know that which Model Number has Snap Dragon 888 chipset?

Rega... moreSM-G998U (USA)  
SM-G998U1 (USA unlocked)  
SM-G998W (Canada) 
SM-G9980 (China)
 
All are Snapdragon variants"
"Dear Users,
 
Please let me know that which Model Number has Snap Dragon 888 chipset?
 
Regards 
Farhan"
"Anonymous, 02 Apr 2021S21 Ultra is one of the best devices this year. I have been using Samsung phones for 10 years ... moreAs for ads Samsung does exactly the same but I've got zero ads on my Xiaomi UK version "
"Anonymous, 02 Apr 2021S21 Ultra is one of the best devices this year. I have been using Samsung phones for 10 years ... moreXiaomi has bloatware yes and so does Samsung who are still one of the worst 🤣 and as for best phone ever I don't think so. I returned my S21 Ultra cameras were underwhelming for the price paid "
"SgRepeat, 07 May 2021Both the Fast & super fast charging toggles are enabled.

I've just noticed that if... moreYou probably have a faulty device. Mine charges perfectly fine with 25w charger in warm conditions and cold..."
"Anonymous, 03 May 2021Just tap on the toggle next to “Fast charging” to turn on fast chargingBoth the Fast & super fast charging toggles are enabled.
 
I've just noticed that if a fan is blowing at the phone or if the room temperature is around 24°C while charging, it charges faster by around 25 minutes. The moment I charge the phone in a room with temperatures of around 31-32°C, the charging time is prolonged by 25 minutes. 
 
Does this happen with all Samsung phones or do I have a faulty unit? "
"SgRepeat, 23 Apr 2021My S21 Ultra is taking 1 hour and 30 minutes to charge from 5-100% with the Samsung 25W Super ... moreJust tap on the toggle next to “Fast charging” to turn on fast charging"
"one plus is s21 ultra 
"
"Sham93, 22 Apr 2021Hi All..need some help with all awesome techies here.

Im about to buy Samsung S21 Ultra, 16... moreI have just done a search on google. Your model number SM-G998B/DS is an international version which means it's the exynos chipset."
"My S21 Ultra is taking 1 hour and 30 minutes to charge from 5-100% with the Samsung 25W Super Fast charger. I'm using the cable supplied with the phone. 
 
Both the Fast charging and Super Fast charging options are enabled on the phone. 
 
Any idea what I'm doing wrong?"
"Sham93, 22 Apr 2021Hi All..need some help with all awesome techies here.

Im about to buy Samsung S21 Ultra, 16... moreJust install  ""cpu z"" apk. It wil tell you what cpu has been used on your device."
"Hi All..need some help with all awesome techies here.
 
Im about to buy Samsung S21 Ultra, 16gb ram, 512 gb memory, made in Taiwan, UK version and the model number is SM-G998B/DS.
 
The retailer told me its snapdragon chipset but as far as i know samsung only has snapdragon chipset on US and china version.
 
Can someone help me.. if this model is really snapdragon or Exynos chipset.
 
Thanks in advance
 
Sham"
"Hi all, how is it that I buy a phone worth 1000 dollars and ain't got charger ? How do they want me to charge that phone ? Where can I find charger appropriate to that phone ?"
"Sweetmarie, 11 Apr 2021Does the S21 Ultra or S21 5g come with a charger and ear buds?No "
"I got the S21 Ultra in January. Definitely faster than my previous phone, definitely heavier too. Battery life is ok. Other than camera I found the bundled apps boring or too data collecting, so bye bye to those and it does not let you access your old favourite apps without alot of hurdles to jump. The phone does get hot. I turned on full 120hz because I can. Occasionally I get black lines across the screen now.  
The phone came with wireless earphones which were awful and I paid extra for a wireless charging cradle which is good. 
 
All in all an ok phone for a premium price tag"
"ME, 01 Apr 2021Samsung has all the right hardware, what stopped me was and still is the constant forcing of s... moreWhat do you mean the contacts are gone after a system update? If the contacts are backed up with your Google account, you shouldn't lose them, but it's a bummer hearing that this happens. "
Does the S21 Ultra or S21 5g come with a charger and ear buds?
After winning the annevasary game how do you get the s 21 
"Iam fine with galaxy note 8, seems it will cover next 2 more years "
"ME, 01 Apr 2021Samsung has all the right hardware, what stopped me was and still is the constant forcing of s... moreS21 Ultra is one of the best devices this year. I have been using Samsung phones for 10 years and I never lost any contacts. I don't know what you are talking about. I am now using a Xiaomi phone and it has the worst version of android that I ever used and never going to buy again.I am not saying that One UI doesn't have problems but what you wrote here is total nonsense. Buy a S21  Ultra and you will see that the positive sides outruns the negative by a mile. You can't recommend someone to avoid such a good device just because you don't like that it has some apps from Sammy, it's again total nonsense. Go buy a Xiaomi with tons of bloatware and adds and then you will see what it means to use and experience a bad software."
"Sud, 26 Mar 2021Would I be better off getting s20 ultra over the S21? if only for the additional features the ultra has but bear in mind there are some camera issue which have sort of been fixed such as autofocus in some instances...look up the review here on gsmarena as they mention its pros and cons"
"Goz, 25 Mar 2021I liked my OnePlus7Pro, I enjoyed my Oppo Find X2 Pro but I have to say I've come back to... moreSamsung has all the right hardware, what stopped me was and still is the constant forcing of samsung software no one wants or uses and no ability to turn them off or choose anything else. Also Samsung have yet not figured out how to save the contacts after a system update. They are always gone after you've updated your phone. Still have a samsung though because no other company have the right hardware. Software wise, your better off with almost anything else in the same price range."
Would I be better off getting s20 ultra over the S21? 
"AlexP, 21 Mar 2021I own Oneplus 8 Pro and I'm glad I don't own any Samsung since S8+I liked my OnePlus7Pro, I enjoyed my Oppo Find X2 Pro but I have to say I've come back to Samsung with the S21 Ultra 512 and am asking myself what stopped me buying Samsung phones. Absolutely flawless in every single way. I'm a fan of the underdogs but there simply isn't one out there that can do the polished job Samsung can. These days that underdogs can't even claim to have that much of a lower cost either."
"Malik , 23 Mar 2021Heating issue while recording video. Thumb impression to unlock phone is very very pathetic. O... moreThe ultrasonic sensor is incredible. Very reliable and don't have to wake the screen to use it"
Heating issue while recording video. Thumb impression to unlock phone is very very pathetic. Oppo is far better then it . Phone camera is good
"Nightmare101, 20 Mar 2021Do you own one? It's better than OnePlus 8 Pro and the others. I own Oneplus 8 Pro and I'm glad I don't own any Samsung since S8+"
"AlexP, 20 Mar 2021Compared to any 2020 flagshipsDo you own one? It's better than OnePlus 8 Pro and the others. "
"Nightmare101, 20 Mar 2021Compared to which phone?Compared to any 2020 flagships"
"AlexP, 14 Mar 2021Gsmarena add 1 more con
Really bad speaker, so review score should be 4 stars maximumCompared to which phone?"
"Gsmarena add 1 more con 
Really bad speaker, so review score should be 4 stars maximum"
"Slow charging, and can not talk longer than 10mins due to overheated issue"
"SEXYBOO, 13 Mar 2021when u trying to use the internet its really slow Definitely not. I'm surprised how much faster it loads pages than my friend's S20 ultra. "
"Anonymous, 12 Mar 2021No mention of 5G Network band list not even on their offical samsung website. WTF! How will I ... morewhen u trying to use the internet its really slow "
"proUser, 30 Jan 2021Just seen demo piece at store.
Its too huge to hold in one hand and heavy.
I would still pre... morenone so far "
"SEXYT BOO , 13 Mar 2021i got mine a few weeks ago so far its ok I'm satisfied. Got son the base s21 he's happy too."
"AnonD-973296, 27 Jan 2021u own one? and if so which version do u have?Just left from this comment to run got 1117. 
Think you have an issue."
"Slym, 12 Feb 2021I got the s21 ultra, 128 GB Snapdragon. Its a beautiful phone, fixed the annoying photo blue f... morei got mine a few weeks ago so far its ok "
"No mention of 5G Network band list not even on their offical samsung website. WTF! How will I know it 5G will work if I order one from Amazon USA, UK or Alibaba because I need 5G band n20 "
No raw or manual mode for the periscope camera is a deal breaker in my opinion.
"pedronevessilva77, 17 Feb 2021i have bought the oppo 256 gb ram and 8 gb rom 5g its a 4th of the price, its prettier and in ... moreLoooool!... It would be better if you said you didn't have the money to buy the S21. You would have made a much better figure !!! ..."
"Rif, 02 Mar 2021is dxomark camera score review true?Yes it is true. I decided to sell it... Disappointed.. "
"Really rubbish wifi connection. So many issues and workarounds on the Web, I have tried them and still dropping constantly. Inferior product at sky high prices. Will stick to my S10"
"Rif, 02 Mar 2021is dxomark camera score review true?I couldn't believe it "
is dxomark camera score review true?
"Snake, 26 Feb 2021Hard to find 512gb of srorage 16gb of ramTrue,  I have it in black glass, changed the dead dull lifeless frosted black at the back. 
Glass looks more shiny like mirror looks. 
I payed £50 extra. "
"Hi, does the front selfie camera record 24 fps video?"
"Tdubs, 27 Feb 2021Dude I have the same question. How does it charge? it charges wirelessly or with usb-C. "
"sam, 21 Feb 2021please can you explain howi can charge the battery ?Dude I have the same question. How does it charge? "
Hard to find 512gb of srorage 16gb of ram
Took a moon photo tonight. It looked like a telescope photo. Awesome. Never had this happen before. 
please can you explain howi can charge the battery ?
"lousy.  just one drop on our laminate wooden floor, even with an otterbox defender case the screen scratched(not deep). my old note 9 gorilla glass is a lot better."
"Anonymous, 20 Feb 2021Apple iphone have only 20 watt so what's wrong with samsungApples 12 promax took 1:32 to fully charge. While the s21 ultra took only 1:11 to fully charge. So samsung is the winner."
"flagshipper, 20 Feb 2021very slow charging.. not a flagship anymore.Apple iphone have only 20 watt so what's wrong with samsung"
very slow charging.. not a flagship anymore.
"pedronevessilva77, 17 Feb 2021i have bought the oppo 256 gb ram and 8 gb rom 5g its a 4th of the price, its prettier and in ... moremy guy mixed up ram and rom lol"
"Dkhd, 31 Jan 2021I just got the S21Ultra 512gb 16gb Ram version.
Tried the 12gb ram, 16gb ram is wa better.What are you doing which is better with 16gb RAM instead of 12?"
"AnonD-961600, 09 Feb 2021Absolutely agree. sorry to disappoint, the S21 line seems to be doing pretty well, better than the S20 line"
"JC, 13 Feb 2021Weird that GSMARENA HASNT UPDATED IPHONE 12 pro max numbers for Antutu. My iPhone 12 Pro Max l... moreantutu is a bit sketchy imo"
"i have bought the oppo 256 gb ram and 8 gb rom 5g its a 4th of the price, its prettier and in my opinion a bit betteter than thae sam 21. 399 euros man...i know what im talking abougt. think befoure you buy... 
all the best... 
oppo rules
"
"Vj, 09 Feb 2021Completely agree about the charger. Its just a marketing stunt to get more out of the customer... moreDoes the S21 Ultra provide free 1 TB cloud storage on Microsoft One Drive? I googled it, but couldn't find anything. "
"a dude, 13 Feb 2021actually buying a charger separately means you use more packaging just for the charger, but al... moreWeird that GSMARENA HASNT UPDATED IPHONE 12 pro max numbers for Antutu. My iPhone 12 Pro Max last score V8.3.8 was 656,629 the one before it was 648,229. I have to say that Antutu is getting worse as a test because for iPhones the numbers are not consistent. My iPhone is pretty high I guess I’m lucky but I don’t think that is the reason."
"actually buying a charger separately means you use more packaging just for the charger, but also even more packaging by the delivery company, more trips taken by the delivery company to deliver the package, i.e. more CO2 emissions, and also get inferior third party headphones, in samsung's case of the premium AKG ones, therefore to wrap this up, in what way do you think this is in any way, ""saving the planet"", yet alone ""saving ur customer from losing brand loyalty 'cause you are removing stuff every year""?"
Would really like to know if the screen also has a 240hz touch polling rate like the Note 20 Ultra does...it's a noticeable difference and can't find that info anywhere.
"I got the s21 ultra, 128 GB Snapdragon. Its a beautiful phone, fixed the annoying photo blue fiasco from the 20 series. It's a slight annoyance not having the SD card but 128 GB is more than enough for me. The headphones I couldnt care less about. The charger I wish they added but it's not a big deal. The screen and camera imo at the price more than make up for it. I recommend.😄"
"Jun, 31 Jan 2021Charging sucks on the ultra. Without the wall adapter it charges really slow (takes 5-6hrs to ... moreWho cares how long it takes to charge, my s20 ultra finished charging about 30mins ago, its currently on 98% and will probably be on 90% when I wake up. I charge it once a day and it gets battered during that time. "
"URSC0003, 06 Feb 2021I find this S21 lineup completely nonsense and idiotic by Samsung leadership and lead architec... moreDual sim is great, I have the s20 ultra, 2 sims, one personal, one for work. Most of my data is in Google drive at £2.49 per month for 200gb. Sorted. "
"Anonymous, 10 Feb 2021Gsmarena reviews the Exynos version since they're based out of Europe. I'd take exynos over snapdragon.  "
"Andrey, 27 Jan 2021With what version of the processor were the photos taken? Exynos 2100 or Snapdragon 888. Is th... moreGsmarena reviews the Exynos version since they're based out of Europe. "
"Vj, 09 Feb 2021Charging a battery to fast can not only be dangerous due to over heating but it also takes a t... moreWith your logic, even 22W charging is quite damaging. 5 or 10W charging is the best for prolonged battery life. "
"There needs to be another battery test run at 1080P and 60hz. There are many reviews on here that have figures for more than one screen refresh rate setting, but not recent S21 reviews. I'd be very interested in how much battery life this and the S21+ achieve at lower settings. "
"URSC0003, 06 Feb 2021I find this S21 lineup completely nonsense and idiotic by Samsung leadership and lead architec... moreAbsolutely agree. "
"Sam, 08 Feb 2021Did anyone know how many hz of touch sensing for S21 ultra?Touch response is 240Hz"
"ypcx, 01 Feb 2021Okay I may be whining too much. But 30 minutes from zero to full would be nicer. The tech is a... moreCharging a battery to fast can not only be dangerous due to over heating but it also takes a toll on the battery and can shorten the battery life. So don't be in to big a hurry to charge it up."
"URSC0003, 06 Feb 2021I find this S21 lineup completely nonsense and idiotic by Samsung leadership and lead architec... moreCompletely agree about the charger. Its just a marketing stunt to get more out of the customers wallet by charging a huge price for a Samsung brand charger. And removing the expandable storage was a mistake. The fact that I could expand my memory up to 1TB on a micro sd card was always the deal maker for why I'd choose a samsung phone over iphones.  They do give you free 1TB cloud storage with Microsoft One Drive but, be assured that in the near future after they force most everybody over to Microsoft One Drive, I'm sure they will start charging for it. Unfortunately I might as well switch to an Iphone since everyone in my family has one and just about everybody i know has an Iphone. Might as well join them."
"Sam, 08 Feb 2021Did anyone know how many hz of touch sensing for S21 ultra?120hz"
"thermal throttling will kill half of your GPU perf after few minutes.  
These chips are so HOOOOT"
Did anyone know how many hz of touch sensing for S21 ultra?
"URSC0003, 06 Feb 2021I find this S21 lineup completely nonsense and idiotic by Samsung leadership and lead architec... moreMe"
"I find this S21 lineup completely nonsense and idiotic by Samsung leadership and lead architects who designed and gave their consent to produce it.  
1) They removed SD card and instead gave dual sim along with eSim support. Who the fu©k uses 3 numbers on its phone ? With no roaming these days, people have stopped using dual SIMs on phone, its complete waste in my opinion. 
2) If apple is eating shit, Samsung doesn't need to eat that shit by copying that and being a tail of apple. If you want to compete with apple then compete in good things like there software support, customer support etc instead of gimmicking people. 
3) Removing charger brick on the name of saving climate is like ... as if we all are fool and don't understand that Samsung wants to mint more profit out of each sale. Instead remove the unnecessary paper work and provide longer software support to its customers so that they can hold these phones for more number of years and reduce the pollution per head.  
4) Selling plastic backs with low configuration at flagship prices is really ridiculous, why one should buy yours? What better are you providing by charging the difference ?
 
I look forward to see how this lineup perform in terms of sales.  
3"
"so now news that exynos chip runs between  3200 and 4100  in multicore  a large variation   
something causing this  issue bug or heating or better chip  
makes sense as cpu is clocked much higher but scores are same as snapdragon "
"azrielnation, 01 Feb 2021camera looks bad at night. lots of noises and muddy. for big ass lens, this a lil bit dissapointNot in night mode it isn't, I've got Exynos version and night mode is great, auto isn't "
"Anonymous, 04 Feb 2021yes it does have an option to record upto 4k videos in hdr 10+.
The feature debuted with the ... more#4"
"Anonib, 03 Feb 2021Do Samsung use hdr10+ metadata to record their videos same as iphone use dolby vision hdr license? yes it does have an option to record upto 4k videos in hdr 10+. 
The feature debuted with the s10 series, a couple of years before apple introduced their dolby vision video recording compatibilities lol with the iPhone 12 series.
"
Do Samsung use hdr10+ metadata to record their videos same as iphone use dolby vision hdr license? 
"Anonymous, 01 Feb 2021Complaining about charging 6 hours 😂😂😂 Why don't get a new charger Get a powerbank. "
"AnonD-961600, 01 Feb 2021True, looks like very rare people can afford the 512gb version.

I received mine on Saturday... morei have samsung A50 6/64 variant. i have only filled up 42g storage after 2 years of use since april 2019"
"ypcx, 01 Feb 2021Okay I may be whining too much. But 30 minutes from zero to full would be nicer. The tech is a... moreYes graphene cells are out there, but the problem is they are not commercially available to the masses as of yet"
"dazed1, 27 Jan 2021Charging speed is already fixed, you should STOP thinking about numbers, and see the results. ... moreOkay I may be whining too much. But 30 minutes from zero to full would be nicer. The tech is already out there (graphene)."
"Jun, 31 Jan 2021Charging sucks on the ultra. Without the wall adapter it charges really slow (takes 5-6hrs to ... moreComplaining about charging 6 hours 😂😂😂 Why don't get a new charger "
"[deleted post]Looks like you have this offer only for Galaxy S21 forum, you think that people here lack it a lot? :-) 
(Reporting you anyway.)"
"azrielnation, 01 Feb 2021camera looks bad at night. lots of noises and muddy. for big ass lens, this a lil bit dissapointThe phone had 2 updates already and the second was for performance and camera and I believe it will get even better over time."
"i0S...Never...Again, 26 Jan 2021114hr Endurance with QHD@120hz. 👍👍👍
Meanwhile, Apple 12 Pro Max with lower resolution and ped... moreTo be fair, the battery test only consists of web browsing, video playback and phone calls. The only area where 120hz is applied is during transitions between videos, and scrolling/loading the webpages. Don't forget that this phone can go as low as 5hz (or whatever the minimum is) as well."
[deleted post]Love phones. That's why we are all here. 
"camera looks bad at night. lots of noises and muddy. for big ass lens, this a lil bit dissapoint"
"Anonymous, 01 Feb 2021You charged using a USB port? No surprise there, really. USB 2.0 ports charge at 5w a hour or 8w if  USB 3.0
 
standard Samsung chargers 15 Watts   
or now 25 watts 
only charges at full speed on a fast charger 
"
"Jun, 31 Jan 2021Charging sucks on the ultra. Without the wall adapter it charges really slow (takes 5-6hrs to ... moreYou charged using a USB port? No surprise there, really."
"proUser, 30 Jan 2021Just seen demo piece at store.
Its too huge to hold in one hand and heavy.
I would still pre... moreI got the S21U 16gb Ram. 
I've rooted it. 
The phone gets really hot too 55 
The phone does not throttle, but instead it drains battery much  faster.  
5000mah phone is now 4000mah after the root.55 celcuis, I don't care or doesn't bother me, because it's hot on top right hand, so we all hold the phone at the middle bottom. 
Yea, but the phone is twice faster than standard, I'm playing games at 70fps, GPU has been raised to 1300mhz from 950mhz, severe battery drain by 30% than standard. Phone is super fast, .. 
Now it shows extreme and turbo on battery section, as well as high performance and power saving.
"
"AnonD-973296, 01 Feb 2021they guy under ur comment apparently didTrue, looks like very rare people can afford the 512gb version.
 
I received mine on Saturday, got the silver glass back one than the dull dead black frosty back.
 
Prefer the glass because when you swipe it clean it, it's so shiny sparkling than Matt frost dull.
 
I also have the Sony 5ii and Note20Ultra 512gb .
 
What phone do you have?
 
I still have my Nokia 8800 Arte in gold and the carbon fibre ."
"AnonD-961600, 31 Jan 2021has anyone bought the s21ultra 512gb 16gb ram version?they guy under ur comment apparently did"
"Zoki, 31 Jan 2021Well if you are unhappy with it, I will be happy to deliver you from your suffering and I will... moreWhat you have no money or out off league to buy this?"
has anyone bought the s21ultra 512gb 16gb ram version?
"I just got the S21Ultra 512gb 16gb Ram version. 
Tried the 12gb ram, 16gb ram is wa better."
"Jun, 31 Jan 2021Charging sucks on the ultra. Without the wall adapter it charges really slow (takes 5-6hrs to ... moreWell if you are unhappy with it, I will be happy to deliver you from your suffering and I will gladly suffer instead of you, while using this phone.  
Happily😁😎"
"I just got the S21Ultra 512gb 16gb Ram version. 
Tried the 12gb ram, 16gb ram is wa better."
"Nick Tegrataker, 31 Jan 2021(Since the old reply to you has been deleted) Thanks :)Your most welcome 👌🏻"
Charging sucks on the ultra. Without the wall adapter it charges really slow (takes 5-6hrs to fully charge from 5%)... Its all hype
"PrYmCHGOan, 27 Jan 2021Why do you even care about benchmarks? In everyday tasks you think the phone is gonna be slow?... moreQuite a few people got their S21 Ultra on the 26th. "
"Anonymous, 31 Jan 2021""The primary camera uses Samsung's latest 108MP ISOCELL HM3 1/1.33"" sensor with... moreThe effective pixel pitch is tripled after binning (0.8*3=2.4), but the pixel area is nine-fold (3*3=9)."
"Shui8, 31 Jan 2021Glad we have people like you in this community, Nick. 👍🏻(Since the old reply to you has been deleted) Thanks :)"
"""The primary camera uses Samsung's latest 108MP ISOCELL HM3 1/1.33"" sensor with 12,000 x 9,000 pixel grid and 0.8µm pitch. It has a Nona-pixel Bayer filter pattern that allows for 9-to-1 pixel binning, so the effective pixel size becomes 2.4µmm and the resolution 12 MP."" - can somebody explain the mathematics behind 9x0.8 = 2.4? "
"Nick Tegrataker, 31 Jan 2021He's right though. No need to mock a person who is simply making a logical argument based... moreGlad we have people like you in this community, Nick. 👍🏻"
[deleted post]He's right though. No need to mock a person who is simply making a logical argument based on facts.
"Amazing phone review. I defiantly buy this product.
"
"Nick Tegrataker, 30 Jan 2021Huawei was involved in the development of BM3D NR and Samsung wasn't. Moreover they state... more*sorry to tell you this"
"TheLastOracle, 28 Jan 2021BM3D technique is basically a image denoising algorithm, and nothing more. And, incidentally, ... moreHuawei was involved in the development of BM3D NR and Samsung wasn't. Moreover they stated in 2019 that the new ISP on Kirin 990 supported it, so it's borderline impossible to assume that Kirin 9000 doesn't use the same algorithms. 
Now, looking back at the GSMA's low light photo comparison chart, Mate keeps the noise level lower in low frequency areas while maintaining comparable or even slightly higher amount of texture details as S21U (and Mate achieves this despite using the centre 9MP crop of its sensor, vs S21U's full 12MP). 
 
I'm sorry tell you this, but I don't see what you're seeing at all."
"Just seen demo piece at store. 
Its too huge to hold in one hand and heavy. 
I would still prefer size of normal s21.
 
Anyone bought normal s21 give feedback about : 
1) heating issue 
2) battery life 
3) camera review"
""" or a ruggedly handsome attempt gone sideways and looking like a project done in haste instead.""
 
What bias planet are you from? The freedom refresh is one of the only upgrades here. And if this looks that bad then nothing in the market looks that great."
"new leaks of exynos amd  where graphics scores are doubling the IPhone 12  a14  which could well be true as exynos been marketing it significantly  looks like last chance  redeem them self's  
 
this is good as it creates more competition where everything improve much faster like old exynos vs snapdragon from s2 3 4 5 
"
"Troll, 29 Jan 2021I've just received the silver 512gb with 16gb Ram version.
I've rooted it , it'... morenope that obviously  fake all latest android processors can barely be overclocked "
"Another huge bug found. If you accidentally slide down the screen in games, the notifications bar will be stock on top of the game. Only way to remove it, is closing the game totally, and open it all over again. Navigation bar goes away, but not the notifications bar.
 
Yet another thing you didn't mention, because Samsung didn't allow you. "
"I've just received the silver 512gb with 16gb Ram version. 
I've rooted it , it's overclocked CPU, and upgrade the GPU to 1300mhz. 
Omg, it's 2 times faster than standard. The graphics are on 70fps than standard 60fps rubbish.  
The phone is very fast zippy than standard. The phone reached 45 celcuis hot, doesn't or don't give a rat's about being even 50 celcuis. Doesn't throttle. CPU governor is always on extreme, so CPU Idols at 80% all the time. The battery drain is 30% more than standard. I keep a 3000mah power bank with me .
 
After rooting, no one or anyone would go back too P O S standard. 
In extreme version this is 2 years ahead like having S23"
"miki69, 26 Jan 2021Thanks for the in-depth review.

To GSM Arena team - You may want to update specification pa... moreIts because the S2x series rely massively on night mode, if you compare night mode photos you will see the big difference."
"Anonymous, 27 Jan 2021Go purchase a 50$ wired and wireless earphones and tell me you don't discern a difference... moreYou miss the point. People just don't compare wireless vs wired headphone at the same price point. People just buy wireless because it's convenient and cool. I have some friends that cannot feel the difference between my 300$ audiophile headphone to 20$ headphone, or 200$ iem to stock samsung iem. Anyway, price dont justify the quality, most wireless headphones are average compare to headphone audiophile grade on lower price."
Lovely
"TheLastOracle, 28 Jan 2021BM3D technique is basically a image denoising algorithm, and nothing more. And, incidentally, ... moreHuawei clearly stated during the Kirin 990 announcement that its ISP uses BM3D NR to handle noise in still images, and if you do a bit of research you'll find out that this very algorithm is indeed developed by University of Tampere and Huawei - which explains why no smartphone/camera manufactures but only they managed to implement it on their products. Have Qualcomm or Samsung stated anywhere that they use the same algorithm on their flagship SoCs? If you know then please kindly quote.
 
It's also worth mentioning that BM3D NR has some interesting characteristics - Noises in low frequency areas of an image are swept away whereas textures and lines are selectively preserved instead of turned into an oilpainting - which Mate exactly shows in its image. On the other hand, S21U still leaves a bit of noise in smooth/immacurate sections in the frame while losing some details (See the fish on the lower right corner). I should ask, where is your assumption that S21U uses BM3D NR coming from?"
"Could you please update review about changes brought by adding Google Feed and Google Messages. 
Or are these changes not present in OneUI 3.1?"
"TheLastOracle, 28 Jan 2021BM3D technique is basically a image denoising algorithm, and nothing more. And, incidentally, ... moreI've compared it, a lot of time. Can't unsee how bad the S21 Ultra oversharpened things, especially in low lights. Look at the tied rope in the middle right, details are identical between Mate & S21, but S21 introduce more noise & artificial sharpening."
"Nick Tegrataker, 28 Jan 2021You're totally right, but it's really unfortunate that Mate 40 Pro only uses the cen... moreThe upscale crop technique is a bad habit. Looks like they want to control the camera bump thickness, by sacrificing a bit when pixel peep."
"Shui8, 28 Jan 2021Lol those HUGE margin you call obviously just an artificial detail caused by excessive oversha... moreBM3D technique is basically a image denoising algorithm, and nothing more. And, incidentally, the Ultra has better noise handling than the Mate40 in low light as well. See the comparison link again of the 3 cameras. It has the lownlight photos in the comparison tool as well. 
Most likely, the Ultra is using the BM3D noise reduction algorithms, and the Mate isn't. "
"Shui8, 28 Jan 2021Lol those HUGE margin you call obviously just an artificial detail caused by excessive oversha... moreYou're totally right, but it's really unfortunate that Mate 40 Pro only uses the centre 9MP portion of the image and upscales it which is clearly reflected on GSMArena's photo comparison chart (softer edges and more jagged lines compared to Mate 30 Pro). A part of me kind of wished that GSMArena would've taken a photo at 0.8x magnification where no crop is applied to the image, though at the same time I know it would be totally unfair if I blamed it on them."
"dazed1, 27 Jan 2021Charging speed is already fixed, you should STOP thinking about numbers, and see the results. ... moreI top-up my phone when I go take a shower. What Samsung offers now is too slow for that."
"TheLastOracle, 26 Jan 2021In the Comparison tool of gsmarena, between the Samsung S21 Ultra, the iPhone 12 Pro Max and t... moreLol those HUGE margin you call obviously just an artificial detail caused by excessive oversharpening. Its called overprocessing, with a bit of noise too. 
 
Iphone 12 Pro Max does worse, oversharpening + smudging + noise everywhere. Less processing, but way more artifacts. I'll take S21 Ultra over it anyday.
 
As for Mate 40, its the most natural when it comes to details. Actually it resolve almost the same as S21, but kept sharpness & noise reduction well controlled, thanks to the BM3D technique. Yes it is softer than others, but thats how it should be. "
"Anonymous, 27 Jan 2021Go purchase a 50$ wired and wireless earphones and tell me you don't discern a difference... moreNot sure I follow, explain better. In the wired category, I always had earphones that came with the phone. So pretty good (AKG). Last with my Note 8 and Note 9. I also have a wireless $100 earphones and $450 headphones. That being said, I like how all of them sound with some tweaks in EQ, sound profiles, etc."
"TheLastOracle, 27 Jan 2021Since you're so confident of your theory, you could do this to photos from whatever camer... moreWithout added sharpening:
https://i.imgur.com/FLcT52e.jpg 
https://i.imgur.com/ZOH07mU.jpg 
https://i.imgur.com/LJRIiyF.jpg 
 
With added sharpening (150, radius 3):
https://i.imgur.com/fVpOLP9.jpg 
https://i.imgur.com/iFjQBoR.jpg 
https://i.imgur.com/47bhP9W.jpg 
 
You should probably test it out yourself if you still have any doubts."
"A comparison with the Xiaomi 10 Ultra periscope camera would be interesting. 
A Xiaomi 10 Ultra vs P40 Pro Plus full resolution comparison at gizmochina shows that the 120mm equivalent Xiaomi 10 Ultra periscope camera can occasionally beat the 240mm equivalent periscope camera of the P40 Pro Plus regarding distant objects. Maybe the quality of the P40 Pro Plus lens is worse or maybe the image processing is worse. 
I wonder if the Xiaomi 10 Ultra periscope camera beats the S21 Ultra regarding distant objects. My impression is also that the Xiaomi 10 Ultra periscope camera seems to take the best and most natural moon photos."
With what version of the processor were the photos taken? Exynos 2100 or Snapdragon 888. Is there a difference in photo quality when the processor is different?
[deleted post]Dual sim means you can used two sim  on that phone and your second question mean both sim have that network frequency you mention
"AKW2020, 27 Jan 2021Thank u so much. It called bbk electronics, include Oppo Vivo Oneplus Realme and iqoo. It will... more1100usd for my find x2 pro back in may 2020"
"Hellfire, 27 Jan 2021I just run geekbench 5 on samsung s21 ultra and single core results is nowhere near 1000u own one? and if so which version do u have?"
"https://japantoday.com/category/tech/samsung-display-unveils-new-low-power-oled-display-for-smartphones  
Looks like there's secret sauce in the Ultra oled panel reducing power draw vs all other oled phones"
"Nick.B, 26 Jan 2021Oppo is the top of the brands in the Group (don't know what the name of the group is). Ye... moreThank u so much. It called bbk electronics, include Oppo Vivo Oneplus Realme and iqoo. It will be perfect if we can active both 3 fingers swipe and navigation button for screenshot together. I like Oppo X2 Pro and Find X. Vivo X60+ Pro has that leather back idk about slip. But Find X2 Pro is enough altough i can only buy mid range phones. Xiaomi is cheaper but there is news to data colleting idk about other chinese but high price of Oppo and Vivo seems explain it. "
"No MicroSD, no carger? Samsung thinks they are Apple now? No more Samsungs for my Galaxy Note 9 is the last Samsung phone... "
"Thanks for the review. Love the jabs at Samsung and its attempt to ""save the planet"". GSMarena keeping it real lol"
"Joe, 27 Jan 2021BBK they own Oppo, Oneplus, Realme and Vivo just clarifying. This makes no sense whtasoever my guy.They do. And the top dog is Oppo. End of story. 
Check it if you want. "
"So it seems that the phone changes cameras in certain conditions when zooming, especially in low light. Then, I understand, it crops the 108MP photo to ""zoom in"" instead of using the dedicated zoom camera.
 
How can we tell whether a photo was shot using zoom lens or the main one in that case? "
"Nick Tegrataker, 27 Jan 2021Nope, the ringings on photos from phone cameras are caused (or emphasised) by oversharpening m... moreSince you're so confident of your theory, you could do this to photos from whatever camera you use, and upload them somewhere and share the link. Theoretically, this should apply to any camera. I would gladly agree with you, if I see the actual results. "
"Hellfire, 27 Jan 2021I just run geekbench 5 on samsung s21 ultra and single core results is nowhere near 1000Why do you even care about benchmarks? In everyday tasks you think the phone is gonna be slow? When was the last time you used a Samsung phone?
 
Benchmarks don't mean jack. I dunno why people even talk about them.
 
The phone isn't even available. Where are you getting your benchmark data?!"
"TheLastOracle, 27 Jan 2021The ringing artefacts are due to how much they resolve. This is moire and aliasing happen in p... moreNope, the ringings on photos from phone cameras are caused (or emphasised) by oversharpening most of the time and are nothing to do with how much details are being resolved. Samsung, as always, applies too much sharpening to its image resulting in this odd ""whitening"" of edges as well as some discolourations in finer textures. Pit it against Find X2 Pro and Mate 30 Pro and you'll see what I mean - they all capture comparable amount of details yet photos from both X2 Pro and Mate look softer, more natural (especially in small lines/texts) with less obvious edge enhancement artifacts.
 
Here are some simple steps to create ringing around edges in your photos: 
1. Select any image (including RAW) and import it to Lightroom. 
2. Take the sharpening slider all the way up to the right and use the largest sharpening radius settings. 
3. You should see white borders on high contrast edges. "
"Anonymous, 27 Jan 2021Go purchase a 50$ wired and wireless earphones and tell me you don't discern a difference... moreWe do, we just don't care about the difference."
"AnonD-973296, 26 Jan 2021i tried the dual aperture system on the s10e, it was from f/1.5 - f/2.4, tbh i did not see muc... moreIn daylight, the only notable difference you can see between those two apertures are natural bokeh and depth of field. But in lowlight, the larger f/1.5 definitely helps a lot since more light can enter into the sensor. f/2.4 in low light is not what I call 'ideal'.
 
GSMArena did wrote a good explanation about the difference between the two aperture: https://www.gsmarena.com/samsung_galaxy_s9-review-1734p7.php "
I just run geekbench 5 on samsung s21 ultra and single core results is nowhere near 1000
"Pattern like last boss, not many can win. Like the raw capability though, wonder if it can do 108mp for monochrome or it saves just 12mp..."
"Anonymous, 26 Jan 2021trust me, the performance will feel slow in 2 years later :)
Let me guess, your last Samsung was the galaxy S6? "
"Anonymous, 26 Jan 2021Probably a different cooling solution and/or reduced max power draw.should  technically perform  better but thus could be reasoning  for 1080p display as a 1440p uses kite power which overheat faster  especially in smaller devices as they is less room for  the heat 
 
also reports of snapdragon 888 running very hot  
and exynos runs hot anyways  but looking at reviews they seem to throttle devices  at 40c compared to snapdragon 45 c"
Now S21 can open EIS and HDR during Ultra 4K @ 60 FPS video recording? Can it do this in all lenses or not? 
"Nick Tegrataker, 27 Jan 2021S21U seems to suffer from a ton of ringing artifacts from excessive sharpening, though. It... moreIPhone has tons of noise in their low light images. Simply unacceptable on a flagship as mid rangers with gcam are outperforming the iPhone in low light. "
"And I will add one more thing , to all things that I wrote. 
You see , i was hater of Iphone bih time , because they used to use lcd screens. 
I hate them , visibility on them is ugly..... 
Colour , everything
 
Now when iphone uses samsungs display or AMOLED , I have to say , iphone is the best"
"You can all talk the talk , but there are plenty of reasons why is apple better , and trust me on this, there was no bigger fan than me for Samsung. 
Had them all from note series , not the s seris , s series was always way worse , until note 20 ultra. 
Why is iphone better , everyone says that its closed system and it is , but also , you instal on pc 3utools , or imazing , and you can do whatever. 
All apps are available to buy eaven from my shity country. 
 There are far less bugs than android but never mind that. 
Now I will quote the one of the best things for something that iPhone does. 
SIMPLICITY. 
What is his nature , what does he do... 
That was silence of the lambs...
 
Iphone just works or it doesn't 
 
I hate notch on iPhone yes , I hate speaker grill on iPhone , yes , I hate the wery big price but that is it.
 
On samsung 
There are still two versions of the same phone exynos and snapdragon, why? 
Why two versions???? 
Is there a reason?
 
Technology is now great , is there a need to make the phone with camera bump on side , that can kill a man , and phone is shaking on side because of uneaven camera bump. 
Also , curved screen , I don't know.
 
Everything on side , why two chips , why?
 
So they can push us in Europe with shits?"
"Nick Tegrataker, 27 Jan 2021S21U seems to suffer from a ton of ringing artifacts from excessive sharpening, though. It... moreThe ringing artefacts are due to how much they resolve. This is moire and aliasing happen in patterns due to the Bayer Pattern, in every known pattern. It can be undone with post processing, but it reduces detail even further. I know how it can be removed even without post processing. But I want to only share it with Samsung (so they have the patent for this). Maybe even have ny name on th patent ;-) 
 
If iPhone 12 Pro Max resolves around 12 MP, the Mate 40 Pro Maz resolves about 18, while the S21 Ultra resolves around 24MP. That's why the dining pattern is available only on the Samsung. The other two have way lesser details to begin with. Samsung could reduce the aliasing/moiré with algorithms optimization too, only for very close lines, especially perfect geometrical ones. "
"Solun1, 27 Jan 2021To each his own. If you require certain features like SD card or a 3.5mm jack, don't buy ... moreGo purchase a 50$ wired and wireless earphones and tell me you don't discern a difference between audio quality.
 
You must be partially deaf or you are comparing 50$ wired to 300$ wireless"
"dazed1, 27 Jan 2021Charging speed is already fixed, you should STOP thinking about numbers, and see the results. ... moreYes"
There is just too much camera difference in S21 and S21 ultra. And that's why I prefer buying Apple. Not much significant difference in lower or higher versions.
"To each his own. If you require certain features like SD card or a 3.5mm jack, don't buy the phone. But please stop trashing it. Most buyers of this phone are not tech people and Samsung knows it. These people are willing to use wireless earphones or headphones because they don't care about a micro-difference in sound quality. You WON'T be able to hear the difference unless you are ripping your music from CDs or use Tidal Hi-Res subscription. And most people are fine with with only 512 GB memory (or they can buy a lower memory version if that's sufficient for them). Among my friends, I am considered a person who has an enormous amount of data on his phone but even I struggle to fill my 512 GB Galaxy Note 9 and I don't even have an SD card in my phone because there really is no point for me. If you need 2 TB storage on a phone, then you simply need to buy a different phone. Just don't trash this one for a reason that most real buyers won't even consider to be an issue."
"ypcx, 26 Jan 2021okay they fixed the battery endurance, hopefully they'll fix the charging speed next year... moreCharging speed is already fixed, you should STOP thinking about numbers, and see the results. It gets 5000 mAh full in 1 hour or so, is that slow for you?"
Have not used a wired headset foy years and would not be foolish enough to add a crappy slow SD card even if it did support it. 
"Steve, 26 Jan 2021OPPO's UI? Lol. It's a copy cat version of One UI.You definitely haven't used Color OS then. It's more like EMUI but with more consistent and streamlined UI design."
"TheLastOracle, 26 Jan 2021In the Comparison tool of gsmarena, between the Samsung S21 Ultra, the iPhone 12 Pro Max and t... moreS21U seems to suffer from a ton of ringing artifacts from excessive sharpening, though. It's also worth noting that P40 Pro isn't being aggressive with noise reduction, but plagued with noticeable softness and slight aliasing in high contrast edges and due to upscaling (Its stock camera app blows a 9MP image up to 12.5MP for no clear reason). With that said, Mate 40 Pro would've been more appropriate for this comparison due to more mature software processing IMO.
 
On the other hand, iPhone 12 Pro Max cooks fine details in such a hideous manner and I don't think it even deserves to be included here. I have no idea how they managed to make it worse than iPhone 11 Pro in this regard."
"Nick.B, 26 Jan 2021Oppo is the top of the brands in the Group (don't know what the name of the group is). Ye... moreBBK they own Oppo, Oneplus, Realme and Vivo just clarifying. This makes no sense whtasoever my guy."
"Anonymous, 26 Jan 2021I got my pre order upgrade from Vodafone UK today. Fantastic phone so smooth and fast. And I c... more""Go get one"", huh. Sounds familiar... Like ""Drink Coca-Cola"" :-) 
Arena already wrote that they installed 1 gig patch on Ultra for the review - and it didn't help the camera much, it's still nowhere near fab. But feel free to post your ""fab"" samples."
"Same Exynos 2100 in both s 21  & 21 ultra but benchmarks score is very different in gsmarena review , why?"
"i0S...Never...Again, 27 Jan 2021Yes it is a thing...
Same was said about 4k video recording few years back.
Look where it is... moreyes i agree, but shouldn't we wait for more pro grade DSLR do the 8K stuff and then have it slowly trickle down into smartphones? i'm assuming someone also said this when 4K first came into phones"
"AnonD-973296, 26 Jan 2021should 8K video even be a thing on phones, i feel like we should leave that to Cine and prof g... moreYes it is a thing... 
Same was said about 4k video recording few years back. 
Look where it is right now.  
We already have phones producing sharp 4K 30/60/120fps with a generous bit-rate, high dynamic range, low noise and great stabilization. 
By 2025, we'd see 8k being as good as current 4k video recording on smartphones. "
"The 108 megapixel jpgs are still very bad due to the Nona Bayer array. Theoretically, if the lens was sharp and if the sensor was a Bayer sensor, a crop of the 108 megapixel sensor would outperform the ""3x"" camera regarding distant objects."
"okay they fixed the battery endurance, hopefully they'll fix the charging speed next year too. 
until then, this isn't a livable phone for me."
"I got my pre order upgrade from Vodafone UK today. Fantastic phone so smooth and fast. And I can tell you now the battery life is holding up very well on Exynos version. It's not been draining fast at all and that's using Adaptive refresh rate and Quad HD. Also the preview where GSM Arena showed awful camera quality, it was the same for me out the box too. An update of over 1 gig in size fixed it and cameras are now fab. And not getting any heating up when I set the phone up, only slightly warm even when fast changing. Go get one it's excellent "
"Anonymous, 26 Jan 2021Had the s20 5g battery life a nightmare had to charge the phone twice a day binned it for ipho... moreThat's weird because my S20 Ultra 5g lasts over a full day without charging and I use it all day."
"JT, 26 Jan 2021They will probably fix that with an update or two, at least I hope they will as mine arrives i... moreGot mine today and 2 software updates straight away"
"AnonD-973296, 26 Jan 2021ya but the only problem is that the camera is really center focusedI checked the comparison again, after reading your comment. The Samsung isn't any more centre focussed than either the iPhone or Huawei. 

"
"AnonD-973296, 26 Jan 2021ya but the only problem is that the camera is really center focusedAll cameras with larger sensors will have that. Atleast until they have lower f-stops or newer lens designs. Lens designs in smartphones needs a complete overhaul. Huawei and Samsung are already doing great work with the CFA (though it can be improved tremendously with a CFA trick beyond CFA design).
 
The staggered sensor really is pretty stellar, as promised. Ans luckily the new SoCs are able to process the necessary algorithms well. "
"This looks promising... 
I hope Samsung makes the ""Last"" Note Ultra to be spectacular in battery and screen"
"Steve, 26 Jan 2021OPPO's UI? Lol. It's a copy cat version of One UI.wdym, it looks nowhere anything like oneUI, it's not even close"
"AKW2020, 26 Jan 2021What about vivo? And Can we take screenshot by 3 fingers swipe and/or by navigation bar on opp... moreOppo is the top of the brands in the Group (don't know what the name of the group is). Yes, vivo and oneplus are same company as oppo. It is just they are on different levels. Like Oppo is the apple and the rest are good, just not the top dog. 
 
Yes on oppo you have 3 finger swipe screenshot, also scrolling one (one super high photo of the screenshot) and navigation screenshot too and all else"
"Nick.B, 26 Jan 2021Buy Oppo you will not regret. I jumpet from Samsung to LG, LG to Huawei, and Huawei to Oppo. M... moreOPPO's UI? Lol. It's a copy cat version of One UI."
"Nick.B, 26 Jan 2021Buy Oppo you will not regret. I jumpet from Samsung to LG, LG to Huawei, and Huawei to Oppo. M... moreWhat about vivo? And Can we take screenshot by 3 fingers swipe and/or by navigation bar on oppo? I don't know this about BBK brands."
"TheLastOracle, 26 Jan 2021Yes. The S21 Ultra is miles ahead of the competition. ya but the only problem is that the camera is really center focused"
"AnonD-973296, 26 Jan 2021u can see a lot of the difference when u look at the dollar bill in low lightYes. The S21 Ultra is miles ahead of the competition. "
"trust me, the performance will feel slow in 2 years later :)
"
Had the s20 5g battery life a nightmare had to charge the phone twice a day binned it for iphone 11 pro max wont be going back to android any time soon
"Anonymous, 26 Jan 2021Anyone else wondering why the S21, powered by the same chipset, performs so poorly in the benc... moreProbably a different cooling solution and/or reduced max power draw."
"AnonD-973296, 26 Jan 2021but u already have a USB-C cable and charger brick with u, why u need another? just use that t... moreI need a charger for my new phone as I sold my old phone and the buyer needed it for obvious reasons."
"Dometalican, 26 Jan 2021Different then wired and since the LG V20 never supported wireless charging, I don't have that.so now ur in a bit of a dilemma i suppose"
"AnonD-973296, 26 Jan 2021oh, then what about wireless charging pads?Different then wired and since the LG V20 never supported wireless charging, I don't have that."
"Dometalican, 26 Jan 2021Because no phone maxes at 15W nowadays...oh, then what about wireless charging pads?"
"AnonD-973296, 26 Jan 2021but u already have a USB-C cable and charger brick with u, why u need another? just use that t... moreBecause no phone maxes at 15W nowadays..."
"Dometalican, 26 Jan 2021I don't buy many devices. My current one is the LG V20 so 15W charger. I know, I could ju... morebut u already have a USB-C cable and charger brick with u, why u need another? just use that to charge this"
"AnonD-973296, 26 Jan 2021how are the no accessories in the box a no-buy?I don't buy many devices. My current one is the LG V20 so 15W charger. I know, I could just buy one but I'd, you know, rather not. Lol.
 
It's a shame I feel Sony will go in the same direction."
"Anonymous, 26 Jan 2021Is this the Exynos Variant of the Phone? Yes"
"Dometalican, 26 Jan 2021Congrats on the battery life. I'll give them that. But no headphone jack, accessories in ... morehow are the no accessories in the box a no-buy?"
"Anonymous, 26 Jan 2021Is this the Exynos Variant of the Phone? In the performance part, they state: Our Galaxy S21 Ultra review unit has the Exynos chipset inside and has 256GB of storage and 12GB RAM. "
"Congrats on the battery life. I'll give them that. But no headphone jack, accessories in the box, and especially no microSD card slot makes this a no-buy for me.
 
For people on the fence, I'm sure the Oppo Find X3 Pro will have a better package despite missing the jack and card slot as well (4X the storage though...).
 
I however, am waiting to see what the Xperia 1 Mark iii will offer. They only had two issues last year and if they resolve them this year, I'm pre-ordering."
"Anonymous, 26 Jan 2021Is this the Exynos Variant of the Phone? Exynos "
"TheLastOracle, 26 Jan 2021In the Comparison tool of gsmarena, between the Samsung S21 Ultra, the iPhone 12 Pro Max and t... moreu can see a lot of the difference when u look at the dollar bill in low light"
The downsized pics from 100mp are just perfect...reminds me pureview images! What a mess Samsung makes on their image processing! :(
"In the Comparison tool of gsmarena, between the Samsung S21 Ultra, the iPhone 12 Pro Max and the Mate 40 Pro Plus, the Samsung is ahead by a HUGE margin. It wad way cleaner photos, much lesser noise reduction, much sharper detail, and the photo is way better in almost every way. In low light photos, the Mate 40 Pro Plus has very aggressive noise reduction, that almost ruins the details. On the Pink colouter Earring/Keychain, every fibre of the material is visible on the Samsung. And the Detail of the Lincoln in the Currency is superb. 

https://www.gsmarena.com/piccmp.php3?idType=4&idPhone1=10596&idPhone2=10237&idPhone3=10118 "
"Anyone else wondering why the S21, powered by the same chipset, performs so poorly in the benchmarks as compared to the S21 Ultra? "
"YUKI93, 26 Jan 2021That is why I still maintain that the S9 and S9+ produce the best camera photo quality out of ... morei tried the dual aperture system on the s10e, it was from f/1.5 - f/2.4, tbh i did not see much of a difference other than f/2.4 being a very tiny bit darker, where would u really notice the difference? low light maybe?"
"Does anyone know if the S21 Ultra is able to record HDR video in 4K 60 fps resolution? 
On the S20 series this was not possible. When recording 4K video, you had to choose between either 60 fps or HDR. Could not have both at the same time. Hopefully this is now supported in the S21 series."
"Anonymous, 26 Jan 2021Just look at Gsmarena photo comparison tool.... IPhone is the worst.
Tons of noise in low lig... moreCons of using a tiny sensor. You can only squeeze out so much out of a small sized sensor.
"
"Anonymous, 26 Jan 2021I think you already booked one?Why would I book this? 
I am skeptical about this as it isn't worth the price it launched in my country.
 
Exynos 2100 while not being as bad as Snapdragon Exynos 990, is still rather unimpressive, despite how it looks on paper compared to Snapdragon 888. 
 
I am waiting for what the Chinese manufacturers have to offer this year. 
They always bring their 'A' game. "
"Anonymous, 26 Jan 2021It does. 

Check S20, OP8 Pro and 5ii.  
All tested at 60 and 120. 
120 had worse results.... moreBut he is talking about S21 Ultra. Why are you bringing in old phones?
 
Besides, OP8 pro already had better battery life with QHD@120hz than other flagship phones from Sony, Samsung or Apple.
 
You are literally asking Gsmarena to lock it at 60hz and test even though it isn't meant to be used at 60hz in the first place. Why don't you buy the phone, dial the refresh rate  
down to 60hz and then finally shhhut upp about it. "
"miki69, 26 Jan 2021Thanks for the in-depth review.

To GSM Arena team - You may want to update specification pa... moreThat is why I still maintain that the S9 and S9+ produce the best camera photo quality out of all Samsung S series model to date. The dual aperture system is definitely a worthy feature to have. "
Is this the Exynos Variant of the Phone? 
This is a very good phone from Samsung Galaxy review
"Anonymous, 26 Jan 2021Dude the improvement in dynamic range is huge.No deal. S9 did not have any Night Mode when it was released. Even thought it could resolve so much better photos in terms of details and sharpness. Look at the skies... On S21 Ultra it's a mess and nightmare to be honest... "
"Anonymous, 26 Jan 2021It does. 

Check S20, OP8 Pro and 5ii.  
All tested at 60 and 120. 
120 had worse results.... moreSony will waste your phone's battery by implementing 120 Hz in their Xperia flagship soon."
"Shahar , 26 Jan 2021So you mean to tell me that the s20 fe 5g has almost same battery life with smaller battery, o... moreThen get the S20 FE 5G. S21 Ultra is not for you."
"miki69, 26 Jan 2021Thanks for the in-depth review.

To GSM Arena team - You may want to update specification pa... moreDude the improvement in dynamic range is huge."
"Nick Tegrataker, 26 Jan 2021The S21 Ultra's display goes brighter and unlike Find X2 Pro's, it has got the true ... moreI am more interested in real reproduction of the colors. Things I can see.  
VRR I cannot see with my eyes. And energy efficiency too. It is like explaining why your car is better yet slower than other car. Explaining is not good for something you want to be best.
 
Looking at camera performance, s21ultra is yet again not the 2021 phone. Like the s20,and previous all the way to s6edge which was brilliant."
"miki69, 26 Jan 2021Thanks for the in-depth review.

To GSM Arena team - You may want to update specification pa... moreBuy Oppo you will not regret. I jumpet from Samsung to LG, LG to Huawei, and Huawei to Oppo. Man, it is on another level on speed, camera, screen. 
Trust me and do it.
 
Also Oppo's UI is way too underrated!!! It is really impressive and intuitive!!! And so many nice features. Just like in any other huawei, samsung, lg, or whatever, or even better than those in some scenarious.

"
"Hurm I change my mind about S21 Ultra camera. Upon this detail review, clearly its not the best in terms of quality.
 
The best part? The most consistent. All four sensor produce identical look, great job there. Really hope that GSMA can compare the camera quality with Mate 40 Pro+/ P40 Pro+, the only other company that provides 10x optical zoom."
"Anonymous, 26 Jan 2021Lol awkward design? This is the best design Samsung ever made.
How can you even say that the ... moreExactly :)))"
"Loked at ultra 21 and i hate the way it looks. 
It looks wery bulky , but that is no problem , ugly cameras , i could live with that to. 
But its shape , it is narrow and long is what bothers me. 
So , i compared iphone pro max 11 and s21 ultra and have to say , iphone is the king"
"Thanks for the in-depth review.
 
To GSM Arena team - You may want to update specification page, as it's written on Corning site that both back and front of S21 Ultra is made of Victus glass (you can check this info here - https://www.corning.com/gorillaglass/worldwide/en/products-with-gorilla-glass/smartphones/samsung/samsung-galaxy-s21-ultra.html) 
 
I'm quite surprised how little improvements in main camera has been made for all these years, just check S9+ images vs S21 ultra: 
S9+: https://fdn.gsmarena.com/imgroot/reviews/18/samsung-galaxy-s9-plus/camera/gsmarena_030.jpg  
S21U: https://fdn.gsmarena.com/imgroot/reviews/21/samsung-galaxy-s21-ultra/camera/gsmarena_101.jpg 
 
S9+: https://fdn.gsmarena.com/imgroot/reviews/18/samsung-galaxy-s9-plus/camera/gsmarena_031.jpg  
s21U: https://fdn.gsmarena.com/imgroot/reviews/21/samsung-galaxy-s21-ultra/camera/gsmarena_102.jpg 
 
S9+: https://fdn.gsmarena.com/imgroot/reviews/18/samsung-galaxy-s9-plus/camera/gsmarena_032.jpg  
s21U: https://fdn.gsmarena.com/imgroot/reviews/21/samsung-galaxy-s21-ultra/camera/gsmarena_104.jpg 
 
You see better dynamic range, and some minor improvements here and there, but nothing like ""day and night"" difference.
 
The only reason (for me) upgrading my ancient old S9 to S21 Ultra is getting latest Android 11. Other than that, aside from zooming capabilities I'm really not keen to make a switch.
 
Cheers,

"
"Anonymous, 26 Jan 2021Xbox, PS, Nintendo emulators already available on Android in your pocket... Not emulators, but streaming. No xbox emulator exists for android, switch emulator needs a specific controller, even then only low end games run at playable speeds on flagship 888. No ps4 emulator either. Ps2 emulator is trash too, like 10 games playable, and may glitch at some point in the game. Only good ones are 3ds, gamecube/wii and psp emulators with most games playable even on midrangers."
"So you mean to tell me that the s20 fe 5g has almost same battery life with smaller battery, older chipset and lower price? And the screen is locked at 120 Hz? Wow S21 ultra is really bad this year.. "
@GSMarena Which Chipset did you use in the review?
"YUKI93, 26 Jan 2021To be brutally honest, I'm not happy with the S21 Ultra's daylight photos at all. Th... moreThey will probably fix that with an update or two, at least I hope they will as mine arrives in 2 days."
Would not cancel my order if it had flat screen.
"ben7337, 25 Jan 2021Is this review of the Exynos model or the Snapdragon model? Asking specifically out of curiosi... moreIt is the exynos model as they have already mentioned."
"To be brutally honest, I'm not happy with the S21 Ultra's daylight photos at all. There is too much oversharpening and noise effect going on here. I actually see better photo quality with the S20 Ultra. The only consolation I will give is the S21 Ultra's native 3x telephoto camera. It does produce a much better 3x zoom photo than the S21's 3x crop zoom camera.
 
It's a totally different story for lowlight though. While there is some sharpening involved, it's not as severe as in daylight condition. Even the noise is gone as well. It seems that the updated sensor's Nona Bayer filter modifications algorithm now pays off in low light. It is much better than both the S21 and also the S20 Ultra."
"Nick Tegrataker, 26 Jan 2021You were claiming that LTPO technology and the adoptive refresh rate failed to make a differen... moreWhy does not Note 20U last well?  
Why doesn't Pixel 4 last well (switches 60-90)?  
Why dont Sharp phones last well (drop to 1Hz)? 
 
Problem is:   If it spends more time at 120, it gives worse results. If spends more time below 60, it gives better results.   
*** You do not create standard this way to compare to previous generation.  Is it that hard to understand?    
People cant read these days, no surprise so many lunatics become presidents these days. 
 
Most of the gain was during calls. Exynos 2100 is still worse than SD, but better than last year. 
 
By the way, Note was not tested the way 21 Ultra was. But locked at 60 and 120.  It has LTPO. 
"
"Anonymous, 25 Jan 2021So, main camera is 26mm and periscope is 240mm.
But Samsung advertises as 10x. Again fooling ... moreHuh? The main camera has a 24mm equivalent lens, so the 10x telephoto lens is indeed 10x in terms of the magnification."
"Nick.B, 26 Jan 2021""""Pros
The best OLED screen, 1000+nits, 1440p, 120Hz, HDR10+, S-Pen.""""
... moreThe S21 Ultra's display goes brighter and unlike Find X2 Pro's, it has got the true VRR instead of a simple 60/120Hz auto switch. Not to mention that the panel itself should be also more power efficient and produce less heat thanks to LTPO technology."
"Anonymous, 26 Jan 2021Hahaha I remember you always saying higher refresh rate consumes more battery, always justifyi... moreIt does. 
 
Check S20, OP8 Pro and 5ii.   
All tested at 60 and 120.  
120 had worse results. 
 
Also, check Phone Arena.  
They also test 60 and 120.  
120 has way worse results. 
 
It is a fact, not my imagination. 
 
All this battery wasted, just to scroll faster.  Like S20 FE tv ad ..  "" For those who like to scroll"".  "
"Anonymous, 26 Jan 2021Not really. 

S20 Ultra was tested at 60Hz all the time. 
21 Ultra was always switching.  ... moreYou were claiming that LTPO technology and the adoptive refresh rate failed to make a difference in battery life when Note 20 Ultra review came out (which was factually inaccurate), and now S21 Ultra is showing significantly improved power efficiency, you want to tell people that the test method GSMArena used is flawed? Isn't that a bit too convenient, don't you think..
 
The battery life test was conducted exactly in the way it's supposed to be, though it would've been nicer if they ALSO did it at 60Hz locked."
"""""Pros 
The best OLED screen, 1000+nits, 1440p, 120Hz, HDR10+, S-Pen.""""
 
Even better than the best until today: Oppo Find X2 Pro ?"
"gonna buy new xiaomi mi 11 pro or get mi 10 pro when price drops . Xiaomi is best buy right now everywhere, their phones sells like cakes ."
I will buy this or the oppo find x3 pro. Let's hope February release rather than March. Sooner better and faster  making the choice between the two. 
" 
Both Exynos 2100 and SD 888 turn into the second SD810 disaster. Long live the new king: SD870 
:D "
"Lol awkward design? This is the best design Samsung ever made. 
How can you even say that the iPhone has a better design lmao it’s been the same for 5 years now"
"Anonymous, 26 Jan 2021Not really. 

S20 Ultra was tested at 60Hz all the time. 
21 Ultra was always switching.  ... moreIs that not the reason to test the way the phone is meant to be used. 
Why not short out the battery on all phones to see which one starts on fire first? 
Your comment is ridiculous. Obviously it's using the Adaptive Refresh Rate and whatever else was programmed for battery endurance during normal usage."
"Lyndino, 26 Jan 2021Sorry to burst your bubble but Pixel's are not flagship quality.
Maybe high class midrange.Little does he realize that his pixel might come with mid range chip again this year to save costs. Despite that, they'll sell it for high price. "
"Jeff, 26 Jan 2021Perhaps, but most people don't play on their mobile, they use their ps\xbox\pc.
Mobile g... moreXbox, PS, Nintendo emulators already available on Android in your pocket... "
"Mr. Anonymous, 26 Jan 2021As far as the looks go, I think it's the best looking S series phone!Yes it is the best lookin Galaxy phone. 
Screams premium from all angles "
"Anonymous, 26 Jan 2021Not really. 

S20 Ultra was tested at 60Hz all the time. 
21 Ultra was always switching.  ... moreHahaha I remember you always saying higher refresh rate consumes more battery, always justifying Sony's terrible battery life by pointing out Samsung endurance ratings. 
Looks like now you have nothing to complain, now you accuse Gsmarena of misleading people? "
"AT, 25 Jan 2021Main camera focal length on GSMarena is incorrect. It should be 24mm. In the Samsung Galaxy Un... moreAttaboy putting that Samsung hater in his place. "
"Anonymous, 25 Jan 2021So, main camera is 26mm and periscope is 240mm.
But Samsung advertises as 10x. Again fooling ... moreJust look at Gsmarena photo comparison tool.... IPhone is the worst. 
Tons of noise in low light that too at lower iso levels. "
"Lyndino, 26 Jan 2021Sorry to burst your bubble but Pixel's are not flagship quality.
Maybe high class midrange.what is High class Midrange? Google is an advertisement agency, how can Ad agency have high class phones?? "
"i0S...Never...Again, 26 Jan 2021They should have implemented faster 50W charging with a dual cell solution.
25W is too ancien... moreI think you already booked one?"
"Jeff, 26 Jan 2021Perhaps, but most people don't play on their mobile, they use their ps\xbox\pc.
Mobile g... moreOther than the fact mobile phones are highly portable, I have to agree. Though sustained performance is not just for gaming, but intensive apps/activities such as video recording. Have heard multiple S20 Exynos users having stutters during 8K recording and the phone got hot, but thankfully the S21 has improved a lot."
"George, 26 Jan 2021Congrats for the ones that will still buy this phone no matter what. For me since i won't... moreSorry to burst your bubble but Pixel's are not flagship quality. 
Maybe high class midrange."
"Jk19, 25 Jan 2021Echo that, and not the fastest charging support. Not even near. Mi giving 125W charger, that&#... moreThey know there's no need for those charging speeds."
"MrDong, 26 Jan 2021Yes it is, but sustained performance turns out to be lackluster compared to the SD variant tho... morePerhaps, but most people don't play on their mobile, they use their ps\xbox\pc. 
Mobile gaming is... flaccid."
Why would they care? They didn't put in chargers in the box or even a choice if you want to. 
"P C M, 26 Jan 2021So, Exynos 2100 is super efficient.
114 hour at 1440p+120Hz is just great.They should have implemented faster 50W charging with a dual cell solution. 
25W is too ancient for this new decade especially for a flagship phone. 
"
"Anonymous, 26 Jan 2021The main camera is equivalent to 24mm. But it's actually not really a ""10x optical z... morei there any technology that offers true 10X magnification in the Mobile size lens, or is it downright impossible? "
"Asphalt-nation, 26 Jan 2021Don't want to ruin the party but benchmarks are now 
released and the Exynos variant is ... moreNo I can't imagine. Not into cars."
"""It could have waited a year or announced it a year ahead to allow a transition period, but it's Samsung - some things are done in the heat of the moment. Like saving the planet, for example""
 
Oh come on, seriously? It's about cutting down their costs, not ""saving the planet"" 🙄"
"As far as the looks go, I think it's the best looking S series phone!"
""", and it's a good thing you can now grab it for free."" 
 
Keep lying, you can't grab it for free, Shamesong only ""Reduced"" the price of the overpriced charger. 
Dishonest, dishonored LIAR company and you supporting it."
"So, Exynos 2100 is super efficient. 
114 hour at 1440p+120Hz is just great."
"samsung killed it with the ultra this year, they have truly delivered this year"
"I have a Note 20 Ultra Exynos 990 & while it isn't on par with the Snapdragon 865 it still gets the job done for me, as i don't game on phone's never have.
 
I never been a fan of the S Series, but with rumors knocking about there won't be a Note 21 Ultra this year and if that being the case, I shall hang on until the S22 Ultra next year, the S21 Ultra doesn't really offer enough to warrant me upgrading from the Note 20 Ultra.
"
"wow, tbh i thought everyone was gonna be raging in the comments but it seems like everyone is now chill"
I'm surprised nothing was mentioned in the article about the benchmark difference between the Ultra and the standard S21 considering the only difference should be the amount of ram?
"i0S...Never...Again, 26 Jan 2021Samsung should start giving 4k120 along with 8k. The 8k footage isn't as good as others ... moreshould 8K video even be a thing on phones, i feel like we should leave that to Cine and prof grade cameras"
"114hr Endurance with QHD@120hz. 👍👍👍 
Meanwhile, Apple 12 Pro Max with lower resolution and pedestrian 60hz topping out at 95hr.  
Samsung charging a premium and delivering premium. 
 
Let's all maintain a few minutes of silence for all those ""High refresh consumes excessive battery life"" guys that plague every comments section with the same old thing.
"
"Daddidoo, 26 Jan 2021The new exynos is battery efficient now 114h endurance rating compare to last year s20 ultra 87h 
Yes it is, but sustained performance turns out to be lackluster compared to the SD variant though better than Exynos 990. You should watch Gary Explains sustained performance video, it compared S21 Ultra SD vs. Exynos.
 
So this phone is only ideal for media consumption but I think gaming will be poor with high battery consumption."
"Looking at those two images of the Under the display fingerprint scanner, it's clear why Samsung wasn't the fastest last year. The larger surface area will read fingerprints more easily and accurately. "
"Samsung should start giving 4k120 along with 8k. The 8k footage isn't as good as others  
(Mi 10t pro with similar sensor did great 8k footage) but I am pretty sure they'll do a great job with 4k@120fps. Even last year's devices did 4k120. "
My S21 ultra 256gb gets hot very easily 
I liked the better protection system for camera lenses without excess of glazed area. 
was not 15w wireless charging speed? 
And there is not MST for samsung pay! why samsung why! :-(
"Daddidoo, 26 Jan 2021The new exynos is battery efficient now 114h endurance rating compare to last year s20 ultra 87h 
Not really. 
 
S20 Ultra was tested at 60Hz all the time.  
21 Ultra was always switching.  
 
They need to lock at 60Hz to proper test.  Because the adaptive could mislead people to think endurance is better or worse according to how phone decided to act. "
"The new exynos is battery efficient now 114h endurance rating compare to last year s20 ultra 87h 
"
I really dig the warmer tone of the S21 Ultra. 
"Asphalt-nation, 26 Jan 2021Don't want to ruin the party but benchmarks are now 
released and the Exynos variant is ... moreyes, exactly, but nobody wants to know that they have bought an overcharge phone. its the allure of owning an expensive phones that gets them going, just like what apple have been doing for the past years"
"Anonymous, 26 Jan 2021The main camera is equivalent to 24mm. But it's actually not really a ""10x optical z... moreI need to correct my last part. The raw file wasn't from the OnePlus 8 Pro, so my statement is not valid. Though it was correct that the Xiaomi 10 Ultra had noticeably less blue color noise in the shadows than the S20 Ultra despite only 1/13s exposure time instead of 1/4s."
"actually I DO miss all those features they leave out. I'd rather prefer microsd over a big internal sotrage. If the phone locks out or breaks you can pull the memory card and take with you your data before bringing it to the customer service. They keep on leaving features... no microsd, no irda, no audio jack, no removable battery, now no charger (!). And devices still cost an eye"
"Alex, 26 Jan 2021And even Arena points that ""almost as if the camera was not stabilized"". Samsung see... moreTo make photo brighter.  
A very weird fetish ppl have today. 
 
They want very dark places to be bright as if you had lighting around, like photographers bring sometimes. "
"And even Arena points that ""almost as if the camera was not stabilized"". Samsung seems to be utilizing the worst (""cheapest"") OIS hardware out there. I noticed that difference between my S10 and S9: for the same light conditions S10 gives larger ISO/exposure."
"Anonymous, 25 Jan 2021So, main camera is 26mm and periscope is 240mm.
But Samsung advertises as 10x. Again fooling ... moreThe main camera is equivalent to 24mm. But it's actually not really a ""10x optical zoom"" setting, because 10x optical zoom means that the focal length is 10x as high. Only then the physical magnification is 10 times as large as the magnification of the main camera. But the focal length of the periscope camera is 30.6mm whereas the main camera has 6.7mm. So the magnification is actually only 4.6 times as large. That's the reason why it needs to use a smaller sensor than the main camera. A true optical zoom setting decreases neither the sensor size nor the megapixel count. (Though in this case, due to diffraction, only the 3x camera would have benefited from a higher megapixel count).
 
Recently, a website has shown a raw file comparison in low light conditions with the S20 Ultra (not S21 Ultra) and has uploaded the dng files. It seems that 108 to 12 megapixel pixel binning doesn't work perfectly. Despite a noticeably longer exposure time, the 12 megapixel raw file didn't really look better than the raw file of a Xiaomi 10 Ultra, this means that the 10 Ultra should produce less noisy raw files in extremely low light conditions at the same exposure time. Also a OnePlus 8 Pro produced a noticeably less noisy dng file (than the S20 Ultra) with a similar exposure time. The worst raw file was from Huawei, who doesn't offer pixel binning raw files."
"Alex, 26 Jan 2021So the Preview turned out to be true: image quality is terrible. Main cam pulls it out somehow... moreAnd horrible low light main cam performance is just a reminder how useless those 64MP and 108MP gimmicks are. Every engineer will tell you that one big pixel captures light way more accurately than 4 small ones. But no, companies keep releasing 108MP monsters - for those users who judge phones by the specs."
"So the Preview turned out to be true: image quality is terrible. Main cam pulls it out somehow during the day (with softness on the edges), but turns ugly at night as any other camera in this phone. The only difference with other cameras is that they suk big time during the day too: details and texture are all washed out. 
Exynos 2100 seem to be the main (only?) advantage of this year's model: got some performance gain together with the lower power consumption, that's a relief for Exynos region."
"Don't want to ruin the party but benchmarks are now  
released and the Exynos variant is still ~15% slower  
than its Snapdragon sibling.
 
657k on antutu ? Last year's Mi10 Ultra (S865) was good for 640k. 
On the other hand the MI11 (S888) released alongside the S21U is good for 710k.
 
Samsung keeps releasing two version of their flagships : 
One with current year performance, one with last year performance
 
And I'm not only talking about raw numbers, but also about battery life and photos quality which proved to be inferior on Exynos S20s.
 
And regarding gaming, The Mali GPU still is vastly inferior the to Adreno.  
A whole gen behind despite having more graphics cores.
 
Can you imagine Chevrolet selling only the Camaro V6  
in Europe and charging V8 money for it like it's just the same ?
 
Jeez

"
"""Night Mode works on the long-range tele, too. It helps to improve the exposure, but other than that - you won't get a better image than the standard mode."" 
The night mode sample images do look better, apart from double images."
"Congrats for the ones that will still buy this phone no matter what. For me since i won't buy it i have to say that i don't understand how Samsung managed to use their latest tech and still not be able to offer something special or better than older phones did already in the market especially when it comes to main camera's output which is what i usually focus on.  
I also have to admit though that indeed in other reviews on youtube i noticed that the photos taken were looking better than what i saw in GSMARENA's review but still didn't get impressed anywhere so far.  
It's a pitty to see in general that newer flagships can't beat the older ones and even though i never bought an Iphone or Pixel device for me these two are the best phones and most balanced for taking photos.  
I've been using Xiaomi together with gcam for the past few years but i am tired of trying to find which gcam app is the best or which gcam developer is the best and has the latest version or which config is the best and bla bla bla. Hence my next option will be the upcoming Google Pixel flagship and end of the story. "
Too narow for the max model
"fruitcake, 25 Jan 2021Will be waiting for a Exynos review of this phone before,i decide to give it a chance,its only... moreThis review is exynos device. 
GSMArena office is in Bulgaria ( no idea which city, Phone Arena is also Bulgaria). "
"Anonymous, 25 Jan 2021So, main camera is 26mm and periscope is 240mm.
But Samsung advertises as 10x. Again fooling ... moreMain camera focal length on GSMarena is incorrect. It should be 24mm. In the Samsung Galaxy Unpacked Event, they stated right there @42m00s in the presentation. 

https://youtu.be/TD_BZN0bn_U?t=2520 
 
This is why 0.6x = 23mm, 3x = 72mm and 10x = 240mm"
"Will be waiting for a Exynos review of this phone before,i decide to give it a chance,its only January,so know Samsung trying to get buyers back,they might bring out a new version of this phone that offers the micro sd card slot,if the sales are bad,Samsung should have made these phones more affordable in Europe after what they did with the the S20 models and Rubbish Exynos chips,that they knew themselves was miles behind Snapdragon version"
"Another day, another overpriced Samsung crap with awful camera..."
"Gsmarena.com, you guys should get your phone (ultra) checked. Of all the Reviewers Online, your photos are the least impressive. The only issue most reviewers feel, that needs to be improved with software, is the level of noise in video, especially at night. Otherwise photos seem stellar in most conditions. "
"The Ultra is the most compelling one out of the S21's, and yet another review has mixed feelings about it. Samsung absolutely needs to add back MicroSD, MST, and a charger for the S22, and also stop segregating the phones and making the S21 and S21+ third class citizens using 1080p in 2021, even $400 phones with oled screens had 1440p! And this isnt about costing cutting, the S10 had all those features and cost less.
 
I am a samsung user, and will be getting an S21U but ONLY because trade in value/CB/accessories/etc make it so the transition from S20 to S21U is basically free. Otherwise I'd say the S21 and S20 base models are the worst Samsung has ever made in terms of price to features, while the S10 was a homerun."
"Anonymous, 25 Jan 2021It’s better device than S20 ultra in every way, but Samsung still made mistake by ditching 48M... moreEcho that, and not the fastest charging support. Not even near. Mi giving 125W charger, that's insane. And nore companies are putting faster chargers. Atleast try for 50-80w charger. Or maybe Sam has battery fear since note 7. "
GSM Arena nitpicking there's nothing wrong with these images they are great. And those night mode shots are superb 
"Note10PlusIsBoss, 25 Jan 2021Samsung should be ashamed of themselves ripping off customers with these useless offerings. No... moreBe sure that at this point, the project of upcoming phones are very advanced.  
When a product is announced, they are already working on the next generation. 
 
As far as I have read on twitter,  none of the expensive future Galaxies have sd slot. Also more phones (midranges) may lose charger and earphones . "
Is this review of the Exynos model or the Snapdragon model? Asking specifically out of curiosity about the battery review.
"Nice review GSMA!
 
I get the issue with standard low light shots and thankfully, it'll be improved with software updates.
 
However, on my S10, I rarely use auto mode in low light. I will always switch to night mode, as it does a great job for the photo's I like to take.
 
With that in mind, I am so excited to be receiving my S21 Ultra this week!"
"So, main camera is 26mm and periscope is 240mm. 
But Samsung advertises as 10x. Again fooling costumers. 
 
I know all phones lose performance as ISO goes high, but a 1/1.3"" has obligation to deal better with ISO1000.  Samsung and Apple have always been the weakest at high iso among expensive phones. 

"
"I am re-posting my own comment from the other thread. This is for Samsung to continue processing the photo, after it has been taken, to increase detail, dynamic range and sharpness via AI
 
""...  
Samsung should do what iPhones do with Zooming (they use a similar algorithm to Google's Super Zoom), and (Samsung should) Improve Details in the 108MP and even 12MP photos, which is, they use post processing to improve detail and sharpness even further. It's like built-in lines of the algorithms, which actually improve the resolution and detail in the final image, via AI, after the photo has been taken, thereby circumventing many of the limitations of the actual sensor, even beyond regular HDR image processing. This is the sharp contrast between the Viewfinder photo and the final taken one. That's why the final taken one, especially for zoom, in the iPhone us surprisingly good, even at 10x. 
 
SAMSUNG, YOU NEED TO DO THIS.""
"
"Anonymous, 25 Jan 2021It’s better device than S20 ultra in every way, but Samsung still made mistake by ditching 48M... moreTo enlarge the periscope from 104mm to 240mm, it is necessary to decrease sensor size.  
Otherwise, module would be way bigger. 

"
"Sadly it only comes  with the (yet again) inferior Exynos where I live. 
The exynos is still   a lower performance and battery , harsher  thermal throttling  than the Snapdragon, and what's more is still sold at an higher MSRP than the SD variant.
"
"JDK a.k.a NOT JUNIOR, 25 Jan 2021Waiting for the samsung haters to come swarm.There’s too many haters this days  
Sd card haters  
Box without phone staff 
Samsung haters  
iPhone and Samsung haters 
 
Lol."
"Note10PlusIsBoss, 25 Jan 2021Samsung should be ashamed of themselves ripping off customers with these useless offerings. No... moreHere we go sd card fanboys lol."
"walkman8, 25 Jan 2021Honestly,I'm surprised by GSMArena verdict, I expected it to be much harsher and nitpicki... moreTech sites and youtubers do not want to lose their audience.  
That is why all will forgive S21/21+ despite all those downgrades. "
"It’s better device than S20 ultra in every way, but Samsung still made mistake by ditching 48MP and ToF camera."
"I preordered the navy blue version, couldn't resist!"
"Nice phone 👍 and the review says so.
 
Just the regular S21 and S21+ are quite off."
"AnonD-973296, 25 Jan 2021Brace yourselves... THEY are comingHonestly,I'm surprised by GSMArena verdict, I expected it to be much harsher and nitpickier.  
Seems Like a fine device. "
"Samsung should be ashamed of themselves ripping off customers with these useless offerings. No MST on Samsung Pay, No sdcard support on no S21 models, No charger, No headphones, poor 1080p displays on the S21 and S21Plus, poor unboxing experience (NOSALE) I look forward to extremely poor sales on S21 models which Samsung deserves this isn't 2015 when they did the same sdcard bullshit to the Note5 and S6EdgePlus. Poor sales means they won't fuck with the Note21Ultra or Fold3 come September."
"JDK a.k.a NOT JUNIOR, 25 Jan 2021Waiting for the samsung haters to come swarm.Brace yourselves... THEY are coming"
Waiting for the samsung haters to come swarm.
