userComments
"Anonymous, 01 Jul 2021Mi 10T pro has the exact same manufacturer make and model of wide angle camera as the mi 11, y... moreprobably because of the AI processing on mi 10 isn't as good as mi 11. The camera could have the same build but if the software is different the result could also be different."
"Anonymous, 01 Jul 2021Mi 10T pro has the exact same manufacturer make and model of wide angle camera as the mi 11, y... moreHypocrisy and biasedness i guess"
"Anonymous, 01 Jul 2021Mi 10T pro has the exact same manufacturer make and model of wide angle camera as the mi 11, y... moreHardware is one thing, software is another.  Hardware will not run properly without appropriate software."
"Mi 10T pro has the exact same manufacturer make and model of wide angle camera as the mi 11, yet the review of that camera was much worse then the same one on the min11 ? Why is that ?  "
The Most Best Worth It High End Phone!
"Anonymous, 23 May 2021Battery not good. Drain off too fastThat's not true "
Battery not good. Drain off too fast
"Anonymous, 20 Apr 2021It's a trend mate. As the tws is becoming more popular, soon some consumers, including me... moreIt is, always has been a trend since Apple removed it in late 2016.
 
Eh, I'd rather not have one more thing that I need to remember to charge every night.
 
Not saying TWS is bad, it's actually really great and I depend on it a lot during many situations, but it can't replace a wired set of earphones/IEMs. 
 
Honestly, I love both. I really do. But I cannot do without wired. And if I were to buy a phone with the jack, I'd just use an adapter then.
 
Why can't both wireless and wired live together in harmony? BTW don't answer that, that's a question for the big corporations."
"NeonHD, 10 Apr 2021Sadly this is gonna be the new normal for flagship phones. In fact, it already is. I wish to b... moreIt's a trend mate. As the tws is becoming more popular, soon some consumers, including me, won't feel much with the absent of 3.5mm jack."
"Junior125, 29 Mar 2021i would buy the phone, but it doesn't have a 3.5 earphone jack 🙄Sadly this is gonna be the new normal for flagship phones. In fact, it already is. I wish to be that guy who will never buy a phone without a headphone jack, but eventually I too will have to surrender. "
"Junior125, 29 Mar 2021i would buy the phone, but it doesn't have a 3.5 earphone jack 🙄It comes with a 3.5mm adapter tho. And free wireless airbuds in many regions!"
"Junior125, 29 Mar 2021i would buy the phone, but it doesn't have a 3.5 earphone jack 🙄But it has an adapter. Also, I once was just like you but realized that I only used it very few times, and an adapter would be good too."
"i would buy the phone, but it doesn't have a 3.5 earphone jack 🙄"
If the output resolution of the mi 11 can't be changed in the settings then how do you downscale photos to 7mp? 
"React 2 Gadgets YT, 01 Mar 2021What makes it an great UI you ask me? Plenty of reasons, like :

1. Animations and transitio... morehorrible battery backup and worst performance. call volume is super low...as there is no direct speaker to your ear...u need to listen by keeping the phone in a vertical position. horrible design. xiaomi u suk."
"Does the glass camera cover also victus
"
"Mi 11 have issue, the heat problem..so hot if the processor not stopped work about 1 hour..the temprature can got about 50° can higher.."
"Anonymous, 21 Feb 2021So it has worse battery life than a lot of phones with same size (or smaller batteries) and ye... moreDoes those phone have 2k+120Hz and Snapdragon 888? 
Yep. Don't think so."
"Vladan, 04 Mar 2021Compared to Huawei,they are all laughable.
Only thing saving them from being eaten alive by H... moreNot exactly bro they are out currently so they are not even in the race"
"Compared to Huawei,they are all laughable. 
Only thing saving them from being eaten alive by Huawei phones are US fake stories and monopolistic bans. 
Cant wait for Harmony OS to come to Europe😎"
"React 2 Gadgets YT, 01 Mar 2021What makes it an great UI you ask me? Plenty of reasons, like :

1. Animations and transitio... moreIf there was a like button on here, I would have pressed it. "
"Anonymous, 01 Mar 2021I would think that those first 2 issues are what makes it not  a 'Great UI'.
If it&... moreIt is just isn't 90% perfect like the OxygenOS. Oxygen OS 10% is because of the lack of any animations and transitions (which is sometimes what people wanted and they don't care). And also the Nord N10 and N100 destroys the OxygenOS, it doesn't feel smooth (given the low end Snapdragons), only 1 year of updates which is dissapointing considering it launches at the year of Android 11 and it ships with Android 10 in the box which means you will be stuck with Android 10 "
"Anonymous, 01 Mar 2021I would think that those first 2 issues are what makes it not  a 'Great UI'.
If it&... moreWhat makes it an great UI you ask me? Plenty of reasons, like :
 
1. Animations and transitions in every tap, swipe, scroll gesture you make. It is very good in 90/120hz displays. You simply just notice it the difference between 90 and 60hz. Whereas stock android and oxygenos doesn't have those animations, so high refresh rates doesn't look as good as MIUI.
 
2. Plenty of customization, you can change icons, super wallpapers, themes, lock, charging/fingerprint animation
 
3. Just like the first point, every actiom you do will have an haptic feedback, yes even cheap phones from Xiaomi do. So even if the feedback isn't as good, it is still better than not getting an feedback. In Xiaomi Flagships, the feedback for every action you do even outclasses Apple's Taptic engine and Ios.
 
4. Promised Updates for at least 3 generations of MIUI (not android) no matter what phones you choose, cheap or super cheap. I mean, even Redmi Note 7 , which ships with Android 9, gets Android 11 and 3 versions of MIUI, sure you will not get Android 12, but you will later get MIUI 12.5 which is better than Oneplus giving only 1 years of updates. Even though the update is a bit slow, but still better than not getting updates. Even Realme, Oneplus, Oppo, Vivo, Huawei, Samsung entry level phones only gets one year updates.
 
4. Plenty of featues, like scollshot, screen recorder, DC dimming, vibration customization, clear speaker, and even fun ones, like an app exploding in your home screen when you delete it. 
 
5. Extreme levels of details just like Point 1 and 3. There's just so much attention to details. But at cheaper phones, this skin may be a bit too heavy for them. While on high end xiaomi phones, the UI is so awesome and also without ads (which i don't mind). The scanner app i also found it to be able to be deactivated, but i just let it on so it can continue to scan my apps from unknown sources or play store.
 
I am not an Xiaomi fanboy, i just like what i think are the best parts. And the positives of MIUI overshadows the negatives of it. Not like Huawei's EMUI and Vivo's Funtouch OS"
"React 2 Gadgets YT, 28 Feb 2021MUUI is in my opinion, the second best operating system behind OxygenOS. It could be the first... moreI would think that those first 2 issues are what makes it not  a 'Great UI'. 
If it's not even good how can it be great?"
"Anonymous, 28 Feb 2021Specs and real-world performance are not the same. Despite what Chinese-financed sites shill, ... moreThird class quality iOS can't even get their White balance right. "
"Anonymous, 28 Feb 2021Specs and real-world performance are not the same. Despite what Chinese-financed sites shill, ... moreAre you calling Gsmarena a Chinese-financed $Hill site? "
"Anonymous, 28 Feb 2021Specs and real-world performance are not the same. Despite what Chinese-financed sites shill, ... moreWho are you Anonymous?"
"Android-Authority, 28 Feb 2021Did you read the camera section in the Gsmarena review of the Mi 11?
I highly recommend readi... moreSpecs and real-world performance are not the same. Despite what Chinese-financed sites shill, Apple and Google do a much better and more balanced computational photography, with generally better end results.  You may get excited by pumped up crazy colors and overprocessing, but many of us don't. 
 
The processing on the Mi 11 looks to be better than previous Xiaomi phones, however, so that's a good thing."
"android user, 27 Feb 2021One big problem of mi 11 is the old 2019 gen main cam sensor hmx, 108mp 4in1 binning which is ... moreDid you read the camera section in the Gsmarena review of the Mi 11? 
I highly recommend reading it before you come to conclusions about the HMX sensor. 
This isn't a small outdated sensor like you find on Pixel or iPhone. 
A large 1/1.33"" sensor should be good enough for the next 5 years. With gcam, it becomes even better at night. "
"android user, 27 Feb 2021One big problem of mi 11 is the old 2019 gen main cam sensor hmx, 108mp 4in1 binning which is ... moreBut at least better than IMX 363 on the latest Iphone Non Max and Pixels device as well as Samsung non ultra 12 MP sensor"
"Android-Authority, 28 Feb 2021I don't understand why these big companies can't put adequate cooling. I can underst... moreMUUI is in my opinion, the second best operating system behind OxygenOS. It could be the first, but it has very huge issues :
 
1. Camera issues when the photo is processing, then you go out of the camera app, the photo wouldn't process at all. Instead, you will be left with an 720p image that is blurry. Don't know if it is an bug or what
 
2. App scanner is so annoying. Ever experienced that when you download an app, then you leave the play store to do some thing else, then suddenly the scanner app appears and disturbs your activity. It is **** annoying. Especially if you download 10+ apps at the same time.
 
3. Ads in cheaper phones ( i don't care, the first 2 issues are huge drawbacks to the great MIUI) "
"React 2 Gadgets YT, 28 Feb 2021Yeah. When jerryrig teardown the Iphone 12 Pro Max, there isn't any form of liquid coolin... moreI don't understand why these big companies can't put adequate cooling. I can understand Samsung not caring about thermals on budget phones, but what's the excuse for flagships?  
Looks like they did not learn from last year's Exynos blunder. The gpu was the Culprit. Same is the case this year. 
Meanwhile, Companies likes Xiaomi actually listening to consumers. Their image processing has vastly improved, miui 12.5 has the least system bloat and is way more resource efficient compared to previous versions. "
"Android-Authority, 20 Feb 2021The game isn't poorly optimized. ROG 3, Mi 10 ultra, Huawei Mate 40 Pro, all are running ... moreYeah. When jerryrig teardown the Iphone 12 Pro Max, there isn't any form of liquid cooling or vapor chamber. Samsung has it, but it is small. While chinese phones typically Xiaomi and Huawei, as well as gaming phones all have large surface area of vapor chamber"
"React 2 Gadgets YT, 24 Feb 2021Omg, Midrange SOC? It is between the Snapdragon 855+ and 865 and you call it Midrange? Better ... morePixel 5 with Snapdragon 765 is indeed mid range. 
It's performance is lower than Snapdragon 855. "
"One big problem of mi 11 is the old 2019 gen main cam sensor hmx, 108mp 4in1 binning which is even inferior when compared to last year Mi 10 ultra 48MP OV. With this hmx sensor no way mi 11 can compete with flagship camera of 2021, its price will soon be discounted heavily."
"It looks like Xiami has toned down the terrible overprocessing it does on the 10 series.
 
I hope that the software changes get pushed down to the 10, which uses almost the same hardware."
"Obviously the mi 11 only for moderate users, not for gamers. I hope xiaomi will send an update software to overcome overheat issue caused by sd 888 performance. "
"Anonymous, 25 Feb 2021Gary gimmick has been exposed. His test doesn't matter. In real world it can't handl... moreYour statement is a hoax."
"MrDong, 25 Feb 2021Lol I did not even reference Geekbench in the first place.

That chip throttles less than 5%... moreGary gimmick has been exposed. His test doesn't matter. In real world it can't handle temperature beyond 5 min and consequently throttles badly reducing performance to level of Snapdragon 855 devices. "
"Anonymous, 25 Feb 2021A14 GeekBench scam is exposed.
The chip throttles badly and is losing in speed tests as well.... moreLol I did not even reference Geekbench in the first place.
 
That chip throttles less than 5% in Gary Explains Speed Test G overall, testing both CPU and GPU aspect (try to watch the iPhone 12 stress test). Huge improvement over A13 throttling 15% in iPhone 11 Pro Max.
 
If an iPhone starts to win in any particular aspect then t**lls will start to bash the iPhone. 🤦‍♂️
 
And your comment looks like it has been recycled many times 👏"
"MrDong, 23 Feb 2021There are some comparisons in YT. I am dubious about the Antutu score of the iQoo 7 (there is ... moreA14 GeekBench scam is exposed. 
The chip throttles badly and is losing in speed tests as well.  
Not to forget the total battery hog that is 5g. So much for the 5g marketing. 
 
Brand boys too busy defending it by saying, apps aren't optimized for A14 yet. 
On one end, they say, apps and games are better optimized for iOS. 
When the test doesn't go their way, they say it isn't optimized for A14 chip.
"
I wish they tested how effective the OIS in taking photos with the main camera.
"Anonymous, 21 Feb 2021WTF, pixel 5 is a midrange not a flagship just like the note 20
Both of them has midrange soc... moreOmg, Midrange SOC? It is between the Snapdragon 855+ and 865 and you call it Midrange? Better call it an underwhelming Flagship chipset"
"Anonymous, 23 Feb 2021Sorry that you think this phone is not ugly because it is quite ugly. That camera layout is hi... moreUltra pro max ugliness..."
"MrDong, 23 Feb 2021There are some comparisons in YT. I am dubious about the Antutu score of the iQoo 7 (there is ... moreBenchmark cheating and (insert chinese brand)? Impossible. Those cheap phone makers are the most honest I have ever seen."
"Eggie86, 23 Feb 2021Wonder if there will be a comparison with the iQoo 7 which also has the SD888 chip and that 15... moreThere are some comparisons in YT. I am dubious about the Antutu score of the iQoo 7 (there is a possibility of benchmark cheating), but the iQoo does have better thermals and/or cleaner/optimised OS so it looks like the iQoo performs slightly better than the Mi 11."
Wonder if there will be a comparison with the iQoo 7 which also has the SD888 chip and that 15 min charging 
"Lazer Boy, 23 Feb 2021Bro you can say this phone has heat problem but please don't call her ugly, because you k... moreSorry that you think this phone is not ugly because it is quite ugly. That camera layout is hideous, the front with the thick top / bottom bezels accompanied by the weird thickness of the corners. This phone is definitely ugly. 
Maybe it's a pretty color, that no one will see once they put a case on this fugly thing."
"Technoprat, 23 Feb 2021This phone is ugly as f*ck!

Xiaomi cuts costs somewhere or other, this time they axed desig... moreBro you can say this phone has heat problem but please don't call her ugly, because you know she's not ugly.. thank you"
"This phone is ugly as f*ck!
 
Xiaomi cuts costs somewhere or other, this time they axed design team."
"lazyperson, 23 Feb 2021Just like all other Mi phones, this doesn't support video out through usb-c. Even the muc... moreIf only it were 4 years of software updates!! How cool it would have been"
"Anonymous, 23 Feb 2021I use split screen all the time.Well that feature doesn't bother me. Smartphone screens are not big enough for me to do multitasking."
"Just like all other Mi phones, this doesn't support video out through usb-c. Even the much cheaper Lg G8 has such an option along with desktop mode. So you lose a great deal of productivity and still pay close to 800 Euros. Plus Mi cripples its phones with poor software bugs. 
At this point even the Galaxy S21 makes much more sense, with 4 years of guaranteed updates, DeX mode with video-out, much better bug-free software. 
Any how I don't have money to buy either."
"Sandeep Kumar Mishra, 23 Feb 2021Please don't buy it. Camera is worst.Really???"
"Man, every time I see the pic of that Mi11 I want to vomit. Such an ugly camera island."
"MrDong, 23 Feb 2021Do you even use split screen multitasking yourself?

Heck, since I owned a BlackBerry Q10 an... moreI use split screen all the time."
Please don't buy it. Camera is worst.
"Former iOS user , 23 Feb 2021Pip is a joke. IOS doesn't have true split screen multitasking.
No wonder people choose ... moreDo you even use split screen multitasking yourself?
 
Heck, since I owned a BlackBerry Q10 and Samsung Note 3 up to the S20 FE almost never I have bothered with that feature. It’s a gimmick because it’s very different from a PC. Apple knows what’s best for their users."
"MrDong, 22 Feb 2021You have PiP not multitasking.Pip is a joke. IOS doesn't have true split screen multitasking. 
No wonder people choose Android. "
"TECH--BEAST, 21 Feb 2021Yea will stick with 865 ... still powerful..👍yup.. agree"
"Compared to Realme 7 Pro photos taken with its 64mp camera the Mi 11 performs terribly  especially at low light.  
Can't believe how far behind Xiaomi is when it comes to image processing. And the worst thing is that they never actually release updates to improve the camera's performance in the future. Never believe such thing.  
They probably take it for granted that we all start looking for a good gcam after buying a Xiaomi phone which of course is unfair and if that's the case then i don't need to buy the latest Xiaomi flagship as any phone with decent specs would do better than this."
"Anonymous, 21 Feb 2021WTF, pixel 5 is a midrange not a flagship just like the note 20
Both of them has midrange soc... morenote 20 is using 865. get your facts right"
"Anonymous, 22 Feb 2021Lower delta means higher colour accuracy.  And you do not know this?  LOL .... 

Review of 5... moreThat's not what you said. I quote 
""1ii = delta 0.7 "" 
And 0.7 is not equal to 0.8."
"AnonD-973296, 22 Feb 2021not everyone needs either of those

ur strangeYou have option to use it or not. 
Problem is not having choice.
 
USB to 3.5 is never same. "
"Anonymous, 22 Feb 20213.5mm removed to sell worthless FWS phones or corded craps.
MicroSD removed to sell 100 euro ... morenot everyone needs either of those
 
ur strange"
"Anonymous, 22 Feb 2021Most people don't care about delta values of 1 or 2.
You have been caught lying about yo... moreLower delta means higher colour accuracy.  And you do not know this?  LOL .... 
 
Review of 5ii gsmarena 
 
"" Creator mode, when it recognizes sRGB content, is capable of rendering it super accurately - we measured an average dE2000 of 0.8"". "
"3.5mm removed to sell worthless FWS phones or corded craps. 
MicroSD removed to sell 100 euro more for extra stomache... 
Charger removed to sell 50 euro for false charger.
 
And still, people speaks good about xiaomi... 
People enjoying to be cheated.
 
People strange...  °-°
"
"Anonymous, 21 Feb 2021Lol, who told you its the best display ???!
This is just a biased opinion without proofs
Som... moreThe Mi 11 also supports DC Dimming (increases PWM at lower brightness) to reduce eyestrain."
"Alien Frm OuterSpace, 22 Feb 2021How do I get split screen multitasking on iOS? You have PiP not multitasking."
"Anonymous, 21 Feb 2021WTF, pixel 5 is a midrange not a flagship just like the note 20
Both of them has midrange soc... moreYou probably never tried a pixel, and if you're speaking about ""the older sensor"" it really means you're into smartphones by a just a few days. 
You still have many things to learn if you speak like that."
"MrDong, 21 Feb 2021As usual, many people tend to buy a phone that is cheaper while offering better specs. Sure, t... moreHow do I get split screen multitasking on iOS? "
"Anonymous, 21 Feb 2021Cant even reach delta 1.0. 
There are 4 other phones with better value. Most people don't care about delta values of 1 or 2. 
You have been caught lying about your favorite xperia phone delta values, so nobody believes anything coming out of your mouth. "
"TECH--BEAST, 21 Feb 2021Xiaomi ignored this and kept selling it.. 😹 what's funny ..some ppl will still buy it .....As usual, many people tend to buy a phone that is cheaper while offering better specs. Sure, the Mi 11 has great display, cameras but the UI is underwhelming. TechTablets (a reliable reviewer) already reported that the UI has bugs here and there. I have also seen an Android forum of an owner with an imported Mi 10 Pro becoming unresponsive at the lock screen.
 
Unfortunately fanboys will dismiss this, call others lying, bash Samsung and Apple. There are some points MrWhoseTheBoss is correct about in his Xiaomi video."
"Android-Authority, 21 Feb 2021Sure!! Stunning looks, great battery life, 
Display is the best one out there. No complaints ... moreLol, who told you its the best display ???! 
This is just a biased opinion without proofs 
Some fanboys will say its from samsung so it's the best, while this is no necessarly true  
These years all flagship phones has about the same 1500nits 120hz quad hd+ amoled display with less than 0 color accuracy, while xiaomi has a better 1.07billion colors vs 16millions 
So why you say the s21 ultra is better if you didn't try it and compare it, and then you saw a very clear difference that you cannot ignore"
"Anonymous, 21 Feb 2021Many youtubers earn devices from the OEMs.  And other stuff. 
This is why many of them drool ... moreWTF, pixel 5 is a midrange not a flagship just like the note 20 
Both of them has midrange soc and midrange build quality and materials,, the pixel 5 has 3 years old sensors(cameras) 
It is nowhere near a flagship, and stock android is so boring  
So the hardware is midrange (while the cameras are 3years old sensors with a bit better processing than the 2018 pixel 3)  
and the software is boring 
The note 20 is also the same, midrange soc, plastic build (even respectable midrange have glass back) so maybe an entry level build quality ???! 
And ONEUI has plenty of ads in its system apps"
the best phone ever .but i need that 512gb version
"goto, 21 Feb 2021Bad battery life only 80 on endurance and only slightly faster than 865 no jack, oled is very ... moreYea will stick with 865 ... still powerful..👍"
"Anonymous, 21 Feb 2021So it has worse battery life than a lot of phones with same size (or smaller batteries) and ye... moreXiaomi ignored this and kept selling it.. 😹 what's funny ..some ppl will still buy it ....."
"Anonymous, 21 Feb 2021Many youtubers earn devices from the OEMs.  And other stuff. 
This is why many of them drool ... moreSo... which country are you from? :D"
"Android-Authority, 21 Feb 2021Sure!! Stunning looks, great battery life, 
Display is the best one out there. No complaints ... moreCant even reach delta 1.0.  
There are 4 other phones with better value. "
"Bad battery life only 80 on endurance and only slightly faster than 865 no jack, oled is very bright probably burn in effects if people isn't aware same goes to fast battery replacement with that charger. Wait for next snapdragon feels more than two steps backwards on development"
"So it has worse battery life than a lot of phones with same size (or smaller batteries) and yet GSMArena calls it ""dependable""?
 
I don't care about super fast charging, 20 or 30 watts is plenty, what I care more about it LONG battery, because before this pandemic I was on the go all the time, and it's been ages ago I had to carry a powerbank because of poor battery life.
 
I bet if this was not a Xiaomi review they would call out the battery life being ""bad"" or ""poor"" instead."
"Android-Authority, 21 Feb 2021Sure!! Stunning looks, great battery life, 
Display is the best one out there. No complaints ... moreWhat about the performance? You sold your S21 Ultra Exynos because of giving poor framerates in games didn’t you?"
"Anonymous, 21 Feb 2021Anything you liked about the Galaxy S21 Ultra? Sure!! Stunning looks, great battery life,  
Display is the best one out there. No complaints there... "
"need better cooling and heat sink for this hot sd888 phone. 
The heat is real shown by some techreviewer.
 
SD865 phones are the most ideal ever."
"Android-Authority, 20 Feb 2021The game isn't poorly optimized. ROG 3, Mi 10 ultra, Huawei Mate 40 Pro, all are running ... moreAnything you liked about the Galaxy S21 Ultra? "
"Anonymous, 21 Feb 2021How about you show your identity with proof of purchase of the several different smartphones y... moreYes sure I will show you. How can I contact you then? You’re asking and I will be more than happy to prove it."
"Lame excuse = this game is not optimized for this CPU  
This does not exist.  
 
This is not first time. You can test all previous Galaxy S phones.  
S20, s10, s9 , s8 and s7.  
All them are gonna run heavy games at few low framerates compared to phones with same cpu. 
 
Too much trash running in background is gonna harm the performance. 
"
"TECH--BEAST, 20 Feb 2021Those results from snapdragon 865 dude..Dude, point is the fact as you increase resolution, power used by screen is gonna rise. 
 
Nobody should expect Mi11 to have similar results seen from mi10.  
Mi10 has 2,5MP screen while mi11 has 4,6MP.  
That's 84% more pixels to push and using energy. 
 
It is not about the CPU or optimization.  
Samsung 20 FE using same poor exynos 990 scores about 20h more than 20/20+. 

"
"MrDong, 20 Feb 2021And you also haven’t answered my question. Why are you expecting a phone that is capable of ru... moreMany youtubers earn devices from the OEMs.  And other stuff.  
This is why many of them drool all over some phones and bash those brands that do not give them devices. 
 
They are ignoring all downgrades performed by Samsung on s21/21+.  
Ignore all those issues every generation of Pixel has.  
Minimizing all stupid trends Apple starts and other (samsung and chineses) follow blindly. 
 
When someone says Pixel 5 is the best device of 2020,  you can only think of stop watching and reading reviews.  Because it cant be serious. 
 
There is a famous tech reviewer that says on one of his videos from 2020, two major brands do not send review units to him because they know he is gonna point the negative points same way he points the positive ones.  Those companies do not like this... 
 
There is this italian guy on twitter.  
He rarely posts stuff, but when he does, his tweets are accurate.  He was right about Samsung not using name S11 last year.  
Few weeks ago he said Huawei P50 in May.  Gsmarena yesterday posted about the delay.  
He says Samsung PR told youtubers to not talk about plastic back and lack of sd slot and  accessories. 





"
"YBahadir, 19 Feb 2021Except for the Antutu test, there is no test that the SD888, Kirin 9100 and Exynos 2100 even a... more I know Antutu is not cross platform. But then, same is the case with GeekBench. 
They claim to be cross-platform, but it doesn't hold up in the real world. 
Apple cheats in benchmarks too. Only difference is that their source code isn't available to the public.
 
Antutu exposed A14, as it was dropping scores upon repeated benchmarks, Android phones weren't. Here, I am not comparing scores of Android vs iPhone in Antutu. Here I am comparing their scores on first run with its own score after multiple subsequent runs, where Apple throttles by a big margin over Snapdragon 865/870/888."
"Anonymous, 21 Feb 20219-9.5hr on Mi 11??? Nope on my OP8 pro. "
"i0S.-.Never.-.Again, 20 Feb 2021Yes.... I used to get 8-8.5hr SOT with QHD@120hz.
Now I run it at 1080p@120Hz and it gives me... more9-9.5hr on Mi 11??? "
"Android-Authority, 20 Feb 2021
You can't digest the fact that Galaxy S21 Ultra and iPhone 12 pro Max can't get ab... moreThe guy is a troll. Ignore this loser. Always hating on some other device. "
"MrDong, 20 Feb 2021And you also haven’t answered my question. Why are you expecting a phone that is capable of ru... moreHow about you show your identity with proof of purchase of the several different smartphones you claim to own. "
"Android-Authority, 20 Feb 2021
You can't digest the fact that Galaxy S21 Ultra and iPhone 12 pro Max can't get ab... moreIgnore this guy. Most of us ignore his posts. Always full of hate for anything other than Apple. "
so disappointing Xiaomi... i ll skip this one
"Anonymous, 20 Feb 2021resolution of screen is biggest factor.
look how 5ii even at 120Hz mode lasts more than 1ii.... moreThose results from snapdragon 865 dude.."
"Android-Authority, 20 Feb 2021
You can't digest the fact that Galaxy S21 Ultra and iPhone 12 pro Max can't get ab... moreAnd you also haven’t answered my question. Why are you expecting a phone that is capable of running that game with the highest frames if you’re not a frequent gamer yourself?
 
The common buyers know that Samsung and Apple phones are not designed for gaming, but that doesn’t mean there should be a huge performance gap between better performing phones using an identical or same level chipset, unless we’re talking about dedicated gaming phones.
 
Golden Reviewer videos are already debunked as a fraud, at least by Gary Explains from Android Authority. That guy is not running the phones in ideal conditions no matter if he bought the phones with his money, even MrWhoseTheBoss which is not exactly reliable purchases almost all phones but OnePlus with his revenue. Only his SPECint videos can be trusted.
 
You do make a GsmA account just to bash Apple in every post. What’s better is that if you drop your Facebook or some social media account name (real account) and start talking instead in GsmA. Don’t keep making excuses."
"Anonymous, 20 Feb 2021resolution of screen is biggest factor.
look how 5ii even at 120Hz mode lasts more than 1ii.... moreYes.... I used to get 8-8.5hr SOT with QHD@120hz. 
Now I run it at 1080p@120Hz and it gives me 9-9.5hr SOT. 
That 4k panel on Xperia 1 II is a battery hog. "
"Anonymous, 20 Feb 2021resolution of screen is biggest factor.
look how 5ii even at 120Hz mode lasts more than 1ii.... moreI agree resolution of screen matters the most followed by HRR and other factors. "
"Android-Authority, 19 Feb 2021Sony panel is extremely dim compared to the MI 11.
This makes a huge difference in battery. resolution of screen is biggest factor. 
look how 5ii even at 120Hz mode lasts more than 1ii.
 
Look the difference between mi 10 and mi11 tests. 
S20 FE with exynos 990 scores 110h (120Hz) and 118h(60Hz). 
"
"MrDong, 20 Feb 2021Clearly you don't know how the game's optimisation changed, hence I can now verify t... more 
You can't digest the fact that Galaxy S21 Ultra and iPhone 12 pro Max can't get above 45fps average while other phones can. This is why you keep running around in circles asking the same question again and again. My answer isn't gonna change.  
 
""Instead of just making statements up better support your claims. You're just trolling here as usual.""
 
Maybe read my previous post again thoroughly, I have already answered your question. 
I don't need some guy who can't even make a real account tell me what to do with money.  
Should have listened to those anonymous guys exposing you as a tr^ll. Don't bother replying to me unless you make a real account.

"
"Android-Authority, 20 Feb 2021The game isn't poorly optimized. ROG 3, Mi 10 ultra, Huawei Mate 40 Pro, all are running ... moreClearly you don't know how the game's optimisation changed, hence I can now verify that you are just putting up some Youtube tech statements and only trying to give bad impression Samsung and Apple as per your other comments in other posts.
 
I have played the game since the second week of launch. At version 1.0, there were not much issues with the game. My Samsung used to run at high (not highest) settings 30 frames without frame drops, at least for half an hour gameplay. There were not many bugs to start with. Same applies for my iPhone 11 where it can run at the highest, 30 despite getting very warm (because it lacks cooling). The iPhone 12 clearly had OS issues initially and hence the throttling, where many games would just stutter here and there.
 
Only then after 1.2 (Dragonspine map update) I have noticed that the game does not run normally as usual in any of my phones. Don't blame the lack of cooling, because I visited the Genshin forums in Facebook and also noticed many players having the same issue. It used to be that players with lower end chipset/phones (ex. Redmi Note 8 w/ SD 665) were able to play the game, nowadays it will just glitch and get very hot when their device specs meets the requirements. This is not fixed in 1.3.
 
I don't get the reason why you bought a Samsung S21 Ultra if you are only planning to play that single game, if you are not even a frequent gamer. Yes I am aware of the video recording issues. Don't think the SD version of the S21 Ultra is going to perform a lot better aside from cameras, just try it.
 
Instead of just making statements up better support your claims. You're just trolling here as usual."
"MrDong, 20 Feb 2021Actually if you watch some teardown videos Samsung does indeed put some cooling in all of thei... moreThe game isn't poorly optimized. ROG 3, Mi 10 ultra, Huawei Mate 40 Pro, all are running fine and giving 55fps and above. 
Samsung Exynos and Apple A14 clearly throttling because of lack of adequate cooling. 
COD and Pub G aren't that demanding as Genshin Impact. 
 
""Also no point of selling a S21 Ultra only because of that single game. You can’t be serious at all. Then what phone did you switch to?"" 
 
If Snapdragon 865 can perform better than Exynos 2100 because of Exynos gpu throttling, then I don't feel worth spending on a Exynos model. I'll happily wait for some Snapdragon 888 device. I also mentioned how video recording was terrible for whatever reasons and photo quality inferior in many cases to my wife's mi 10 ultra. Add to that slow battery charging times, I just didn't feel justified in giving €1250 to Samsung for that, consequently returned the phone.  
I am still currently on my previous Samsung Galaxy flagship. After the good reviews of MI 11,  I am waiting for Mi 11 pro or the MI 11 Ultra. 
 
""Still not answering my question which adventure rank are you and the characters you own so at least I can verify the validity of your statement."" 
 
I already told you that I am not much of a gamer, let alone playing Genshin Impact regularly. I just fired up the game on the new device since it is the most demanding title on playstore. Was excited to see how Exynos 2100 handles the most demanding game on playstore. Was dissapointed. If I am buying a flagship, I expect a flagship. People like you can be okay with compromises which is why you love the iPhone so much, I don't need to make those compromises son. "
"YUKI93, 20 Feb 2021I don't really think panel brightness matters a lot. The Samsung S21 Ultra's screen ... moreThat's coz it has variable refresh rate and can go as low as 10hz to save battery.
"
"So where are the faux leather, and 12gb ram versions.?
 
Are the global phones even getting this. 🤔"
"Android-Authority, 19 Feb 2021Sony panel is extremely dim compared to the MI 11.
This makes a huge difference in battery. I don't really think panel brightness matters a lot. The Samsung S21 Ultra's screen panel is way brighter than this Xiaomi, and yet it can sip the battery juice very well."
So battery life on 5g will be almost useless for 2021 specs..
Amazing build quality and premium looks. 
"So in summary: 
-One of the highest grade 120Hz OLED display with amazing colour calibration 
-Middling battery life despite large battery capacity 
-A very capable SoC but GPU overheats quickly 
-Good looking, functional UI 
-Good daylight & great low light cameras with mature processing, but not very versatile 
-8K video shows compression artifacts and low light mode in video recording is a let down because it's locked at 1080p, otherwise great video recording capability"
"MrDong, 20 Feb 2021Actually if you watch some teardown videos Samsung does indeed put some cooling in all of thei... moreRead his post again, he already said in the very first line that he ain't much of a gamer. "
"Android-Authority, 19 Feb 2021I tested the phone myself. I don't play games much. Decided to run Genshin Impact since i... moreActually if you watch some teardown videos Samsung does indeed put some cooling in all of their flagships. It’s due to poor optimisation of the game that causes the Samsung to have issues. I am a member of some Genshin groups, just check players complaining despite having a high end device. Almost all phones but those from Xiaomi (even a phone like Realme X50 Pro has issues and not all Mi phones) has issues. Then why is mine having a screen glitch? It’s obvious that the developers do not support the graphics.
 
I have decided to test the phone in other demanding games, or older titles but at highest settings. PUBG and COD Mobile will run at highest settings locked at 60 frames without any heat build up. Bright Memory Mobile does not have issues as well. Shadowgun Legends, which is very demanding, also runs well most of the time. Only few frame dips but mostly smooth overall.
 
If a game does not run well on a phone you cannot say that game is demanding. Think of Cyberpunk 2077. That game has good visuals and is requires high specs. Unfortunately this game is buggy here and there including graphics. This is why many people do not benchmark PC with this game and use something else more highly optimised, ex. Shadow of the Tomb Raider (very popular).
 
I also checked Gary Explains video about the A14 throttling test and the A14 almost doesn’t throttle whereas last iPhone 11 Pro Max with A13 throttles 15%. Last 2 years I have complained about the Speed Test G being biased but some people in GsmA insisted to me. Now that the iPhone leads they now blame the benchmark. Silly, as soon as an iPhone leads in anything they call it a biased test. 😀 I have checked other videos in that channel and most of them are very reliable.
 
Also no point of selling a S21 Ultra only because of that single game. You can’t be serious at all. Then what phone did you switch to? Still not answering my question which adventure rank are you and the characters you own so at least I can verify the validity of your statement."
Hey Xiaomi shut up & release the Mi Mix Alpha. 😡😡😡😡
"MrDong, 18 Feb 2021Sounds like you watch Golden Reviewer Youtube videos and literally takes anything he finds to ... moreI tested the phone myself. I don't play games much. Decided to run Genshin Impact since it is one of the most demanding titles. Exynos 2100 being a flagship chip should run it fine. Got 30-35fps at certain stages of the game and was dissapointed. Ran the same game on my wife's mi 10 ultra, it was getting 55fps and above average. Next gen chip shouldn't be struggling compared to the Snapdragon 865. Then looked up online and found that Snapdragon 888 has much better performance. Exynos scr€wed up again. The video recording was also terrible for whatever reasons. I have used Samsung flagships in the past exclusively, Samsung used to be the best at video recording. For whatever reasons, they couldn't optimize it on their own homegrown chip this year. I expected more from a phone that cost me €1250. Returned it and now I am waiting to buy something with the Snapdragon 888.
 
""My phone is using Snapdragon 865 and not Exynos 990.""
 
Read my post again, I said Galaxy S20 FE 5g. The 5g is exclusive to Snapdragon version.  
The reason why your Galaxy S20 FE with Snapdragon 865 gave low fps is because Samsung doesn't put any cooling on it. The chip is capable to give solid 60fps. They have to pair it with proper cooling. Same for the A14, it drops to 45fps average because of lack of cooling. If Apple implemented proper cooling, it would have maintained 60fps,but it doesn't in real life. 
 
Who cares about Gary Sims or some benchmark? The phone is behind in fps. 
I gave the example of wildfire benchmark to demonstrate how these benchmarks mean nothing and despite IPhone beating every other chip in benchmarks, it is struggling to go beyond 45fps because of thermal throttling. Why is there thermal throttling you ask? Because they cheapened out on the cooling. Wow what a premium brand!!!
 
""I remembered the statement that you hyped the S21 Ultra so much just because it was rumoured to score 800k in Antutu"" 
 
Well I was hyped up for the Exynos 2100 chip. It should have scored 800k as Snapdragon 888 is already scoring 740k. Unfortunately, Samsung dissapointed again this year. 
"
"TECH--BEAST, 19 Feb 2021They didn't care bout it.... they just wanted to be the first.. guess what happened...an ... moreLols"
"YUKI93, 19 Feb 2021I forgot to talk about the battery life in my earlier comment. You could say that the Mi 11 di... moreSony panel is extremely dim compared to the MI 11. 
This makes a huge difference in battery. "
"TECH--BEAST, 19 Feb 2021They didn't care bout it.... they just wanted to be the first.. guess what happened...an ... more😂😂😂"
😂😂😂
"TECH--BEAST, 19 Feb 2021Lack of optimizations is the reason cuz this chip should reduce power consumption not increase... moreThey didn't care bout it.... they just wanted to be the first.. guess what happened...an egg cooking device .."
"YUKI93, 19 Feb 2021I forgot to talk about the battery life in my earlier comment. You could say that the Mi 11 di... moreLack of optimizations is the reason cuz this chip should reduce power consumption not increase it and thats the weird thing also they didn't make it ""adaptive display"" so it's getting worse.."
"I forgot to talk about the battery life in my earlier comment. You could say that the Mi 11 didn't score a good endurance battery life rating mainly because of a much higher 1440p display, and I might agree with that. I could have compared it to the Samsung Galaxy S21 Ultra 5G, but it has a bigger 5,000mAh battery so that is a bit unfair. 
 
But you know what I found it really ironic? The Sony Xperia 1 ii, with a much smaller 4,000mAh battery and a full-on 4K screen with a static 60Hz screen refresh rate, managed to score just about the same endurance battery life as the Mi 11 also in 60Hz screen refresh rate mode. It does make me wonder if there is a battery optimization issue going on either from the chipset or from the MIUI or from both of them. For a phone with a QHD+ display and a large battery not going way further than a phone with a 4K display and a small battery, there is definitely a problem going on here. "
"Starkfrost, 19 Feb 2021My Samsung Note 10+ says that Xiaomi Mi11`s camera setup is pure rubbish. Totally agree.Correction note 10+"
"Starkfrost, 19 Feb 2021My Samsung Note 10+ says that Xiaomi Mi11`s camera setup is pure rubbish. Totally agree.Lies, it's not even near. Mi11 is competing with s20 ultra in camera specs and you are bringing s10+. What a load of bull"
"I was looking forward to the mi11 but then I took a punt on the X50 pro as the Valentine's sales event knocked £210 off the price and I have to say so far I'm very impressed with it, especially considering I got it for roughly half the price I would have paid for the Mi11."
"Anonymous, 19 Feb 2021So bad battery life.. my redmi 9 got 140 hours endurance this not even 90 ???It's actually as expected. It has a high-power SoC pushing 1440p resolution everytime, why would you even expect otherwise?
 
It's like saying that your 1L engine gasoline car consume far lesser fuel than the 4L engine gasoline car. Well, obviously. "
"ErceylanS, 19 Feb 2021Same... I loved S8 but switched because of bad battery. After a long time switched back to S20... moreif battery life is your main concern never ever buy flagships (or to be exact phones with flagship chips, like said s20fe). these chips eat through ur battery in return for opening apps 0.1s faster and holding 2 more apps in memory
 
Id say low end phones are great for battery but if you still need performance mid rangers are the best compromise "
"In specification table battery score should be 81h (120Hz) not 89h (60Hz). In Galaxy S20 FE 5G and Galaxy s21 specification you posted endurance data for 120Hz (s20 fe) and adaptive (s21, in review you didn't even check endurance for 60Hz). 
So it's ""a bit"" not transparent and quite in favor for Mi 11 and SD888. 
It doesn't look good for impartiality of GSM Arena (putting higher number in comparision charts, because, be honest, 81 hours is tragically low). 
And seriously - 81h (Mi 11) compared to 110h (s20 fe 5G with SD865) and 93h (s21 exynos 2100)?!?! 
Something is really wrong here for SD888 and Mi11..."
"ErceylanS, 19 Feb 2021Same... I loved S8 but switched because of bad battery. After a long time switched back to S20... moreBatterycM capacity very law.it should be at least 7000 mah bayyery"
"yalim, 19 Feb 2021it is not a traditional way to do it but, looking at the result picture, it really can do loss... moreThat doesn't mean that mi11's main sensor can't do equally or even better! I'm sick of the marketing promoting the s21/+ dedicated zoom which clearly isn't a real optical zoom. "
"i0S.-.Never.-.Again, 18 Feb 2021IPhone can only score high points in benchmarks like GeekBench or Wildfire. 
It's the go... moreExcept for the Antutu test, there is no test that the SD888, Kirin 9100 and Exynos 2100 even approach the A14.
 
Anututu made a statement on his site saying that the results obtained on different operating systems are not comparable. "
"GSMArena, S20 S21 S20+ and S21+ do not have a telephoto camera!!! If you want to be a reputable media, then stop repeating the marketing nonsense from Scamsung! 64mp 1.1 standard focal range is not a zoom camera, it is digital zoom lie! In fact in theory, Xiaomi's larger 108mp sensor should produce better digital zoom shots than the smaller 64mp from Shamesung, both are OIS enabled. "
"Anonymous, 19 Feb 2021your redmi 9 is an entry level device. only entry levels will get extremely high rating of end... moreWhy not compare Mi 11 to Mi 10T Pro then....or is it still an entry level device?"
"very poor battery performance, no sd card, no 3.5 audio jack nooooo from me, next..."
"Anonymous, 19 Feb 2021your redmi 9 is an entry level device. only entry levels will get extremely high rating of end... moreTry to learn the right word. It's lower and weaker, not worse. Also, try to understand the difference between the 2."
"Those battery score and heating issues are a complete No-Go for me. 
Better luck next time, for now, I think Mi 10t Pro 256 GB model is a better option. "
"Anonymous, 19 Feb 2021The guy is a patent trrrrrrolllll on this site.
Always bashing Samsung and Exynos yet never g... moreIf you notice carefully, there is one company MrDong (previously he commented under MrHong) won't criticise: BBK group like Oppo, Vivo, Realme and Oneplus. Seems likely that he is paid troll with connection to BBK to smear all other brands."
"Anonymous, 19 Feb 2021EgyptYou are not that person."
"Anonymous, 19 Feb 2021So bad battery life.. my redmi 9 got 140 hours endurance this not even 90 ???your redmi 9 is an entry level device. only entry levels will get extremely high rating of endurance due to extremely low processing chipsets and worse screens. dont compare the battery to the mi 11 as it has worse performance and screen than the mi 11."
So bad battery life.. my redmi 9 got 140 hours endurance this not even 90 ???
"Same... I loved S8 but switched because of bad battery. After a long time switched back to S20 FE thinking that they must hv improved their battery and also its 4500mah so must be better but then again it hardly last half a day :|.... Not to forget the worst unpacking experience ever, I only received a subpar 15 watt charger in the box even though the phone supports 25 watts. And apart from the phone and charger there is nothing in the box....  
I loved Samsung but ive experienced that there are smartphones in much lesser price giving us more value."
My Samsung Note 10+ says that Xiaomi Mi11`s camera setup is pure rubbish. Totally agree.
"I requested , Sand full  starting video 
"
"Android-Authority, 18 Feb 2021Both Galaxy S20 FE 5g and Galaxy S21 have no cooling inside like other manufacturers offer.
I... moreThe guy is a patent trrrrrrolllll on this site. 
Always bashing Samsung and Exynos yet never gave up his s10 and instead bought a new S20 fe.  
Bashes note 20 for cheap plastic back yet buys S20 fe with plastic back.  
Claimed to own Realme X2 pro, praised them for few months and now on a bashing spree.  
Claims to own iPhone 11 as well and defends Apple mercilessly.  
Now is on a Xiaomi bashing spree for their ads.  
The guy has been banned several times, which is why he keeps changing names from Lillllphhone, MrDddding, MrDonngg, Mr Hongkong, etc. "
"MrDong, 18 Feb 2021Sounds like you watch Golden Reviewer Youtube videos and literally takes anything he finds to ... moreEveryone knows you never used anything beyond a 50 dollar phone. 
Quit it with your lies about owning Galaxy S20 FE and iPhone."
"wongwatt, 18 Feb 2021S21 and + have the same pathetic 1.1x optical zoom and 3 X hybrid that the S20 range had - it&... moreit is not a traditional way to do it but, looking at the result picture, it really can do lossless 3x with zoom lens. it can beat iphone's 2.5x optical zoom quality,too. actually, it is better compared to optical 3x lenses. 64MP lens can do lossless zooms from  1.1x up to 3x. which means you don't get a cropped picture from main lens in 1.5-2.5x zoom ranges like the case in fixed focus optical ones."
"Android-Authority, 18 Feb 2021Top of the line panels are going beyond 1000 nits. 
Sony is surely cutting corners by giving ... moreI don't know about the anonymous guy, but I'm definitely not a Samsung hater and even I am disappointed with Samsung now. 
 
Their S21 Ultra ships with such abysmal battery life that just gets worse with the updates. 
 
Also, what's with this Silicon lottery? The experience with the phone varies so much from user to user. Couldn't Samsung have done a better QC check for a $1600 phone? "
"Anonymous, 18 Feb 2021650 nits is dim?  LOL ... 
I wonder how people could use phones few years ago, almost all the... moreNo matter how you spin it, the fact remains that it's still comparatively dimmer than OLED displays on other modern high end smartphones. Since you seem to hate having higher display brightness on your phone, I dare you not to praise Sony in case they bring a brighter panel this year with Xperia 1 III.
 
As for the colour accuracy figure of deltaE 0.7 - I don't know where you pulled that from but GSMArena, xda and Notebookcheck report that it's 2.0, 2.5 and 2.86 respectively. The Creator Mode also seems to sacrifice contrast for (probably) better outdoor visibility, so it's definitely not flawless like you make it out to be."
"Anonymous, 18 Feb 2021Where did you get the deltaE value of 0.7 from? Gsmarena measures at best 2.0.

By the way, ... moreEgypt"
I must say... i useca samsung m51. All i can say. Nothing left to be desired. Forget those expensive phones. Mostvof you will never notice the difference. M51 i csntvthinkbof a better phone. 
"Android-Authority, 18 Feb 2021Both Galaxy S20 FE 5g and Galaxy S21 have no cooling inside like other manufacturers offer.
I... moreSounds like you watch Golden Reviewer Youtube videos and literally takes anything he finds to your statement. I don’t get people returning a phone just because it doesn’t run well in that game.
 
My phone is using Snapdragon 865 and not Exynos 990. Benchmarks do not necessarily translate to gaming performance. I also checked Gary Explains A14 throtttling and this contradicts your statement. A14 almost doesn’t throttle but still gets very warm due to the lack of cooling and small size (regular iPhone 12).
 
You should inform me what adventure rank you are in the game and the characters you own, otherwise I will dismiss your statement as false news. I remembered the statement that you hyped the S21 Ultra so much just because it was rumoured to score 800k in Antutu."
"Anonymous, 18 Feb 2021650 nits is dim?  LOL ... 
I wonder how people could use phones few years ago, almost all the... moreWhere did you get the deltaE value of 0.7 from? Gsmarena measures at best 2.0.
 
By the way, which country are you from? You are still able to buy Sony phones there?"
"Anonymous, 18 Feb 2021650 nits is dim?  LOL ... 
I wonder how people could use phones few years ago, almost all the... moreTop of the line panels are going beyond 1000 nits.  
Sony is surely cutting corners by giving such a dim panel on their flagship.
 
""Any $1 bowl made in China has better plastic than S21""
 
Then go and buy a phone from that China Bowl company. 
You seriously need help man, your hatred for Samsung and Chinese brands is out of control. 
Never seen you say good things about them, which confirms your status on this site as a hater. 
"
A sad day for the never settle crowd? Using a 12gb ram OnePlus 8 and glad I didn't get a Xiaomi. You seen how fast their value drops? They're not bad phones but it certainly isn't a sad day..not just yet 
"Anonymous, 18 Feb 2021Keep you Sony-Jabroni to yourself. People aren't paying 1200€ for dim 4k panel.
They wil... more650 nits is dim?  LOL ...  
I wonder how people could use phones few years ago, almost all them could not even reach 600. 
 
Wish samsung users knew how oled works. Would spare me from explaining. 
 
1ii = delta 0.7  
S21 Ultra = cant even reach 1.0 
 
Any $1 bowl made in China has better plastic than S21. 

"
"Anonymous, 18 Feb 2021Samsung using plastic to make it lighter? LMAO .... 

S20 =  163g 
S21 = 169g (sub 6), 171g... moreKeep you Sony-Jabroni to yourself. People aren't paying 1200€ for dim 4k panel. 
They will happily pay 1250€ for S21 Ultra with the best screen on the market. "
"Anonymous, 18 Feb 2021ROG 3 With last year's Snapdragon 865+ giving stable 58fps and above. ROG 3 is the best. Nothing beats it in gaming. Apple with single core score of 1600 loses to ROG 3 with single core score of 970"
"wongwatt, 18 Feb 2021My OnePlus 8 Pro did the same in Maps - I returned it.Who uses Waze. Most people use Google maps "
"Anonymous, 18 Feb 2021Samsung using plastic to make it lighter? LMAO .... 

S20 =  163g 
S21 = 169g (sub 6), 171g... moreYou guys want wireless charging, multiple cameras, big battery, all the components that increase weight, then add glass on top of it? When they do put glass on back like Galaxy S21 Ultra, then you complain how heavy the phone is. Just Pick your poison. "
"AnonD-765630, 18 Feb 2021My Mi 10 Pro overheated several times using Waze for navigation in the official Mi Wireless ca... moreMy OnePlus 8 Pro did the same in Maps - I returned it."
"Anonymous, 18 Feb 2021Samsung using plastic to make it lighter? LMAO .... 

S20 =  163g 
S21 = 169g (sub 6), 171g... morePeople still trust Samsung over third class Sony which has been wiped out of the market. 
They are the ones selling third class Sony Xperia 10 II at 385 Euros. 
Galaxy A series much better than that garbage. "
"Nick Tegrataker, 18 Feb 2021Nope, most likely Xiaomi couldn't have done anything about it. SD888 really isn't up... moreThere's no point in die shrinking if you use it to increase power, if companies would stop chasing the extra 5-10% speed and concentrate on efficiency instead each die generation would give us cooler devices and lighter battery use. 
Unfortunately it's the ""faster...bigger...more"" mentality that prevails in industry and among consumers and that leads us to here. There's only so much you can do to reduce the temperature in what is a sealed, passively cooled device that spends most of its operation time held in a warm hand. 
It's like the Intel GHz war all over again..."
"Anonymous, 18 Feb 2021Just stop it with your BS. Plastic is used to keep the phone light. 
Most people buying the p... moreSamsung using plastic to make it lighter? LMAO .... 
 
S20 =  163g  
S21 = 169g (sub 6), 171g (mmWave) 
 
Plastic here is nothing but attempt to increase profits per unit.  
Samsung just saw S20 FE sold more than expected, besides the downgrades compared to S20 (FHD screen, ddr4x ram, plastic back). 
 
Now they are doing again.  Removing sd card and headphone jack. No accessories in the box they sell for more than $35 (the 25W charger) and pack it inside a huge box, huge enough you can have an ipad pro inside. 
 
Look at A series few years ago.   
Gorilla 5 on both sides, IP68 and even OIS.  
Now plastic back and gorilla 3 on $450 phones like A51. "
"Anonymous, 18 Feb 2021This phone seriously throttles in games like Genshin Impact.

So review saying it doesn'... moreYes it does, it is getting 40-45fps average while Snapdragon version gets around 55fps. 
The Exynos gpu throttling issue that was present on last year's chip still hasn't been fixed. "
"MrDong, 18 Feb 2021I don’t get with people using that single game to benchmark their phones. I doubt if you have ... moreBoth Galaxy S20 FE 5g and Galaxy S21 have no cooling inside like other manufacturers offer. 
I used Galaxy S21 with Exynos 2100 and it was giving 30-35fps at certain stages of the game. Returned it. 
 
The game is more optimized for smartphones over consoles or PC. If it was that badly optimized, Snapdragon 865 phones wouldn't be getting above 50fps consistently, ROG 3 like this anonymous guy mentioned gets 58fps with last year's chip(because Asus didn't cheapen out on cooling like Apple) 
 
The A14 scores some 7k points in Wildfire and gets 46fps while Snapdragon 888 scores around 5.5k in that same benchmark and gets 33 fps. 
But these are benchmarks scores. In the real world, A14 gets 60fps only in first five minutes, after that it throttles down to 45fps with latest iOS. The Snapdragon 888 scores 55fps and above average frame rate. The iOS 14.4 update didn't do jack sh*t. No software updates or optimization will fix lack of cooling. "
"Shiny Dave, 18 Feb 2021It feels like all the flagship chips just overheat to little benefit this year. The 700-series... moreHave to agree, everything from the 855 onwards seems to suffer from (often random) overheating no matter what the device. 
I remember recording video on my Huawei P30 Pro in Uganda (temperatures around 100 degrees...) for hours without it even getting warm - say what you will about Huawei but their Kirin chips were fast and cool. 
I'm not sure how long my current Xperia 1 ii would last, I suspect less time than the Huawei..."
"Anonymous, 18 Feb 2021Because the results would be equal or worse than s20 series. 

No, just lazy. "
"Anonymous, 18 Feb 2021Cheap low quality plastic like iphone 5c, moto E series and LG K series. 
There are brands wi... morePlastic is also more durable. That glass will break easily no matter what label you give or Victus and what not. With a broken glass... Say goodbye to IP68 rating. 
 
Plastic might get a few scratches but that's about it. It doesn't break. "
"Anonymous, 18 Feb 2021Cheap low quality plastic like iphone 5c, moto E series and LG K series. 
There are brands wi... moreJust stop it with your BS. Plastic is used to keep the phone light.  
Most people buying the phone are going to put it in a case or use a skin on top of it to emulate the material they want... Carbon Fibre, wood, marble, etc. "
"Anonymous, 18 Feb 2021Everyone knows you are using 50$ smartphone, why lie about using a S20 FE 5g??
Every Snapdrag... moreROG 3 With last year's Snapdragon 865+ giving stable 58fps and above. "
"Anonymous, 18 Feb 2021Why don't you go inside Samsung store and hold it in your hand. Cheap low quality plastic like iphone 5c, moto E series and LG K series.  
There are brands with sub $350 phones with glass. 
 
Samsung is wrong here. Do not defend them. 


"
""" We expected a lot from then Night Mode Video, yet we were disappointed. Those are shot in 1080p, digitally zoomed and you can see the toll that zoom took, and there is nothing really special about these. They are maybe a bit brighter than the regular ones, but not the spectacle Xiaomi made us believe we'd get."" 
 
And our pal Mr Knows nothing but believes to know all , got mad because I said the quality was pretty subpar and unusable. All this because he do not accept critics against chinese phones. Same critics he would support if made against Apple, Samsung, Sony, LG etc .. 

"
"MrDong, 18 Feb 2021I don’t get with people using that single game to benchmark their phones. I doubt if you have ... moreEveryone knows you are using 50$ smartphone, why lie about using a S20 FE 5g?? 
Every Snapdragon 865 from Note 20 ultra to ROG 3 giving above 50fps. 
A14 is nothing but thermal throttling champ. "
"Anonymous, 18 Feb 2021Matte finish does not make it stronger.
Zero difference between this and plastic of A series. Why don't you go inside Samsung store and hold it in your hand. "
"Im not sure if my phone gets sressed when im playing games, browsing, watching youtube and.... you know it."
"This phone seriously throttles in games like Genshin Impact.
 
So review saying it doesn't affect games, well it does."
"i0S.-.Never.-.Again, 18 Feb 2021IPhone can only score high points in benchmarks like GeekBench or Wildfire. 
It's the go... moreyou have no idea what are you talking about "
"Betablocker, 18 Feb 2021Good ol‘ Antutu? Seriously?! You know who says that you can’t compare the Android and the iPho... moreRead my post again... I never compared Antutu score of iPhone to any other Android phone. I just said how the iPhone score drops by upto 30% after repeated benchmarks clearly indicating massive thermal throttling.  
Android phones with Snapdragon 888 don't drop the scores by such a huge value. "
"TECH--BEAST, 18 Feb 2021 s21 ultra has adaptive display and will change it based on the content it shows.You can't set it manually.."
"Wes, 18 Feb 2021They did both a 120hzand 60hz test for the battery of the Mi 11, but couldn't do it for t... more s21 ultra has adaptive display and will change it based on the content it shows."
"Anonymous, 18 Feb 2021wow first xiami phone with so low battery rating, not even 100 hours ? why is it so low ??QHD screen. "
Seems like they probably should have went 90Hz w/ FHD+ as the middle ground solution in terms of batt life but also it looks like SD888 has a problematic radio behaviour for standby? 81hrs doesn't look like a good score for a 4600mAh battery phone to compare to say e.g the Nord yes I know that packs a weaker 765G SoC but a good 20hrs diff on that?
"wow first xiami phone with so low battery rating, not even 100 hours ? why is it so low ??"
"Wes, 18 Feb 2021They did both a 120hzand 60hz test for the battery of the Mi 11, but couldn't do it for t... moreBecause the results would be equal or worse than s20 series. 

"
"YUKI93, 18 Feb 2021The pixel-binned 27MP photo is actually not too bad. It looks like as if there is not too much... moreThere is no binned mode on QB sensors.  
They are physically this way already.  
They do not move and get together. 
 
The full resolution is artificial.  Reason you do not get extra details. 



"
"My Mi 10 Pro overheated several times using Waze for navigation in the official Mi Wireless car charger so I had to stop using it for navigation.
"
"YUKI93, 18 Feb 2021That sounds like a good idea. After all, we see a number of phones with an ultrawide camera th... moreI dont get it. Telephoto used for Portraits in most of the flagship phone already, for a long time now."
"The pixel-binned 27MP photo is actually not too bad. It looks like as if there is not too much oversharpening effect going on unlike the Apple iPhone 12 Pro Max. It does look better than the manually-downscaled 27MP photo. What really amazed me is the difference between Auto Night Mode and Manual Night Mode. The manual NM shows much better dynamic range than Auto NM.
 
I definitely would love to see a camera comparison between this Xiaomi and the Samsung Galaxy S21 Ultra 5G."
"They did both a 120hzand 60hz test for the battery of the Mi 11, but couldn't do it for the S21 Ultra, why?
 
Also very battery life on the Mi 11 is very poor. Enough reason not to buy it. "
"i0S.-.Never.-.Again, 18 Feb 2021IPhone can only score high points in benchmarks like GeekBench or Wildfire. 
It's the go... moreGood ol‘ Antutu? Seriously?! You know who says that you can’t compare the Android and the iPhone Version? Antutu! "
"PaulM, 18 Feb 2021Cameras aren't good enough, it is about time manufacturers gave up on niche close-up and ... moreThat sounds like a good idea. After all, we see a number of phones with an ultrawide camera that can also be doubled as a macro camera. So a telephoto camera that doubles up as a portrait camera isn't a bad thing. "
In every review Mi 11 crashes 3DMark stress test for temperature issue.
"Android-Authority, 18 Feb 2021Polycarbonate is easier and cheaper to replace. Plenty of skins are also available.
So does glass ... It pretty cheap ... Except for the iphone."
"People complaining about battery endurance.  
Except OP8 Pro, the other QHD phones put up similar results.  
Between 78-90h. 
 
Do not forget this new screen has 82,3% more pixels compared to mi10. 


"
"Another Flagship by xiaomi, another FAILURE.. 
As a Xiaomi fan, i'd never understood why they always fail in Flagship Area while they are sorta Superior in Mid-Rangers... 
I'll wait for Pro/Ultra edition or even future Redmi K series"
"PaulM, 18 Feb 2021Cameras aren't good enough, it is about time manufacturers gave up on niche close-up and ... moreIsn't that what the S21 did?"
tl;dr: just buy Mi 10T
"Android-Authority, 18 Feb 2021I know it's plastic but people over here can't differentiate between high end matte ... moreMatte finish does not make it stronger. 
Zero difference between this and plastic of A series. "
I would pick the 870 it's better choice for me cuz i'm power user .till they fix the problem of this chip...otherwise we dun need to die from a phone explosion...
"yalim, 18 Feb 2021s21/s21+ has a more capable camera with dedicated zoom and best in the market portraits.batter... moreS21 and + have the same pathetic 1.1x optical zoom and 3 X hybrid that the S20 range had - it's not a dedicated zoom at all..."
"Nick Tegrataker, 18 Feb 2021Nope, most likely Xiaomi couldn't have done anything about it. SD888 really isn't up... moreYup those are facts we all know. What we don't know is the reason... 
Technically, 5 nm means lower power consumption and heat emission, right?
 
Then why are all they heating up so bad so as to give an error message in 12-15 seconds of a high end graphics test? 
What is happening & why?"
"A company not officially repairing my Redmi 2 Prime, is citing environmental concerns to remove (rare-) fast chargers from flagships...
 
Amazing."
"i0S.-.Never.-.Again, 18 Feb 2021IPhone can only score high points in benchmarks like GeekBench or Wildfire. 
It's the go... moreWatch TechTablets Antutu stress test for iPhone 12 Pro Max. Doesn’t seem to struggle much as well. Tests are done in controlled conditions. Still gets hot to the touch anyway because of lack of cooling."
"Android-Authority, 18 Feb 2021Even on iOS 14.4, it thermal throttles in heavy games like Genshin Impact after 5-10 minutes a... moreI don’t get with people using that single game to benchmark their phones. I doubt if you have played that game yourself.
 
I have a Samsung S20 FE 5G running on Snapdragon 865 and has some thermal solution and as I said before the framerates are horrible even at medium 30 frames settings. I also have graphical glitches which luckily I managed to get a screenshot (can show you). My iPhone 11 runs a lot smoother, but gets as warm. The optimisation of the game is very poor overall.
 
I think Gary Explains is right. Actually I suggest you to watch Gary Explains A14 throttling. iPhone 12 on Speed Test G benchmark barely throttles, if any, compared to the iPhone 11 Pro Max with 15% throttling under same conditions.
 
Cooling is important on a phone but this is not a gaming PC with lots of vapor chambers and heat pipes. Phones have many limitations when it comes to gaming."
"Android-Authority, 18 Feb 2021Even on iOS 14.4, it thermal throttles in heavy games like Genshin Impact after 5-10 minutes a... moreIPhone can only score high points in benchmarks like GeekBench or Wildfire.  
It's the good'ol Antutu test that exposes the A14 chip, where it loses 25%-30% performance over the repeated benchmarks. 
Exynos 2100 seems to be in a similar category. "
"Cameras aren't good enough, it is about time manufacturers gave up on niche close-up and portrait lenses just to get a 'four' camera count. A telephoto doubling up for close-up and portrait is a far better solution."
"MrDong, 18 Feb 2021A14 no longer has a thermal issue after iOS 14.3. And check TechTablets iPhone 12 Pro Max stre... moreEven on iOS 14.4, it thermal throttles in heavy games like Genshin Impact after 5-10 minutes and gives an average of 45fps. That's what you get, when a company cheapens out in the cooling department on a flagship phone.  
Snapdragon 888 and Kirin 9000 can easily churn out 55fps and above for over an hour. "
"Zzz, 18 Feb 2021Polycarbonate is still ""scratched at level 2 with deeper grooves at level 3""Polycarbonate is easier and cheaper to replace. Plenty of skins are also available.
"
Its getting harder and harder to excel for each new generation of mobile phone. In some points Mi 11 delivers dissapointment. This makes Mi 10 an even better purchase. 
"Nick Tegrataker, 18 Feb 2021From Wikipedia:
""Polycarbonates (PC) are a group of thermoPLASTIC polymers containing ca... moreI know it's plastic but people over here can't differentiate between high end matte finish plastic vs Cheap feeling plastic. They all have this tendency to group everything into one group. 
These guys do the same for Lcd vs AMOLED. 
They'll praise a low end AMOLED over a high end Lcd just because it is AMOLED. "
"Anonymous, 18 Feb 2021I can tell 90% of my family has samsung phones. 

My sister had S3. Even inside case, frame ... moreSo you are going to pass judgement on the S21 in hand polycarbonate back feel by comparing it to Galaxy S3??? I feel sorry that you had to go back so much into the past to dig dirt on Samsung. "
Big battery but disappointing battery life. Mi 11 needs variable refresh rate.
"TECH--BEAST, 17 Feb 2021Bcs the chip made by samsung fab ..its uselsss now.. and u know everything come form shamesung... moreWhat about displays and ram ?? "
"Android-Authority, 18 Feb 2021It's not plastic, it's polycarbonate with a matte finish. You'd be hard pressed... moreFrom Wikipedia: 
""Polycarbonates (PC) are a group of thermoPLASTIC polymers containing carbonate groups in their chemical structures"" 
You're welcome."
"Anonymous, 18 Feb 2021Xiaomi messed up the processor, not Samsung's fabbing process.Nope, most likely Xiaomi couldn't have done anything about it. SD888 really isn't up to the initial expectation people had and neither are other high end mobile SoCs built on 5nm node including Exynos 2100, A14 and Kirin 9000. Snapdragon variant of S21 Ultra is also having a similar GPU overheating issue where it throttles so hard that many SD865/865+ powered devices from last year perform just as good or even substantially better under a sustained load."
"Android-Authority, 18 Feb 2021It's not plastic, it's polycarbonate with a matte finish. You'd be hard pressed... morePolycarbonate is still ""scratched at level 2 with deeper grooves at level 3"""
"AlastairS1D, 18 Feb 2021So Between this and the S21/21+ cameras which is better?

And can you set screen res to 1080... mores21/s21+ has a more capable camera with dedicated zoom and best in the market portraits.battery life,water resistance and built quality is even better.
 
No,you can not save significant battery by using a native 2K screen in 1080p mode.It must native 1080p to see a difference."
"Expensive, USB 2.x, no tele - DOA. Overpriced midranger."
"Anonymous, 18 Feb 2021I can tell 90% of my family has samsung phones. 

My sister had S3. Even inside case, frame ... moreWhich country are you from?"
"So Between this and the S21/21+ cameras which is better?
 
And can you set screen res to 1080p to save on battery like On other devices?"
"MrDong, 17 Feb 2021Judging from the review the Mi 10 looks like a much better value and better in some aspects, u... moreXiaomi messed up the processor, not Samsung's fabbing process."
"Android-Authority, 18 Feb 2021It's not plastic, it's polycarbonate with a matte finish. You'd be hard pressed... morePolycarbonate is plastic."
"Anonymous, 18 Feb 2021What Pro and Ultra have this one does not

- 50MP camera, probably imx766 used by reno5 pro+... moredoesnt the mi 11 have IP68? also i dont see the reason for 120x zoom"
"omgggg. 
xiaomi really ruin it.
 
what and where you need phone that you must charg it every 1 hour!!!! 
why,why 120hz screen?? 
we dont need or want it but looks its must build bcoz another have it...sad. 
so after 3 yesrs battery size goes over 5kmah but bcoz screen is 144-160hz ,phone using time get shorter ..sure .its chargit fast .every 30 minutes your phone is wall connect..meaning..not use .no! 
my mi 10 ismuch better and i can use it hole day. 
so,now waiting apple 13,galaxy 22 or xiaomi 12...i think and hope its better...,example 5200mah battery. 
finaly .xiaomi!....price is too high! 
dontruibg that too!!!"
"Daddidoo, 18 Feb 2021Fyi a14 is the throttled king of all soc its throttle after 5mins of gaming. Check youtube A14 no longer has a thermal issue after iOS 14.3. And check TechTablets iPhone 12 Pro Max stress test. Clear to me that the phone does not have the issue. Still gets hot to the touch under load because of lack of transfer pipes etc. But the sustained performance is excellent. Mi 11 is also excellent but the Mi 10 Ultra still did better."
"TECH--BEAST, 17 Feb 2021Bcs the chip made by samsung fab ..its uselsss now.. and u know everything come form shamesung... moreNice Joke 😂 "
"AnonD-973296, 18 Feb 2021i dont see what the pro or even ultra would upgrade on. maybe a telephoto, but that is pretty ... moreWhat Pro and Ultra have this one does not
 
- 50MP camera, probably imx766 used by reno5 pro+  
-  5x periscope 
- 120x digital zoom  
- 2x or 3x camera 
- probably faster charging like 10 ultra
 
* rumors say Ultra has ip68 
"
"Android-Authority, 18 Feb 2021It's always the users who never held it in their hands that are complaining the most. I can tell 90% of my family has samsung phones. 
 
My sister had S3. Even inside case, frame started to peel off.  
Not even my Galaxy Pocket and Gran Prime had this issue. 
 
Should at least have used carbon fiber, if they did not want the glass for s21.  
Market is full of sub $400 with glass back. 
 
Also, not everyone like to put case on.  
Plastic gets damaged easily by keys, coins, against surfaces like wooden tables etc .. 
 
Reality is ...  S20 series sold way less than expected. Still would even without covid.  Samsung is doing cuts to reverse money loss.  
Otherwise, they would not use plastic on phones of that price.   
Same company that had gorilla 5 and IP68 for A series in 2018.  Now gorilla 3 and plastic for them. "
The portrait guy's looking like someone stole his purse
"Android-Authority, 18 Feb 2021It's not plastic, it's polycarbonate with a matte finish. You'd be hard pressed... morePlastic is cheap trash. Low graded. "
"Daddidoo, 18 Feb 2021Fyi a14 is the throttled king of all soc its throttle after 5mins of gaming. Check youtube It feels like all the flagship chips just overheat to little benefit this year. The 700-series sub-flagships feel so much easier to recommend right now - especially when paired with 1080p screens, which I definitely think is the sweet spot still (foldables will change this)."
"Anonymous, 17 Feb 2021And people still do not believe phones with QHD and 4K use way more power than Full HD. 
This... more4k, 2160p, 600ppi, watching YouTube on sony 1ii.

 
♧♤"
"i0S.-.Never.-.Again, 18 Feb 2021Waiting for the MI 11 Pro or Mi 11 Ultra i dont see what the pro or even ultra would upgrade on. maybe a telephoto, but that is pretty much it as far as i can tell"
"Android-Authority, 18 Feb 2021Nobody is forcing you to use mi browser. Most people use Chrome or some other browser anyways.... moreno i just wanted to point that out. i am sure MIUI is better in person, but i may not even use it due to no google services in MIUI 12.5, and i dont want to go through the hassle of sideloading or rooting the thing"
"MrDong, 17 Feb 2021Judging from the review the Mi 10 looks like a much better value and better in some aspects, u... moreFyi a14 is the throttled king of all soc its throttle after 5mins of gaming. Check youtube "
Waiting for the MI 11 Pro or Mi 11 Ultra 
Wow... battery only gives 89 h compared to mi 10t 118 h with high refresh rate IPS and only marginaly higher battery cap ( 4800 vs 5000 mAH). sd 888 is sure is a hungry beast. Perhaps if set with lower res of 1080 the difference would be more narrow ?
"MIUI needs some work though, and the overheating and throttling issues. My Mi 10T Pro has a lot of bugs in MIUI, whichbis dissapointjng for an $499 phone"
"Anonymous, 18 Feb 2021Polycarbonate a.k.a thermoplastic. 

Of course it is not the extremely cheap plastic Samsung... moreIt's always the users who never held it in their hands that are complaining the most. "
"Android-Authority, 18 Feb 2021It's not plastic, it's polycarbonate with a matte finish. You'd be hard pressed... morePolycarbonate a.k.a thermoplastic. 
 
Of course it is not the extremely cheap plastic Samsung used for S3/S4/S5 (worse quality plastic among all phones from that time, way worse than low end phones like Pocket or Y).  
But not much better than plastic used by M and A series. 
"
"Ejaz123, 18 Feb 2021Samsung very greedy bro.. always compromisevon quality for shitty profit. Look at that plastic... moreIt's not plastic, it's polycarbonate with a matte finish. You'd be hard pressed to find the difference between its back and the Frosted glass back on other phones. It's always the users who never held it in their hands that are complaining the most. 
"
"AnonD-973296, 17 Feb 2021i really love this phone, but i hate MIUI cartoony looks. oh and the Mi Browser logo is vague ... moreNobody is forcing you to use mi browser. Most people use Chrome or some other browser anyways. 
If you are complaining about cartoonish looks, then you probably never used an miui device.  
This isn't iOS where one can't tweak the looks of the OS much.  
Miui has a dedicated theme store which is the best on Android. Just install the theme of your choice and enjoy. "
"walkman8, 17 Feb 2021I'd tolerate the cartoony looks, but the UI itself is a mess. So many bizarre errors and ... moreDid you even read the review? The Gsmarena team had no issues with miui. 
Keep your experience of using miui from 2015 to yourself "
"Dometalican, 17 Feb 2021Shame on that battery life. I wonder how Oppo is going to fare on the Find X3 Pro on both that... moreInstead of showing results with 60hz, Gsmarena should also calculate results for 1080p+ combined with 120hz. That should yield around 95-100hrs endurance which is not bad "
"Ejaz123, 18 Feb 2021Samsung very greedy bro.. always compromisevon quality for shitty profit. Look at that plastic... moreSamsung Semicon has nothing to do with Samsung Mobile cost cuts.  
Samsung Semicon has always made Snapdragon 7xx and 6xx series, also most of the 8xx.
 
If 888 was new 810, by now OEMs would have already released firmware to downclock cpu , like done to 810. "
"Oneplus 9, S21 and S21 Plus killer is here! "
"TECH--BEAST, 17 Feb 2021Bcs the chip made by samsung fab ..its uselsss now.. and u know everything come form shamesung... moreSamsung very greedy bro.. always compromisevon quality for shitty profit. Look at that plastic back of s21"
"This is how phones should be; affordable, high performance and good looking."
Battery results are on pair with S20+ exynos. 
"Nothing New, 17 Feb 2021that battery life is just garbage along with overheating which comes from sd 888 not smartphon... moreAnd people still do not believe phones with QHD and 4K use way more power than Full HD.  
This is why phones with 1080p will always win those youtube battery drain tests. "
"walkman8, 17 Feb 2021Kinda annoying that you have to take the extra step od downsizing 27mp photos to 12-13mp to ge... morePhotos of any phone will always look better at lower resolution like 8 or 10MP.  
You get rid of most the noise this way.  
Reason why Nokia and Sony used to downsample to 5 and 8MP. 
 
Try on your phone.  
Turn your photos into 8MP.  
They will look better. 
"
"Nothing New, 17 Feb 2021that battery life is just garbage along with overheating which comes from sd 888 not smartphon... moreBcs the chip made by samsung fab ..its uselsss now.. and u know everything come form shamesung is trash "
that battery life is just garbage along with overheating which comes from sd 888 not smartphone itself and won't be fixed through software updates but aside from those problems seems like good offer it is far better buy than s21 
"Judging from the review the Mi 10 looks like a much better value and better in some aspects, unfortunately it is no longer sold officially. The only meaningful upgrades are the screen and better macro cameras.
 
Would like GsmA to perform a stress test alongside other phones. It looks like Samsung’s 5nm foundry has messed up, therefore SD888 and Exynos 2100 has a design problem. TSMC 5nm foundry, which makes the A14 and Kirin 9000 no longer has a thermal problem. And hope GsmA do not receive a golden binned S21U with overclocked chip."
"""108MP sensor is more than enough for smart/magic zoom ala Pixel 5,"" 
The Pixel 5 has no magic zoom. All people who praise Google's zoom obviously never compared the zoom in a scientific way. I have Google phones and I know what I am talking about. In perfect light conditions without shadows Google's zoom has basically no advantage over conventional digital zoom or crop of a dng file. Whenever there is an advantage over a crop, it's due to the fact that Google combines more frames when you zoom, this leads to less noise and more detail in low light conditions, but doesn't work in good light conditions, no matter what Google said. Google's machine learning zoom also invents wrong detail, so it can actually perform worse than conventional digital zoom."
This is aan absolute beast.
"AnonD-973296, 17 Feb 2021i really love this phone, but i hate MIUI cartoony looks. oh and the Mi Browser logo is vague ... moreI'd tolerate the cartoony looks, but the UI itself is a mess. So many bizarre errors and freezes on apps that work perfectly fine on other Android UIs. "
"i really love this phone, but i hate MIUI cartoony looks. oh and the Mi Browser logo is vague ripoff of the Edge logo and the Mi Remote should have been called MiMote"
"Very poor battery life! Only 11hrs of web browsing, down from 13hrs while I was expecting 15hrs+"
"Kinda annoying that you have to take the extra step od downsizing 27mp photos to 12-13mp to get those spectacular photos. Other than that, an awesome offering for that money. "
Best phone ever
Seems like a good deal for the price. Xiaomi phones have surely stepped up. 
"Shame on that battery life. I wonder how Oppo is going to fare on the Find X3 Pro on both that and temperature.
 
Xiaomi just wanted to be first despite optimizations not being good enough."
Neeeext! What a let down. Battery life and overheating is not acceptable for me
